metric	CRC_mean	CRC_sd	Healthy_mean	Healthy_sd	mannwhitney_p
retention	0.99999	1.9737e-05	0.91684	0.018842	1.5798e-11
mean_len_r1_before	139.27	3.9821	134.7	5.3893	0.00066461
q30_before	0.86803	0.046731	0.76366	0.044927	8.891e-10
q30_after	0.8686	0.046017	0.78536	0.040904	9.5332e-07
low_quality_frac	0	0	0.063986	0.020367	1.2118e-12
too_short_frac	1.0333e-05	1.9737e-05	0.019175	0.013381	1.5798e-11
adapter_trimmed_frac	0.014197	0.01819	0.021248	0.0085844	0.010757
duplication_rate	0.004594	0.0023468	0.001542	0.00070685	3.3815e-07
gc_before	0.47797	0.022616	0.47628	0.024939	0.31119
