sample_id	group	bioproject	location	reads_before	reads_after	retention	mean_len_r1_before	q30_before	q30_after	low_quality_frac	too_short_frac	adapter_trimmed_frac	duplication_rate	gc_before
SRR5898908	Healthy	PRJNA397112	Bhopal	200000	180680	0.90340	128	0.78406	0.80570	0.05722	0.03938	0.03295	0.00197	0.46296
SRR5898909	Healthy	PRJNA397112	Bhopal	200000	180638	0.90319	126	0.78756	0.80706	0.05213	0.04468	0.03210	0.00255	0.46206
SRR5898910	Healthy	PRJNA397112	Bhopal	200000	181358	0.90679	126	0.79295	0.81212	0.05020	0.04301	0.02600	0.00117	0.46866
SRR5898911	Healthy	PRJNA397112	Bhopal	200000	180264	0.90132	130	0.76584	0.79206	0.06789	0.03079	0.04153	0.00176	0.45666
SRR5898912	Healthy	PRJNA397112	Bhopal	200000	180878	0.90439	130	0.77713	0.80015	0.06199	0.03362	0.03107	0.00210	0.45701
SRR5898920	Healthy	PRJNA397112	Bhopal	200000	186006	0.93003	133	0.79564	0.81373	0.04837	0.02160	0.01827	0.00157	0.46286
SRR5898921	Healthy	PRJNA397112	Bhopal	200000	185328	0.92664	134	0.78924	0.80885	0.05439	0.01897	0.02081	0.00119	0.48897
SRR5898922	Healthy	PRJNA397112	Bhopal	200000	184386	0.92193	133	0.78370	0.80240	0.05247	0.02560	0.02159	0.00116	0.45878
SRR5898923	Healthy	PRJNA397112	Bhopal	200000	183198	0.91599	128	0.78083	0.80019	0.05092	0.03309	0.02904	0.00104	0.45946
SRR5898924	Healthy	PRJNA397112	Bhopal	200000	183486	0.91743	134	0.78670	0.80789	0.06067	0.02190	0.01968	0.00105	0.46910
SRR5898925	Healthy	PRJNA397112	Bhopal	200000	187590	0.93795	134	0.79583	0.81288	0.04580	0.01625	0.01925	0.00153	0.46494
SRR5898926	Healthy	PRJNA397112	Bhopal	200000	185232	0.92616	137	0.78745	0.80718	0.05719	0.01665	0.01416	0.00147	0.46560
SRR5898948	Healthy	PRJNA397112	Kerala	200000	182204	0.91102	140	0.69339	0.71794	0.08329	0.00569	0.02018	0.00049	0.45754
SRR5898950	Healthy	PRJNA397112	Kerala	200000	177536	0.88768	142	0.68723	0.71828	0.10662	0.00570	0.01484	0.00065	0.47739
SRR5898954	Healthy	PRJNA397112	Kerala	200000	182258	0.91129	141	0.70017	0.72491	0.08330	0.00541	0.01532	0.00130	0.43476
SRR5898966	Healthy	PRJNA397112	Kerala	200000	181248	0.90624	138	0.71200	0.73851	0.08483	0.00893	0.01615	0.00106	0.48537
SRR5898978	Healthy	PRJNA397112	Kerala	200000	189726	0.94863	132	0.82124	0.83586	0.03714	0.01423	0.01517	0.00278	0.51306
SRR5898979	Healthy	PRJNA397112	Kerala	200000	184098	0.92049	138	0.72300	0.74581	0.07016	0.00935	0.01614	0.00088	0.48995
SRR5898980	Healthy	PRJNA397112	Kerala	200000	180524	0.90262	141	0.69760	0.72512	0.09191	0.00547	0.01455	0.00081	0.51259
SRR5898981	Healthy	PRJNA397112	Kerala	200000	187522	0.93761	140	0.78733	0.80623	0.05671	0.00568	0.01323	0.00163	0.48799
SRR5898982	Healthy	PRJNA397112	Kerala	200000	187678	0.93839	138	0.80292	0.82117	0.05236	0.00925	0.01151	0.00257	0.49869
SRR5898983	Healthy	PRJNA397112	Kerala	200000	189920	0.94960	143	0.80508	0.82115	0.04704	0.00336	0.00981	0.00249	0.54433
SRR5898984	Healthy	PRJNA397112	Kerala	200000	179404	0.89702	137	0.71124	0.74116	0.09377	0.00921	0.01855	0.00098	0.48630
SRR5898985	Healthy	PRJNA397112	Kerala	200000	189724	0.94862	131	0.81428	0.82856	0.03560	0.01578	0.01908	0.00300	0.43715
SRR5898986	Healthy	PRJNA397112	Kerala	200000	184382	0.92191	137	0.72442	0.74663	0.06757	0.01052	0.01653	0.00081	0.49148
SRR5898987	Healthy	PRJNA397112	Kerala	200000	187940	0.93970	138	0.80005	0.81783	0.05121	0.00909	0.01183	0.00247	0.52712
SRR5899005	Healthy	PRJNA397112	Bhopal	200000	180184	0.90092	127	0.79004	0.81128	0.05565	0.04343	0.03202	0.00184	0.46464
SRR5899006	Healthy	PRJNA397112	Bhopal	200000	182406	0.91203	129	0.78167	0.80399	0.05576	0.03221	0.04081	0.00188	0.46660
SRR5899007	Healthy	PRJNA397112	Bhopal	200000	180776	0.90388	131	0.77708	0.79990	0.06354	0.03258	0.02966	0.00166	0.45200
SRR5899017	Healthy	PRJNA397112	Kerala	200000	174460	0.87230	145	0.65414	0.68633	0.12389	0.00381	0.01561	0.00040	0.48435
SRR8865572	CRC	PRJNA531273	Bhopal	200000	200000	1.00000	143	0.89702	0.89706	0.00000	0.00000	0.00150	0.00549	0.47076
SRR8865573	CRC	PRJNA531273	Bhopal	200000	200000	1.00000	142	0.89883	0.89887	0.00000	0.00000	0.00158	0.00530	0.48165
SRR8865574	CRC	PRJNA531273	Bhopal	200000	200000	1.00000	140	0.87571	0.87581	0.00000	0.00000	0.00409	0.00548	0.42359
SRR8865575	CRC	PRJNA531273	Bhopal	200000	199992	0.99996	143	0.89708	0.89714	0.00000	0.00004	0.00197	0.00530	0.46765
SRR8865576	CRC	PRJNA531273	Bhopal	200000	200000	1.00000	141	0.90505	0.90510	0.00000	0.00000	0.00196	0.00654	0.42556
SRR8865577	CRC	PRJNA531273	Bhopal	200000	199998	0.99999	134	0.80758	0.80917	0.00000	0.00001	0.03788	0.00171	0.49672
SRR8865578	CRC	PRJNA531273	Bhopal	200000	199996	0.99998	141	0.90095	0.90101	0.00000	0.00002	0.00200	0.00565	0.49072
SRR8865579	CRC	PRJNA531273	Bhopal	200000	199996	0.99998	143	0.89519	0.89523	0.00000	0.00002	0.00150	0.00533	0.47663
SRR8865580	CRC	PRJNA531273	Bhopal	200000	199998	0.99999	142	0.89302	0.89306	0.00000	0.00001	0.00155	0.00547	0.49808
SRR8865581	CRC	PRJNA531273	Bhopal	200000	199994	0.99997	143	0.89092	0.89096	0.00000	0.00003	0.00170	0.00478	0.47717
SRR8865582	CRC	PRJNA531273	Bhopal	200000	200000	1.00000	131	0.80672	0.80940	0.00000	0.00000	0.05575	0.00225	0.48181
SRR8865583	CRC	PRJNA531273	Bhopal	200000	200000	1.00000	133	0.80411	0.80602	0.00000	0.00000	0.04399	0.00182	0.47764
SRR8865584	CRC	PRJNA531273	Kerala	200000	200000	1.00000	138	0.80034	0.80208	0.00000	0.00000	0.04354	0.00127	0.51335
SRR8865585	CRC	PRJNA531273	Kerala	200000	200000	1.00000	134	0.82178	0.82346	0.00000	0.00000	0.03892	0.00203	0.49663
SRR8865586	CRC	PRJNA531273	Kerala	200000	200000	1.00000	131	0.93283	0.93290	0.00000	0.00000	0.00211	0.00880	0.51050
SRR8865587	CRC	PRJNA531273	Kerala	200000	200000	1.00000	136	0.93285	0.93290	0.00000	0.00000	0.00221	0.01125	0.50583
SRR8865588	CRC	PRJNA531273	Kerala	200000	200000	1.00000	142	0.88816	0.88819	0.00000	0.00000	0.00169	0.00536	0.49463
SRR8865589	CRC	PRJNA531273	Bhopal	200000	200000	1.00000	136	0.80654	0.80796	0.00000	0.00000	0.03627	0.00148	0.46974
SRR8865590	CRC	PRJNA531273	Bhopal	200000	200000	1.00000	138	0.90719	0.90723	0.00000	0.00000	0.00150	0.00569	0.46814
SRR8865591	CRC	PRJNA531273	Bhopal	200000	199998	0.99999	135	0.81515	0.81640	0.00000	0.00001	0.03174	0.00200	0.46514
SRR8865592	CRC	PRJNA531273	Kerala	200000	199982	0.99991	143	0.78495	0.78608	0.00000	0.00009	0.03168	0.00117	0.44771
SRR8865593	CRC	PRJNA531273	Kerala	200000	199998	0.99999	140	0.90147	0.90152	0.00000	0.00001	0.00217	0.00586	0.46606
SRR8865594	CRC	PRJNA531273	Kerala	200000	200000	1.00000	143	0.88839	0.88844	0.00000	0.00000	0.00198	0.00452	0.47258
SRR8865595	CRC	PRJNA531273	Kerala	200000	200000	1.00000	144	0.90147	0.90150	0.00000	0.00000	0.00137	0.00612	0.45382
SRR8865596	CRC	PRJNA531273	Kerala	200000	200000	1.00000	142	0.90415	0.90420	0.00000	0.00000	0.00165	0.00648	0.50005
SRR8865597	CRC	PRJNA531273	Kerala	200000	199998	0.99999	139	0.80222	0.80339	0.00000	0.00001	0.03179	0.00160	0.45913
SRR8865598	CRC	PRJNA531273	Kerala	200000	199990	0.99995	135	0.80358	0.80510	0.00000	0.00005	0.03659	0.00324	0.45762
SRR8865599	CRC	PRJNA531273	Kerala	200000	200000	1.00000	141	0.89488	0.89493	0.00000	0.00000	0.00188	0.00552	0.49681
SRR8865600	CRC	PRJNA531273	Kerala	200000	200000	1.00000	143	0.89022	0.89026	0.00000	0.00000	0.00147	0.00499	0.49562
SRR8865601	CRC	PRJNA531273	Kerala	200000	199998	0.99999	142	0.89261	0.89266	0.00000	0.00001	0.00188	0.00532	0.49766
