taxon	log2_fold_change	effect_size	std_error	mean_group1	mean_group2	prevalence_group1	prevalence_group2	p_value	direction	adj_p_value	significant	wilcoxon_p_value	wilcoxon_adj_p_value	wilcoxon_effect_size	significant_both_methods	group1	group2	n_group1	n_group2	method	covariates	p_correction
Agathobacter	-4.715911	-3.268820	0.581145	0.006562	0.018751	0.200000	0.733333	0.000001	enriched_group2	0.000030	True	0.000167	0.001706	-0.522222	True	CRC	Healthy	30	30	clr_lm	location	fdr_bh
Mediterraneibacter	3.472952	2.407267	0.479914	0.011309	0.000483	0.633333	0.100000	0.000005	enriched_group1	0.000140	True	0.000013	0.000614	0.567778	True	CRC	Healthy	30	30	clr_lm	location	fdr_bh
Megasphaera	-4.262894	-2.954813	0.666746	0.013617	0.048126	0.333333	0.766667	0.000043	enriched_group2	0.000439	True	0.001364	0.006353	-0.460000	True	CRC	Healthy	30	30	clr_lm	location	fdr_bh
Flavonifractor	2.827311	1.959743	0.432167	0.004582	0.000287	0.500000	0.033333	0.000030	enriched_group1	0.000439	True	0.000072	0.000916	0.465556	True	CRC	Healthy	30	30	clr_lm	location	fdr_bh
Faecalibacterium	-3.451595	-2.392463	0.538408	0.019237	0.028196	0.600000	0.966667	0.000041	enriched_group2	0.000439	True	0.023444	0.049819	-0.340000	True	CRC	Healthy	30	30	clr_lm	location	fdr_bh
Roseburia	-3.701067	-2.565384	0.598544	0.004012	0.014080	0.300000	0.733333	0.000071	enriched_group2	0.000602	True	0.002151	0.009140	-0.435556	True	CRC	Healthy	30	30	clr_lm	location	fdr_bh
Bacteroides	2.819100	1.954051	0.461667	0.218466	0.092756	1.000000	0.866667	0.000085	enriched_group1	0.000619	True	0.000043	0.000738	0.615556	True	CRC	Healthy	30	30	clr_lm	location	fdr_bh
Ligilactobacillus	-2.546535	-1.765124	0.459371	0.000222	0.003733	0.066667	0.366667	0.000309	enriched_group2	0.001968	True	0.003243	0.011026	-0.320000	True	CRC	Healthy	30	30	clr_lm	location	fdr_bh
Odoribacter	2.963142	2.053894	0.559215	0.022129	0.000786	0.600000	0.200000	0.000531	enriched_group1	0.003009	True	0.000342	0.002179	0.477778	True	CRC	Healthy	30	30	clr_lm	location	fdr_bh
Ruthenibacterium	2.226027	1.542965	0.434531	0.004772	0.000398	0.433333	0.033333	0.000778	enriched_group1	0.003968	True	0.000306	0.002179	0.403333	True	CRC	Healthy	30	30	clr_lm	location	fdr_bh
Veillonella	2.192863	1.519977	0.451899	0.006237	0.000108	0.433333	0.066667	0.001381	enriched_group1	0.006402	True	0.000797	0.004515	0.384444	True	CRC	Healthy	30	30	clr_lm	location	fdr_bh
Methanobrevibacter	2.086814	1.446469	0.459895	0.011671	0.000068	0.433333	0.033333	0.002637	enriched_group1	0.011205	True	0.000243	0.002062	0.410000	True	CRC	Healthy	30	30	clr_lm	location	fdr_bh
Segatella	-3.416693	-2.368271	0.788344	0.098558	0.544117	0.833333	0.833333	0.003953	enriched_group2	0.015507	True	0.000024	0.000614	-0.634444	True	CRC	Healthy	30	30	clr_lm	location	fdr_bh
Coprococcus	-1.637874	-1.135287	0.410427	0.001836	0.001068	0.100000	0.333333	0.007633	enriched_group2	0.027806	True	0.060517	0.106427	-0.204444	False	CRC	Healthy	30	30	clr_lm	location	fdr_bh
Butyricimonas	1.768502	1.225832	0.456886	0.006753	0.000418	0.433333	0.100000	0.009532	enriched_group1	0.032408	True	0.002687	0.010156	0.352222	True	CRC	Healthy	30	30	clr_lm	location	fdr_bh
Escherichia	3.112758	2.157600	0.841831	0.113146	0.012940	0.400000	0.100000	0.013042	enriched_group1	0.041573	True	0.007085	0.021254	0.308889	True	CRC	Healthy	30	30	clr_lm	location	fdr_bh
Enterocloster	1.394365	0.966500	0.385599	0.002689	0.000000	0.266667	0.000000	0.015071	enriched_group1	0.045212	True	0.002788	0.010156	0.266667	True	CRC	Healthy	30	30	clr_lm	location	fdr_bh
Streptococcus	1.376882	0.954382	0.384256	0.004235	0.000000	0.300000	0.000000	0.015966	enriched_group1	0.045237	True	0.001370	0.006353	0.300000	True	CRC	Healthy	30	30	clr_lm	location	fdr_bh
Dialister	-2.389237	-1.656093	0.715296	0.015235	0.030610	0.466667	0.633333	0.024221	enriched_group2	0.065015	False	0.086616	0.147247	-0.246667	False	CRC	Healthy	30	30	clr_lm	location	fdr_bh
Akkermansia	2.023943	1.402890	0.641192	0.032016	0.002111	0.400000	0.166667	0.032789	enriched_group1	0.083611	False	0.016027	0.037152	0.288889	False	CRC	Healthy	30	30	clr_lm	location	fdr_bh
Bifidobacterium	-1.762153	-1.221431	0.571263	0.019357	0.021776	0.666667	0.833333	0.036807	enriched_group2	0.089388	False	0.286691	0.417750	-0.160000	False	CRC	Healthy	30	30	clr_lm	location	fdr_bh
Megamonas	-1.234703	-0.855831	0.422357	0.001204	0.001751	0.066667	0.200000	0.047420	enriched_group2	0.109929	False	0.136529	0.224613	-0.133333	False	CRC	Healthy	30	30	clr_lm	location	fdr_bh
Duodenibacillus	-0.938586	-0.650578	0.333677	0.000541	0.000746	0.100000	0.166667	0.056134	enriched_group2	0.124169	False	0.515314	0.611186	-0.058889	False	CRC	Healthy	30	30	clr_lm	location	fdr_bh
Hungatella	1.037737	0.719305	0.372459	0.003388	0.000000	0.200000	0.000000	0.058433	enriched_group1	0.124169	False	0.011035	0.026799	0.200000	False	CRC	Healthy	30	30	clr_lm	location	fdr_bh
Enterococcus	1.060665	0.735197	0.396767	0.001456	0.000000	0.233333	0.000000	0.069066	enriched_group1	0.136391	False	0.005584	0.017800	0.233333	False	CRC	Healthy	30	30	clr_lm	location	fdr_bh
Phocaeicola	1.915910	1.328007	0.724972	0.108005	0.058340	0.833333	0.666667	0.072207	enriched_group1	0.136391	False	0.029038	0.059238	0.326667	False	CRC	Healthy	30	30	clr_lm	location	fdr_bh
Parabacteroides	1.777543	1.232099	0.671431	0.047675	0.008184	0.733333	0.633333	0.071720	enriched_group1	0.136391	False	0.009551	0.026799	0.384444	False	CRC	Healthy	30	30	clr_lm	location	fdr_bh
Otoolea	0.831226	0.576162	0.329933	0.001470	0.000000	0.200000	0.000000	0.086146	enriched_group1	0.151498	False	0.011035	0.026799	0.200000	False	CRC	Healthy	30	30	clr_lm	location	fdr_bh
Collinsella	-1.116093	-0.773617	0.441601	0.000724	0.002164	0.200000	0.300000	0.085179	enriched_group2	0.151498	False	0.280554	0.417750	-0.124444	False	CRC	Healthy	30	30	clr_lm	location	fdr_bh
Pilosibacter	-0.780738	-0.541167	0.338446	0.000196	0.000959	0.133333	0.133333	0.115355	enriched_group2	0.189778	False	0.851136	0.978897	-0.017778	False	CRC	Healthy	30	30	clr_lm	location	fdr_bh
Desulfovibrio	0.865070	0.599621	0.374095	0.002879	0.000389	0.333333	0.100000	0.114494	enriched_group1	0.189778	False	0.023405	0.049819	0.246667	False	CRC	Healthy	30	30	clr_lm	location	fdr_bh
Mitsuokella	-1.053367	-0.730139	0.484373	0.003817	0.003685	0.133333	0.200000	0.137233	enriched_group2	0.218716	False	0.445469	0.567973	-0.075556	False	CRC	Healthy	30	30	clr_lm	location	fdr_bh
Eshraghiella	-0.973968	-0.675103	0.456893	0.006311	0.003865	0.066667	0.133333	0.145021	enriched_group2	0.224123	False	0.468980	0.569476	-0.057778	False	CRC	Healthy	30	30	clr_lm	location	fdr_bh
Lactobacillus	0.671975	0.465777	0.376929	0.000647	0.000000	0.200000	0.000000	0.221632	enriched_group1	0.322950	False	0.011035	0.026799	0.200000	False	CRC	Healthy	30	30	clr_lm	location	fdr_bh
Sutterella	-0.856273	-0.593523	0.477240	0.000827	0.001672	0.300000	0.333333	0.218716	enriched_group2	0.322950	False	0.365613	0.490691	-0.113333	False	CRC	Healthy	30	30	clr_lm	location	fdr_bh
Klebsiella	-1.391695	-0.964650	0.796585	0.036507	0.018980	0.266667	0.433333	0.230900	enriched_group2	0.327108	False	0.301706	0.427416	-0.133333	False	CRC	Healthy	30	30	clr_lm	location	fdr_bh
Vescimonas	0.972130	0.673829	0.591601	0.011812	0.003062	0.500000	0.300000	0.259471	enriched_group1	0.357649	False	0.059205	0.106427	0.252222	False	CRC	Healthy	30	30	clr_lm	location	fdr_bh
Prevotella	0.573755	0.397697	0.390082	0.002557	0.000080	0.200000	0.033333	0.312263	enriched_group1	0.419090	False	0.039857	0.078181	0.173333	False	CRC	Healthy	30	30	clr_lm	location	fdr_bh
Lachnospira	-0.637106	-0.441608	0.456974	0.002649	0.001760	0.266667	0.300000	0.337939	enriched_group2	0.441920	False	0.977745	1.000000	0.004444	False	CRC	Healthy	30	30	clr_lm	location	fdr_bh
Allocoprococcus	0.476686	0.330414	0.371381	0.001746	0.000097	0.200000	0.033333	0.377373	enriched_group1	0.481151	False	0.045264	0.085500	0.168889	False	CRC	Healthy	30	30	clr_lm	location	fdr_bh
Homo	-0.629595	-0.436402	0.587808	0.005591	0.009464	0.300000	0.333333	0.460880	enriched_group2	0.546625	False	0.935745	1.000000	-0.011111	False	CRC	Healthy	30	30	clr_lm	location	fdr_bh
Dorea	-0.566695	-0.392803	0.527961	0.003238	0.003331	0.333333	0.366667	0.459933	enriched_group2	0.546625	False	0.993075	1.000000	0.002222	False	CRC	Healthy	30	30	clr_lm	location	fdr_bh
Simiaoa	-0.775890	-0.537806	0.694893	0.009259	0.020057	0.400000	0.466667	0.442164	enriched_group2	0.546625	False	0.863733	0.978897	-0.024444	False	CRC	Healthy	30	30	clr_lm	location	fdr_bh
Phascolarctobacterium	0.398300	0.276081	0.475165	0.004575	0.000859	0.266667	0.166667	0.563517	enriched_group1	0.638652	False	0.254907	0.406258	0.124444	False	CRC	Healthy	30	30	clr_lm	location	fdr_bh
Haemophilus	-0.330622	-0.229169	0.387429	0.001042	0.000533	0.133333	0.133333	0.556515	enriched_group2	0.638652	False	0.950120	1.000000	0.006667	False	CRC	Healthy	30	30	clr_lm	location	fdr_bh
Alistipes	0.544175	0.377193	0.703735	0.035383	0.017734	0.633333	0.600000	0.594053	enriched_group1	0.658624	False	0.276539	0.417750	0.160000	False	CRC	Healthy	30	30	clr_lm	location	fdr_bh
Blautia	-0.347237	-0.240686	0.505098	0.004061	0.002497	0.233333	0.233333	0.635530	enriched_group2	0.689618	False	0.888963	0.985590	0.016667	False	CRC	Healthy	30	30	clr_lm	location	fdr_bh
Bilophila	-0.156756	-0.108655	0.347543	0.000800	0.000437	0.200000	0.133333	0.755697	enriched_group2	0.802928	False	0.459170	0.569476	0.073333	False	CRC	Healthy	30	30	clr_lm	location	fdr_bh
Paraprevotella	0.151228	0.104823	0.462620	0.003763	0.000695	0.133333	0.066667	0.821556	enriched_group1	0.855089	False	0.386421	0.505319	0.068889	False	CRC	Healthy	30	30	clr_lm	location	fdr_bh
Ruminococcus	0.105915	0.073415	0.589574	0.006665	0.003713	0.400000	0.300000	0.901340	enriched_group1	0.919367	False	0.344152	0.474371	0.122222	False	CRC	Healthy	30	30	clr_lm	location	fdr_bh
Enterobacter	0.026310	0.018237	0.620321	0.026467	0.002966	0.166667	0.200000	0.976649	enriched_group1	0.976649	False	1.000000	1.000000	0.000000	False	CRC	Healthy	30	30	clr_lm	location	fdr_bh
