sample_id	observed	shannon	simpson
SRR8865598	23	2.040982	0.771279
SRR8865599	30	2.255379	0.780191
SRR8865600	23	2.071820	0.786190
SRR8865601	29	1.961407	0.715266
SRR8865594	20	2.164189	0.840861
SRR8865595	17	1.814487	0.775086
SRR8865596	10	0.777617	0.396254
SRR8865592	24	2.082164	0.802018
SRR8865593	26	2.323453	0.864678
SRR8865585	23	2.239322	0.830691
SRR8865586	33	2.300227	0.830358
SRR8865587	10	0.844266	0.419036
SRR8865588	23	1.941868	0.792367
SRR8865590	21	1.561018	0.701562
SRR8865591	23	2.161455	0.796434
SRR8865583	20	2.408814	0.881486
SRR8865576	17	1.488806	0.703390
SRR8865579	25	2.355615	0.854214
SRR8865578	21	1.597336	0.556715
SRR8865573	20	2.366372	0.876029
SRR8865575	25	2.171656	0.800983
SRR8865574	15	1.487170	0.706990
SRR8865581	26	2.435921	0.864410
SRR8865580	26	2.482910	0.847400
SRR5898912	15	0.584032	0.200380
SRR5898911	17	1.131936	0.528427
SRR5898910	14	0.902559	0.374500
SRR5898909	20	1.700173	0.713098
SRR5898908	17	1.044228	0.378317
SRR5898920	22	1.904730	0.697991
SRR5898921	22	2.374659	0.860468
SRR5898922	17	1.911150	0.784650
SRR5898923	16	1.244338	0.512176
SRR5898924	19	0.774506	0.264303
SRR5898925	5	0.080845	0.024624
SRR5898926	14	0.752628	0.307359
SRR5899017	20	2.104474	0.800189
SRR5898966	7	0.292333	0.104622
SRR5898984	14	0.737283	0.265449
SRR5898985	27	2.073501	0.763351
SRR5898986	9	0.763021	0.327568
SRR5898987	22	2.104935	0.770020
SRR5898980	19	1.957817	0.753430
SRR5898981	15	1.550032	0.682137
SRR5898982	8	0.769613	0.320760
SRR5898983	9	1.070287	0.462762
SRR5898978	11	1.523239	0.720264
SRR5898979	11	0.804202	0.332901
SRR5898954	16	1.962554	0.801138
SRR5898950	22	2.087052	0.779156
SRR5898948	13	1.088870	0.499606
SRR5899005	15	0.884792	0.354485
SRR5899007	17	1.002886	0.380114
SRR5899006	16	0.788956	0.282941
