	SRR8865598	SRR8865599	SRR8865600	SRR8865601	SRR8865594	SRR8865595	SRR8865596	SRR8865597	SRR8865592	SRR8865593	SRR8865584	SRR8865585	SRR8865586	SRR8865587	SRR8865588	SRR8865589	SRR8865590	SRR8865591	SRR8865582	SRR8865583	SRR8865577	SRR8865576	SRR8865579	SRR8865578	SRR8865573	SRR8865572	SRR8865575	SRR8865574	SRR8865581	SRR8865580	SRR5898912	SRR5898911	SRR5898910	SRR5898909	SRR5898908	SRR5898920	SRR5898921	SRR5898922	SRR5898923	SRR5898924	SRR5898925	SRR5898926	SRR5899017	SRR5898966	SRR5898984	SRR5898985	SRR5898986	SRR5898987	SRR5898980	SRR5898981	SRR5898982	SRR5898983	SRR5898978	SRR5898979	SRR5898954	SRR5898950	SRR5898948	SRR5899005	SRR5899007	SRR5899006
SRR8865598	0.000000	0.683195	0.651511	0.732098	0.717545	0.506125	0.773427	0.672575	0.452998	0.808540	0.846555	0.767215	0.838662	0.772949	0.714746	0.888674	0.740893	0.675170	0.858881	0.681686	0.807150	0.507075	0.629719	0.841316	0.675135	0.891821	0.681430	0.518544	0.623976	0.699667	0.949500	0.901301	0.949502	0.623200	0.929593	0.905092	0.643106	0.472767	0.848584	0.921267	0.993665	0.943782	0.821445	0.982282	0.946772	0.773796	0.961484	0.354301	0.710491	0.903992	0.948637	0.910167	0.854611	0.959886	0.619827	0.798445	0.675257	0.983171	0.853261	0.946557
SRR8865599	0.683195	0.000000	0.491667	0.685625	0.482610	0.815396	0.507423	0.860923	0.886663	0.866612	0.871017	0.873470	0.721296	0.507164	0.740795	0.868235	0.873060	0.840186	0.856019	0.875762	0.820684	0.886553	0.762307	0.851884	0.880353	0.899240	0.835876	0.887313	0.757019	0.494966	0.935157	0.914791	0.911038	0.889921	0.893121	0.792817	0.647344	0.889151	0.854005	0.874830	0.960731	0.891033	0.864019	0.957491	0.913433	0.821619	0.919711	0.848617	0.869649	0.916742	0.917437	0.879790	0.780535	0.917970	0.729699	0.855412	0.906755	0.959522	0.870574	0.926709
SRR8865600	0.651511	0.491667	0.000000	0.852498	0.641450	0.615528	0.555156	0.598984	0.653414	0.744702	0.755947	0.559503	0.840837	0.559779	0.893941	0.800277	0.656272	0.584807	0.690604	0.785717	0.830291	0.707725	0.511404	0.689470	0.793541	0.784042	0.569131	0.706183	0.508884	0.517485	0.908766	0.941012	0.923754	0.669283	0.932943	0.908729	0.585934	0.678824	0.807547	0.925279	0.982571	0.955939	0.857996	0.979491	0.927823	0.742294	0.941217	0.741861	0.573812	0.895447	0.953307	0.955673	0.864115	0.938867	0.522733	0.848580	0.624138	0.973926	0.852941	0.943277
SRR8865601	0.732098	0.685625	0.852498	0.000000	0.675155	0.777694	0.935027	0.765449	0.750110	0.849456	0.836271	0.855065	0.575473	0.934549	0.653887	0.899141	0.770195	0.771609	0.852730	0.771574	0.768880	0.782620	0.788554	0.850721	0.768225	0.903715	0.782780	0.783031	0.788743	0.828000	0.950642	0.950276	0.928513	0.757074	0.921490	0.821377	0.841924	0.731205	0.848188	0.902149	0.990684	0.881520	0.833426	0.969711	0.944584	0.802425	0.947415	0.761691	0.746550	0.897232	0.948227	0.859726	0.782923	0.947838	0.805971	0.812804	0.774996	0.971368	0.822073	0.937420
SRR8865594	0.717545	0.482610	0.641450	0.675155	0.000000	0.861093	0.683171	0.921461	0.930472	0.874967	0.850741	0.892557	0.622652	0.682352	0.612785	0.927243	0.905154	0.906878	0.881390	0.909350	0.877244	0.936953	0.839368	0.873943	0.911294	0.927243	0.905572	0.935942	0.837226	0.634119	0.945796	0.945832	0.950811	0.889122	0.894418	0.785945	0.682225	0.877362	0.844309	0.903529	0.986845	0.890448	0.887957	0.970621	0.901082	0.867877	0.946883	0.882152	0.843405	0.892495	0.929549	0.854484	0.711275	0.946905	0.771882	0.878582	0.911452	0.956477	0.907414	0.958809
SRR8865595	0.506125	0.815396	0.615528	0.777694	0.861093	0.000000	0.873762	0.441597	0.311344	0.784650	0.771724	0.569887	0.836907	0.879233	0.768213	0.717891	0.434416	0.395173	0.579596	0.506850	0.787565	0.149995	0.420737	0.582428	0.516853	0.702220	0.402466	0.145672	0.425533	0.774950	0.901317	0.934371	0.921103	0.344748	0.918919	0.924213	0.744046	0.432693	0.789674	0.921171	0.951436	0.929264	0.820762	0.949494	0.921451	0.707946	0.936123	0.499751	0.507062	0.861106	0.943409	0.980910	0.871985	0.933773	0.542431	0.800292	0.456726	0.947681	0.829195	0.922858
SRR8865596	0.773427	0.507423	0.555156	0.935027	0.683171	0.873762	0.000000	0.943377	0.940888	0.941042	0.914307	0.947938	0.958575	0.022409	0.939701	0.953709	0.948676	0.913219	0.946150	0.950528	0.926047	0.945926	0.845638	0.942054	0.950528	0.953709	0.914926	0.945816	0.844097	0.586345	0.974950	0.981684	0.981018	0.949217	0.966982	0.957454	0.674337	0.920788	0.948074	0.973384	1.000000	0.984468	0.873914	0.995779	0.973131	0.917372	0.984638	0.897779	0.872353	0.977297	0.998170	0.905053	0.906837	0.985060	0.801808	0.882371	0.939722	1.000000	0.948698	0.986651
SRR8865597	0.672575	0.860923	0.598984	0.765449	0.921461	0.441597	0.943377	0.000000	0.379339	0.768754	0.733216	0.605863	0.835768	0.948620	0.758285	0.676734	0.525117	0.526310	0.604192	0.566820	0.754211	0.475151	0.548649	0.623202	0.561497	0.669539	0.535961	0.470668	0.551723	0.814311	0.909948	0.923752	0.911510	0.485920	0.921796	0.911445	0.787534	0.520203	0.802127	0.912952	0.949452	0.942590	0.809228	0.952864	0.914901	0.704046	0.924855	0.554939	0.599615	0.875889	0.939044	0.960684	0.930360	0.923256	0.603582	0.793056	0.561748	0.957085	0.818063	0.928977
SRR8865592	0.452998	0.886663	0.653414	0.750110	0.930472	0.311344	0.940888	0.379339	0.000000	0.764732	0.784598	0.587617	0.867760	0.946411	0.766659	0.720622	0.532823	0.404346	0.607282	0.582585	0.804451	0.309914	0.442757	0.610172	0.581866	0.698995	0.412592	0.308523	0.441428	0.859137	0.950690	0.927765	0.959973	0.388589	0.961087	0.956641	0.810150	0.387582	0.847445	0.962191	1.000000	0.979217	0.836045	0.989490	0.962741	0.729529	0.976498	0.439516	0.503297	0.901880	1.000000	0.948983	0.982003	0.974899	0.639217	0.821475	0.476638	0.979725	0.869169	0.961749
SRR8865593	0.808540	0.866612	0.744702	0.849456	0.874967	0.784650	0.941042	0.768754	0.764732	0.000000	0.610535	0.667341	0.704205	0.945284	0.847517	0.606258	0.672225	0.758816	0.770110	0.581969	0.579497	0.820349	0.696040	0.746839	0.571928	0.584106	0.754879	0.815623	0.704719	0.703334	0.762617	0.725211	0.775800	0.747686	0.701829	0.613661	0.611878	0.791950	0.643983	0.767757	0.833239	0.767387	0.642440	0.810918	0.740238	0.560875	0.746422	0.710691	0.690769	0.702151	0.788035	0.951457	0.785044	0.741900	0.605331	0.641442	0.765683	0.798938	0.726102	0.779502
SRR8865584	0.846555	0.871017	0.755947	0.836271	0.850741	0.771724	0.914307	0.733216	0.784598	0.610535	0.000000	0.705238	0.567262	0.918389	0.824215	0.544648	0.497874	0.806410	0.692982	0.639688	0.488019	0.791497	0.799865	0.717257	0.651388	0.544648	0.806154	0.787393	0.801731	0.597863	0.627073	0.641358	0.595561	0.725829	0.600769	0.533010	0.563976	0.694872	0.502375	0.636108	0.703863	0.652143	0.467981	0.655968	0.622401	0.412397	0.637957	0.729231	0.669467	0.470466	0.640542	0.883127	0.639452	0.631919	0.505028	0.466712	0.783122	0.643941	0.600798	0.582569
SRR8865585	0.767215	0.873470	0.559503	0.855065	0.892557	0.569887	0.947938	0.605863	0.587617	0.667341	0.705238	0.000000	0.779196	0.952460	0.848911	0.760209	0.574950	0.521541	0.623751	0.703734	0.726599	0.607349	0.509815	0.599424	0.706409	0.743973	0.503513	0.604618	0.508200	0.779899	0.877081	0.904312	0.900215	0.574751	0.859903	0.861615	0.670920	0.652306	0.772192	0.890346	0.935303	0.910844	0.775806	0.917567	0.863043	0.663207	0.868869	0.673225	0.490783	0.825098	0.907027	0.973967	0.900767	0.863447	0.608294	0.769406	0.554383	0.915166	0.812336	0.894739
SRR8865586	0.838662	0.721296	0.840837	0.575473	0.622652	0.836907	0.958575	0.835768	0.867760	0.704205	0.567262	0.779196	0.000000	0.953294	0.680552	0.582195	0.601831	0.872265	0.879564	0.708909	0.659393	0.862259	0.866590	0.875036	0.714168	0.583627	0.871969	0.858076	0.867186	0.744823	0.657627	0.657763	0.637683	0.816257	0.595877	0.490033	0.565640	0.846397	0.620656	0.603556	0.707434	0.593139	0.475629	0.676642	0.620312	0.571937	0.589894	0.736467	0.806956	0.602435	0.647250	0.827856	0.406596	0.592616	0.600151	0.473061	0.879394	0.664789	0.596045	0.633061
SRR8865587	0.772949	0.507164	0.559779	0.934549	0.682352	0.879233	0.022409	0.948620	0.946411	0.945284	0.918389	0.952460	0.953294	0.000000	0.938783	0.958771	0.952918	0.918741	0.950052	0.954771	0.930129	0.950808	0.851161	0.945956	0.954771	0.958771	0.920449	0.950698	0.849619	0.590427	0.974290	0.980684	0.980198	0.953459	0.961141	0.951453	0.673578	0.925031	0.947135	0.967563	0.999000	0.978660	0.873255	0.994778	0.972322	0.921614	0.983638	0.902302	0.871594	0.976477	0.992168	0.900052	0.900887	0.984060	0.806051	0.884486	0.943964	0.999000	0.947939	0.980829
SRR8865588	0.714746	0.740795	0.893941	0.653887	0.612785	0.768213	0.939701	0.758285	0.766659	0.847517	0.824215	0.848911	0.680552	0.938783	0.000000	0.934149	0.783388	0.843290	0.907595	0.761221	0.774746	0.772972	0.866651	0.893167	0.755225	0.934149	0.850174	0.772588	0.867637	0.837839	0.947406	0.932131	0.817455	0.608649	0.889476	0.791431	0.813933	0.614485	0.886813	0.877811	0.982399	0.894395	0.739237	0.955356	0.912093	0.831984	0.880651	0.721719	0.707048	0.874667	0.936119	0.632610	0.843773	0.876864	0.845440	0.735365	0.760515	0.954085	0.870741	0.892817
SRR8865589	0.888674	0.868235	0.800277	0.899141	0.927243	0.717891	0.953709	0.676734	0.720622	0.606258	0.544648	0.760209	0.582195	0.958771	0.934149	0.000000	0.451229	0.739083	0.779845	0.551130	0.649349	0.735811	0.694937	0.767346	0.575368	0.081077	0.733556	0.733990	0.693820	0.786282	0.588171	0.583430	0.577670	0.794235	0.583337	0.569253	0.609425	0.811112	0.457498	0.576779	0.604031	0.602565	0.448265	0.611664	0.567168	0.421212	0.534084	0.717463	0.784837	0.633718	0.611664	0.954937	0.484569	0.544571	0.449614	0.438544	0.843655	0.609041	0.530901	0.606269
SRR8865590	0.740893	0.873060	0.656272	0.770195	0.905154	0.434416	0.948676	0.525117	0.532823	0.672225	0.497874	0.574950	0.601831	0.952918	0.783388	0.451229	0.000000	0.462886	0.515433	0.533060	0.607079	0.443073	0.546492	0.514194	0.542566	0.434993	0.470162	0.431654	0.554042	0.747332	0.570464	0.592365	0.581445	0.432908	0.569947	0.563316	0.587821	0.588870	0.455564	0.576860	0.620321	0.606791	0.476307	0.619450	0.572765	0.363771	0.596940	0.674030	0.459624	0.565273	0.601452	0.972049	0.599463	0.594590	0.324022	0.457208	0.451544	0.611774	0.496277	0.586211
SRR8865591	0.675170	0.840186	0.584807	0.771609	0.906878	0.395173	0.913219	0.526310	0.404346	0.758816	0.806410	0.521541	0.872265	0.918741	0.843290	0.739083	0.462886	0.000000	0.520270	0.602822	0.807742	0.435161	0.159109	0.504543	0.611755	0.717456	0.035442	0.428466	0.162616	0.835836	0.925673	0.956334	0.948353	0.411251	0.953605	0.960782	0.738205	0.595293	0.826292	0.949762	0.978035	0.957855	0.843697	0.978035	0.958019	0.734389	0.964714	0.620974	0.383287	0.899334	0.978035	0.982851	0.940166	0.962364	0.597779	0.827525	0.396883	0.974101	0.850641	0.952380
SRR8865582	0.858881	0.856019	0.690604	0.852730	0.881390	0.579596	0.946150	0.604192	0.607282	0.770110	0.692982	0.623751	0.879564	0.950052	0.907595	0.779845	0.515433	0.520270	0.000000	0.735813	0.747601	0.588385	0.605173	0.080042	0.752248	0.758217	0.528599	0.576215	0.609360	0.748237	0.903806	0.899733	0.916971	0.501383	0.894846	0.886132	0.836487	0.742431	0.773553	0.915471	0.946714	0.938510	0.872645	0.942064	0.900158	0.731596	0.919470	0.769342	0.488773	0.880251	0.911997	0.965648	0.926436	0.922564	0.707825	0.862175	0.319763	0.939950	0.876617	0.919252
SRR8865583	0.681686	0.875762	0.785717	0.771574	0.909350	0.506850	0.950528	0.566820	0.582585	0.581969	0.639688	0.703734	0.708909	0.954771	0.761221	0.551130	0.533060	0.602822	0.735813	0.000000	0.622040	0.504730	0.570778	0.758293	0.069595	0.531889	0.602138	0.502459	0.576138	0.712990	0.772207	0.800851	0.794349	0.634879	0.782420	0.789016	0.657212	0.651023	0.692802	0.785898	0.828114	0.813858	0.686449	0.821463	0.793887	0.629877	0.803575	0.549020	0.732313	0.732297	0.799757	0.982851	0.806098	0.801225	0.606081	0.667924	0.699918	0.807600	0.703283	0.794760
SRR8865577	0.807150	0.820684	0.830291	0.768880	0.877244	0.787565	0.926047	0.754211	0.804451	0.579497	0.488019	0.726599	0.659393	0.930129	0.774746	0.649349	0.607079	0.807742	0.747601	0.622040	0.000000	0.804854	0.800696	0.710728	0.605287	0.671779	0.806376	0.801011	0.802460	0.389922	0.729759	0.722996	0.703003	0.723747	0.664948	0.603196	0.535444	0.714739	0.649571	0.721777	0.790983	0.732959	0.539326	0.741969	0.705617	0.483860	0.690463	0.705551	0.708082	0.622154	0.666620	0.914889	0.725496	0.686594	0.583841	0.524879	0.797959	0.721746	0.671193	0.700124
SRR8865576	0.507075	0.886553	0.707725	0.782620	0.936953	0.149995	0.945926	0.475151	0.309914	0.820349	0.791497	0.607349	0.862259	0.950808	0.772972	0.735811	0.443073	0.435161	0.588385	0.504730	0.804854	0.000000	0.512743	0.588385	0.511232	0.718699	0.442549	0.021377	0.517450	0.861003	0.921219	0.949969	0.936702	0.347184	0.938691	0.939743	0.845114	0.355146	0.803632	0.938381	0.966334	0.946925	0.832908	0.965843	0.941223	0.720050	0.953333	0.413978	0.515305	0.883191	0.963311	0.980780	0.953004	0.950983	0.645241	0.813954	0.462846	0.964160	0.844941	0.941139
SRR8865579	0.629719	0.762307	0.511404	0.788554	0.839368	0.420737	0.845638	0.548649	0.442757	0.696040	0.799865	0.509815	0.866590	0.851161	0.866651	0.694937	0.546492	0.159109	0.605173	0.570778	0.800696	0.512743	0.000000	0.589446	0.578438	0.670177	0.149087	0.513023	0.021769	0.758045	0.922351	0.955675	0.945319	0.522306	0.947759	0.955107	0.663072	0.618653	0.823030	0.946500	0.974333	0.954592	0.843037	0.974333	0.954316	0.731317	0.961452	0.638672	0.487402	0.895631	0.972360	0.982851	0.886902	0.959102	0.526565	0.834627	0.502495	0.971279	0.844966	0.947085
SRR8865578	0.841316	0.851884	0.689470	0.850721	0.873943	0.582428	0.942054	0.623202	0.610172	0.746839	0.717257	0.599424	0.875036	0.945956	0.893167	0.767346	0.514194	0.504543	0.080042	0.758293	0.710728	0.588385	0.589446	0.000000	0.750498	0.745719	0.512873	0.576215	0.593633	0.753439	0.902275	0.893217	0.916775	0.486955	0.886280	0.867735	0.818106	0.730376	0.782789	0.911839	0.948136	0.936892	0.856954	0.944896	0.885272	0.718933	0.907874	0.729860	0.457817	0.874757	0.910863	0.958523	0.914840	0.910968	0.707078	0.846483	0.292131	0.942782	0.873568	0.922084
SRR8865573	0.675135	0.880353	0.793541	0.768225	0.911294	0.516853	0.950528	0.561497	0.581866	0.571928	0.651388	0.706409	0.714168	0.954771	0.755225	0.575368	0.542566	0.611755	0.752248	0.069595	0.605287	0.511232	0.578438	0.750498	0.000000	0.544809	0.608654	0.499913	0.583798	0.712425	0.772104	0.800450	0.789618	0.634452	0.787574	0.786230	0.659188	0.650596	0.705721	0.783112	0.831324	0.809128	0.682991	0.816732	0.791100	0.642575	0.800788	0.523979	0.734141	0.736198	0.801016	0.974911	0.803311	0.798438	0.617115	0.665137	0.709687	0.806033	0.697253	0.790029
SRR8865572	0.891821	0.899240	0.784042	0.903715	0.927243	0.702220	0.953709	0.669539	0.698995	0.584106	0.544648	0.743973	0.583627	0.958771	0.934149	0.081077	0.434993	0.717456	0.758217	0.531889	0.671779	0.718699	0.670177	0.745719	0.544809	0.000000	0.712186	0.715606	0.673550	0.802172	0.593032	0.584940	0.579248	0.776388	0.588197	0.582881	0.623243	0.797819	0.467775	0.581639	0.608892	0.607426	0.444441	0.616525	0.572029	0.436971	0.538944	0.712071	0.768602	0.636623	0.616525	0.954937	0.486136	0.549431	0.430994	0.439769	0.827419	0.609967	0.535762	0.605737
SRR8865575	0.681430	0.835876	0.569131	0.782780	0.905572	0.402466	0.914926	0.535961	0.412592	0.754879	0.806154	0.503513	0.871969	0.920449	0.850174	0.733556	0.470162	0.035442	0.528599	0.602138	0.806376	0.442549	0.149087	0.512873	0.608654	0.712186	0.000000	0.435853	0.149207	0.832341	0.923285	0.956339	0.946205	0.426036	0.952088	0.959224	0.724810	0.603437	0.824044	0.947514	0.977739	0.956868	0.843231	0.977739	0.957722	0.734614	0.963727	0.628101	0.384927	0.899037	0.977739	0.982851	0.939824	0.961377	0.597437	0.827059	0.404118	0.972543	0.850345	0.950572
SRR8865574	0.518544	0.887313	0.706183	0.783031	0.935942	0.145672	0.945816	0.470668	0.308523	0.815623	0.787393	0.604618	0.858076	0.950698	0.772588	0.733990	0.431654	0.428466	0.576215	0.502459	0.801011	0.021377	0.513023	0.576215	0.499913	0.715606	0.435853	0.000000	0.517730	0.857800	0.917226	0.949299	0.936031	0.340019	0.934588	0.936330	0.842782	0.363008	0.803572	0.936099	0.964822	0.944192	0.832137	0.962640	0.937120	0.717540	0.951051	0.427958	0.507129	0.879821	0.959318	0.980670	0.951413	0.948701	0.641848	0.811673	0.455120	0.961068	0.843250	0.937036
SRR8865581	0.623976	0.757019	0.508884	0.788743	0.837226	0.425533	0.844097	0.551723	0.441428	0.704719	0.801731	0.508200	0.867186	0.849619	0.867637	0.693820	0.554042	0.162616	0.609360	0.576138	0.802460	0.517450	0.021769	0.593633	0.583798	0.673550	0.149207	0.517730	0.000000	0.756677	0.923437	0.956260	0.946657	0.530050	0.949336	0.956684	0.661930	0.620920	0.824596	0.948066	0.975810	0.956159	0.843622	0.975810	0.955793	0.731912	0.963018	0.639269	0.493388	0.897108	0.973937	0.982851	0.888379	0.960668	0.525901	0.837390	0.508481	0.971875	0.846543	0.947680
SRR8865580	0.699667	0.494966	0.517485	0.828000	0.634119	0.774950	0.586345	0.814311	0.859137	0.703334	0.597863	0.779899	0.744823	0.590427	0.837839	0.786282	0.747332	0.835836	0.748237	0.712990	0.389922	0.861003	0.758045	0.753439	0.712425	0.802172	0.832341	0.857800	0.756677	0.000000	0.825162	0.815833	0.805444	0.811229	0.757785	0.704111	0.487222	0.800017	0.769517	0.814227	0.881190	0.833715	0.713356	0.835448	0.808505	0.648218	0.817233	0.755824	0.790992	0.757465	0.759145	0.930677	0.747497	0.814583	0.603194	0.697186	0.851347	0.818687	0.776996	0.802565
SRR5898912	0.949500	0.935157	0.908766	0.950642	0.945796	0.901317	0.974950	0.909948	0.950690	0.762617	0.627073	0.877081	0.657627	0.974290	0.947406	0.588171	0.570464	0.925673	0.903806	0.772207	0.729759	0.921219	0.922351	0.902275	0.772104	0.593032	0.923285	0.917226	0.923437	0.825162	0.000000	0.322222	0.172878	0.934254	0.163421	0.417170	0.671904	0.934097	0.252080	0.099295	0.102595	0.129233	0.539664	0.092955	0.099248	0.475701	0.170551	0.914822	0.927725	0.595756	0.158766	0.976075	0.554791	0.164965	0.601341	0.493892	0.947410	0.173754	0.152845	0.102682
SRR5898911	0.901301	0.914791	0.941012	0.950276	0.945832	0.934371	0.981684	0.923752	0.927765	0.725211	0.641358	0.904312	0.657763	0.980684	0.932131	0.583430	0.592365	0.956334	0.899733	0.800851	0.722996	0.949969	0.955675	0.893217	0.800450	0.584940	0.956339	0.949299	0.956260	0.815833	0.322222	0.000000	0.276448	0.934497	0.261568	0.345178	0.667287	0.936139	0.280698	0.278815	0.340055	0.290629	0.503515	0.328779	0.290476	0.418330	0.287553	0.898281	0.926560	0.610487	0.310766	0.956372	0.515487	0.285224	0.605936	0.455262	0.957914	0.315380	0.314100	0.304884
SRR5898910	0.949502	0.911038	0.923754	0.928513	0.950811	0.921103	0.981018	0.911510	0.959973	0.775800	0.595561	0.900215	0.637683	0.980198	0.817455	0.577670	0.581445	0.948353	0.916971	0.794349	0.703003	0.936702	0.945319	0.916775	0.789618	0.579248	0.946205	0.936031	0.946657	0.805444	0.172878	0.276448	0.000000	0.843911	0.169974	0.386621	0.670356	0.831127	0.270213	0.146598	0.205564	0.170367	0.470008	0.178747	0.157051	0.474691	0.140671	0.890928	0.857534	0.613537	0.189358	0.842255	0.492999	0.137784	0.597484	0.436560	0.955128	0.174112	0.159889	0.120794
SRR5898909	0.623200	0.889921	0.669283	0.757074	0.889122	0.344748	0.949217	0.485920	0.388589	0.747686	0.725829	0.574751	0.816257	0.953459	0.608649	0.794235	0.432908	0.411251	0.501383	0.634879	0.723747	0.347184	0.522306	0.486955	0.634452	0.776388	0.426036	0.340019	0.530050	0.811229	0.934254	0.934497	0.843911	0.000000	0.919790	0.895854	0.782145	0.352640	0.823498	0.912989	0.986845	0.957165	0.730039	0.952034	0.917825	0.688732	0.893122	0.542049	0.278620	0.873121	0.972730	0.866618	0.912062	0.886332	0.629287	0.724989	0.307581	0.951956	0.849240	0.906956
SRR5898908	0.929593	0.893121	0.932943	0.921490	0.894418	0.918919	0.966982	0.921796	0.961087	0.701829	0.600769	0.859903	0.595877	0.961141	0.889476	0.583337	0.569947	0.953605	0.894846	0.782420	0.664948	0.938691	0.947759	0.886280	0.787574	0.588197	0.952088	0.934588	0.949336	0.757785	0.163421	0.261568	0.169974	0.919790	0.000000	0.288170	0.637054	0.925483	0.200736	0.137538	0.211344	0.133989	0.510817	0.188924	0.144037	0.406141	0.169460	0.890195	0.883995	0.580088	0.123657	0.944718	0.507479	0.169482	0.599411	0.464741	0.930007	0.172490	0.165019	0.151549
SRR5898920	0.905092	0.792817	0.908729	0.821377	0.785945	0.924213	0.957454	0.911445	0.956641	0.613661	0.533010	0.861615	0.490033	0.951453	0.791431	0.569253	0.563316	0.960782	0.886132	0.789016	0.603196	0.939743	0.955107	0.867735	0.786230	0.582881	0.959224	0.936330	0.956684	0.704111	0.417170	0.345178	0.386621	0.895854	0.288170	0.000000	0.588600	0.866143	0.339543	0.357644	0.455894	0.340807	0.434819	0.419489	0.346403	0.336043	0.390758	0.855654	0.818005	0.537367	0.343760	0.855687	0.435716	0.386416	0.597614	0.386603	0.941910	0.382454	0.406294	0.375621
SRR5898921	0.643106	0.647344	0.585934	0.841924	0.682225	0.744046	0.674337	0.787534	0.810150	0.611878	0.563976	0.670920	0.565640	0.673578	0.813933	0.609425	0.587821	0.738205	0.836487	0.657212	0.535444	0.845114	0.663072	0.818106	0.659188	0.623243	0.724810	0.842782	0.661930	0.487222	0.671904	0.667287	0.670356	0.782145	0.637054	0.588600	0.000000	0.811278	0.598300	0.643748	0.720178	0.700584	0.481184	0.716938	0.656201	0.520849	0.633163	0.691166	0.650631	0.654342	0.701353	0.873814	0.576422	0.631564	0.420290	0.487738	0.758691	0.712011	0.595246	0.688092
SRR5898922	0.472767	0.889151	0.678824	0.731205	0.877362	0.432693	0.920788	0.520203	0.387582	0.791950	0.694872	0.652306	0.846397	0.925031	0.614485	0.811112	0.588870	0.595293	0.742431	0.651023	0.714739	0.355146	0.618653	0.730376	0.650596	0.797819	0.603437	0.363008	0.620920	0.800017	0.934097	0.936139	0.831127	0.352640	0.925483	0.866143	0.811278	0.000000	0.823812	0.912726	0.994478	0.948850	0.734895	0.945463	0.908969	0.648121	0.931579	0.419820	0.488351	0.854325	0.975193	0.808816	0.939779	0.925771	0.634988	0.731947	0.553353	0.893771	0.859757	0.908532
SRR5898923	0.848584	0.854005	0.807547	0.848188	0.844309	0.789674	0.948074	0.802127	0.847445	0.643983	0.502375	0.772192	0.620656	0.947135	0.886813	0.457498	0.455564	0.826292	0.773553	0.692802	0.649571	0.803632	0.823030	0.782789	0.705721	0.467775	0.824044	0.803572	0.824596	0.769517	0.252080	0.280698	0.270213	0.823498	0.200736	0.339543	0.598300	0.823812	0.000000	0.238185	0.313613	0.224654	0.526983	0.300868	0.280329	0.325420	0.291949	0.838568	0.810205	0.586971	0.242135	0.946018	0.513051	0.294522	0.480980	0.469223	0.841054	0.289262	0.223241	0.267935
SRR5898924	0.921267	0.874830	0.925279	0.902149	0.903529	0.921171	0.973384	0.912952	0.962191	0.767757	0.636108	0.890346	0.603556	0.967563	0.877811	0.576779	0.576860	0.949762	0.915471	0.785898	0.721777	0.938381	0.946500	0.911839	0.783112	0.581639	0.947514	0.936099	0.948066	0.814227	0.099295	0.278815	0.146598	0.912989	0.137538	0.357644	0.643748	0.912726	0.238185	0.000000	0.133889	0.101478	0.498366	0.110212	0.071390	0.475213	0.113395	0.897287	0.896107	0.614420	0.131403	0.905772	0.481907	0.107249	0.599121	0.459389	0.948352	0.164736	0.141898	0.089371
SRR5898925	0.993665	0.960731	0.982571	0.990684	0.986845	0.951436	1.000000	0.949452	1.000000	0.833239	0.703863	0.935303	0.707434	0.999000	0.982399	0.604031	0.620321	0.978035	0.946714	0.828114	0.790983	0.966334	0.974333	0.948136	0.831324	0.608892	0.977739	0.964822	0.975810	0.881190	0.102595	0.340055	0.205564	0.986845	0.211344	0.455894	0.720178	0.994478	0.313613	0.133889	0.000000	0.169596	0.592244	0.051125	0.129740	0.537242	0.178123	0.957470	0.986845	0.670136	0.181436	0.989606	0.558259	0.175197	0.651806	0.553015	0.997239	0.200385	0.200776	0.144987
SRR5898926	0.943782	0.891033	0.955939	0.881520	0.890448	0.929264	0.984468	0.942590	0.979217	0.767387	0.652143	0.910844	0.593139	0.978660	0.894395	0.602565	0.606791	0.957855	0.938510	0.813858	0.732959	0.946925	0.954592	0.936892	0.809128	0.607426	0.956868	0.944192	0.956159	0.833715	0.129233	0.290629	0.170367	0.957165	0.133989	0.340807	0.700584	0.948850	0.224654	0.101478	0.169596	0.000000	0.550224	0.147964	0.132348	0.473774	0.162390	0.942220	0.939661	0.621755	0.109129	0.891554	0.459103	0.156482	0.624929	0.501537	0.974447	0.166234	0.163874	0.113246
SRR5899017	0.821445	0.864019	0.857996	0.833426	0.887957	0.820762	0.873914	0.809228	0.836045	0.642440	0.467981	0.775806	0.475629	0.873255	0.739237	0.448265	0.476307	0.843697	0.872645	0.686449	0.539326	0.832908	0.843037	0.856954	0.682991	0.444441	0.843231	0.832137	0.843622	0.713356	0.539664	0.503515	0.470008	0.730039	0.510817	0.434819	0.481184	0.734895	0.526983	0.498366	0.592244	0.550224	0.000000	0.550862	0.495389	0.355427	0.417396	0.666159	0.672950	0.505801	0.573486	0.812884	0.383120	0.417330	0.488533	0.076505	0.826106	0.526812	0.484810	0.485711
SRR5898966	0.982282	0.957491	0.979491	0.969711	0.970621	0.949494	0.995779	0.952864	0.989490	0.810918	0.655968	0.917567	0.676642	0.994778	0.955356	0.611664	0.619450	0.978035	0.942064	0.821463	0.741969	0.965843	0.974333	0.944896	0.816732	0.616525	0.977739	0.962640	0.975810	0.835448	0.092955	0.328779	0.178747	0.952034	0.188924	0.419489	0.716938	0.945463	0.300868	0.110212	0.051125	0.147964	0.550862	0.000000	0.104359	0.507995	0.153786	0.947965	0.945463	0.639788	0.170723	0.965798	0.535821	0.150550	0.642604	0.511634	0.983534	0.164726	0.198501	0.108024
SRR5898984	0.946772	0.913433	0.927823	0.944584	0.901082	0.921451	0.973131	0.914901	0.962741	0.740238	0.622401	0.863043	0.620312	0.972322	0.912093	0.567168	0.572765	0.958019	0.900158	0.793887	0.705617	0.941223	0.954316	0.885272	0.791100	0.572029	0.957722	0.937120	0.955793	0.808505	0.099248	0.290476	0.157051	0.917825	0.144037	0.346403	0.656201	0.908969	0.280329	0.071390	0.129740	0.132348	0.495389	0.104359	0.000000	0.446715	0.118040	0.887529	0.871730	0.573653	0.152896	0.943347	0.503301	0.113205	0.596712	0.455930	0.942504	0.154311	0.165125	0.106078
SRR5898985	0.773796	0.821619	0.742294	0.802425	0.867877	0.707946	0.917372	0.704046	0.729529	0.560875	0.412397	0.663207	0.571937	0.921614	0.831984	0.421212	0.363771	0.734389	0.731596	0.629877	0.483860	0.720050	0.731317	0.718933	0.642575	0.436971	0.734614	0.717540	0.731912	0.648218	0.475701	0.418330	0.474691	0.688732	0.406141	0.336043	0.520849	0.648121	0.325420	0.475213	0.537242	0.473774	0.355427	0.507995	0.446715	0.000000	0.479995	0.707746	0.655263	0.505079	0.490557	0.933834	0.517739	0.475324	0.381903	0.298631	0.714109	0.465622	0.410279	0.473569
SRR5898986	0.961484	0.919711	0.941217	0.947415	0.946883	0.936123	0.984638	0.924855	0.976498	0.746422	0.637957	0.868869	0.589894	0.983638	0.880651	0.534084	0.596940	0.964714	0.919470	0.803575	0.690463	0.953333	0.961452	0.907874	0.800788	0.538944	0.963727	0.951051	0.963018	0.817233	0.170551	0.287553	0.140671	0.893122	0.169460	0.390758	0.633163	0.931579	0.291949	0.113395	0.178123	0.162390	0.417396	0.153786	0.118040	0.479995	0.000000	0.844329	0.912864	0.632726	0.169906	0.926671	0.437444	0.011618	0.622753	0.378419	0.948846	0.179847	0.181809	0.148312
SRR5898987	0.354301	0.848617	0.741861	0.761691	0.882152	0.499751	0.897779	0.554939	0.439516	0.710691	0.729231	0.673225	0.736467	0.902302	0.721719	0.717463	0.674030	0.620974	0.769342	0.549020	0.705551	0.413978	0.638672	0.729860	0.523979	0.712071	0.628101	0.427958	0.639269	0.755824	0.914822	0.898281	0.890928	0.542049	0.890195	0.855654	0.691166	0.419820	0.838568	0.897287	0.957470	0.942220	0.666159	0.947965	0.887529	0.707746	0.844329	0.000000	0.605258	0.861957	0.931213	0.898514	0.840764	0.850874	0.702292	0.648305	0.634870	0.948901	0.822678	0.916985
SRR5898980	0.710491	0.869649	0.573812	0.746550	0.843405	0.507062	0.872353	0.599615	0.503297	0.690769	0.669467	0.490783	0.806956	0.871594	0.707048	0.784837	0.459624	0.383287	0.488773	0.732313	0.708082	0.515305	0.487402	0.457817	0.734141	0.768602	0.384927	0.507129	0.493388	0.790992	0.927725	0.926560	0.857534	0.278620	0.883995	0.818005	0.650631	0.488351	0.810205	0.896107	0.986845	0.939661	0.672950	0.945463	0.871730	0.655263	0.912864	0.605258	0.000000	0.832128	0.945560	0.801867	0.901223	0.906826	0.610602	0.672596	0.303798	0.941686	0.836644	0.885649
SRR5898981	0.903992	0.916742	0.895447	0.897232	0.892495	0.861106	0.977297	0.875889	0.901880	0.702151	0.470466	0.825098	0.602435	0.976477	0.874667	0.633718	0.565273	0.899334	0.880251	0.732297	0.622154	0.883191	0.895631	0.874757	0.736198	0.636623	0.899037	0.879821	0.897108	0.757465	0.595756	0.610487	0.613537	0.873121	0.580088	0.537367	0.654342	0.854325	0.586971	0.614420	0.670136	0.621755	0.505801	0.639788	0.573653	0.505079	0.632726	0.861957	0.832128	0.000000	0.622572	0.967436	0.638561	0.628271	0.549925	0.501089	0.890065	0.605140	0.601755	0.595464
SRR5898982	0.948637	0.917437	0.953307	0.948227	0.929549	0.943409	0.998170	0.939044	1.000000	0.788035	0.640542	0.907027	0.647250	0.992168	0.936119	0.611664	0.601452	0.978035	0.911997	0.799757	0.666620	0.963311	0.972360	0.910863	0.801016	0.616525	0.977739	0.959318	0.973937	0.759145	0.158766	0.310766	0.189358	0.972730	0.123657	0.343760	0.701353	0.975193	0.242135	0.131403	0.181436	0.109129	0.573486	0.170723	0.152896	0.490557	0.169906	0.931213	0.945560	0.622572	0.000000	0.959176	0.510799	0.169742	0.632370	0.524753	0.976236	0.181529	0.189285	0.133367
SRR5898983	0.910167	0.879790	0.955673	0.859726	0.854484	0.980910	0.905053	0.960684	0.948983	0.951457	0.883127	0.973967	0.827856	0.900052	0.632610	0.954937	0.972049	0.982851	0.965648	0.982851	0.914889	0.980780	0.982851	0.958523	0.974911	0.954937	0.982851	0.980670	0.982851	0.930677	0.976075	0.956372	0.842255	0.866618	0.944718	0.855687	0.873814	0.808816	0.946018	0.905772	0.989606	0.891554	0.812884	0.965798	0.943347	0.933834	0.926671	0.898514	0.801867	0.967436	0.959176	0.000000	0.847977	0.923004	0.968684	0.831468	0.972045	0.967118	0.943345	0.928910
SRR5898978	0.854611	0.780535	0.864115	0.782923	0.711275	0.871985	0.906837	0.930360	0.982003	0.785044	0.639452	0.900767	0.406596	0.900887	0.843773	0.484569	0.599463	0.940166	0.926436	0.806098	0.725496	0.953004	0.886902	0.914840	0.803311	0.486136	0.939824	0.951413	0.888379	0.747497	0.554791	0.515487	0.492999	0.912062	0.507479	0.435716	0.576422	0.939779	0.513051	0.481907	0.558259	0.459103	0.383120	0.535821	0.503301	0.517739	0.437444	0.840764	0.901223	0.638561	0.510799	0.847977	0.000000	0.444220	0.548432	0.366512	0.956040	0.548859	0.520280	0.511676
SRR5898979	0.959886	0.917970	0.938867	0.947838	0.946905	0.933773	0.985060	0.923256	0.974899	0.741900	0.631919	0.863447	0.592616	0.984060	0.876864	0.544571	0.594590	0.962364	0.922564	0.801225	0.686594	0.950983	0.959102	0.910968	0.798438	0.549431	0.961377	0.948701	0.960668	0.814583	0.164965	0.285224	0.137784	0.886332	0.169482	0.386416	0.631564	0.925771	0.294522	0.107249	0.175197	0.156482	0.417330	0.150550	0.113205	0.475324	0.011618	0.850874	0.906826	0.628271	0.169742	0.923004	0.444220	0.000000	0.620953	0.378353	0.947247	0.176775	0.176387	0.141036
SRR5898954	0.619827	0.729699	0.522733	0.805971	0.771882	0.542431	0.801808	0.603582	0.639217	0.605331	0.505028	0.608294	0.600151	0.806051	0.845440	0.449614	0.324022	0.597779	0.707825	0.606081	0.583841	0.645241	0.526565	0.707078	0.617115	0.430994	0.597437	0.641848	0.525901	0.603194	0.601341	0.605936	0.597484	0.629287	0.599411	0.597614	0.420290	0.634988	0.480980	0.599121	0.651806	0.624929	0.488533	0.642604	0.596712	0.381903	0.622753	0.702292	0.610602	0.549925	0.632370	0.968684	0.548432	0.620953	0.000000	0.485350	0.642880	0.636727	0.525082	0.612915
SRR5898950	0.798445	0.855412	0.848580	0.812804	0.878582	0.800292	0.882371	0.793056	0.821475	0.641442	0.466712	0.769406	0.473061	0.884486	0.735365	0.438544	0.457208	0.827525	0.862175	0.667924	0.524879	0.813954	0.834627	0.846483	0.665137	0.439769	0.827059	0.811673	0.837390	0.697186	0.493892	0.455262	0.436560	0.724989	0.464741	0.386603	0.487738	0.731947	0.469223	0.459389	0.553015	0.501537	0.076505	0.511634	0.455930	0.298631	0.378419	0.648305	0.672596	0.501089	0.524753	0.831468	0.366512	0.378353	0.485350	0.000000	0.810212	0.483735	0.440539	0.451596
SRR5898948	0.675257	0.906755	0.624138	0.774996	0.911452	0.456726	0.939722	0.561748	0.476638	0.765683	0.783122	0.554383	0.879394	0.943964	0.760515	0.843655	0.451544	0.396883	0.319763	0.699918	0.797959	0.462846	0.502495	0.292131	0.709687	0.827419	0.404118	0.455120	0.508481	0.851347	0.947410	0.957914	0.955128	0.307581	0.930007	0.941910	0.758691	0.553353	0.841054	0.948352	0.997239	0.974447	0.826106	0.983534	0.942504	0.714109	0.948846	0.634870	0.303798	0.890065	0.976236	0.972045	0.956040	0.947247	0.642880	0.810212	0.000000	0.991732	0.865512	0.962975
SRR5899005	0.983171	0.959522	0.973926	0.971368	0.956477	0.947681	1.000000	0.957085	0.979725	0.798938	0.643941	0.915166	0.664789	0.999000	0.954085	0.609041	0.611774	0.974101	0.939950	0.807600	0.721746	0.964160	0.971279	0.942782	0.806033	0.609967	0.972543	0.961068	0.971875	0.818687	0.173754	0.315380	0.174112	0.951956	0.172490	0.382454	0.712011	0.893771	0.289262	0.164736	0.200385	0.166234	0.526812	0.164726	0.154311	0.465622	0.179847	0.948901	0.941686	0.605140	0.181529	0.967118	0.548859	0.176775	0.636727	0.483735	0.991732	0.000000	0.198501	0.147093
SRR5899007	0.853261	0.870574	0.852941	0.822073	0.907414	0.829195	0.948698	0.818063	0.869169	0.726102	0.600798	0.812336	0.596045	0.947939	0.870741	0.530901	0.496277	0.850641	0.876617	0.703283	0.671193	0.844941	0.844966	0.873568	0.697253	0.535762	0.850345	0.843250	0.846543	0.776996	0.152845	0.314100	0.159889	0.849240	0.165019	0.406294	0.595246	0.859757	0.223241	0.141898	0.200776	0.163874	0.484810	0.198501	0.165125	0.410279	0.181809	0.822678	0.836644	0.601755	0.189285	0.943345	0.520280	0.176387	0.525082	0.440539	0.865512	0.198501	0.000000	0.163948
SRR5899006	0.946557	0.926709	0.943277	0.937420	0.958809	0.922858	0.986651	0.928977	0.961749	0.779502	0.582569	0.894739	0.633061	0.980829	0.892817	0.606269	0.586211	0.952380	0.919252	0.794760	0.700124	0.941139	0.947085	0.922084	0.790029	0.605737	0.950572	0.937036	0.947680	0.802565	0.102682	0.304884	0.120794	0.906956	0.151549	0.375621	0.688092	0.908532	0.267935	0.089371	0.144987	0.113246	0.485711	0.108024	0.106078	0.473569	0.148312	0.916985	0.885649	0.595464	0.133367	0.928910	0.511676	0.141036	0.612915	0.451596	0.962975	0.147093	0.163948	0.000000
