	NMDS1	NMDS2
SRR8865598	-0.186363	-0.514287
SRR8865599	-0.789045	-0.435014
SRR8865600	0.445069	-0.000114
SRR8865601	-0.378784	-0.431306
SRR8865594	-1.036351	-0.277112
SRR8865595	0.055816	-0.733869
SRR8865596	-0.457184	-1.042374
SRR8865597	0.455919	-0.391905
SRR8865592	0.586987	-0.563338
SRR8865593	0.145179	0.054452
SRR8865584	0.086431	0.536861
SRR8865585	0.528586	-0.303483
SRR8865586	-0.283328	-0.234764
SRR8865587	-0.501172	-0.794575
SRR8865588	-0.514005	-0.131680
SRR8865589	0.985385	0.412342
SRR8865590	0.347257	0.023870
SRR8865591	0.583373	-0.795792
SRR8865582	0.720525	0.206236
SRR8865583	0.736278	-0.247443
SRR8865577	0.227269	0.516211
SRR8865576	0.003418	-0.714950
SRR8865579	0.690720	-0.664036
SRR8865578	0.730585	0.089582
SRR8865573	0.627056	-0.178557
SRR8865572	1.028345	0.338417
SRR8865575	0.641243	-0.733687
SRR8865574	0.082524	-0.662721
SRR8865581	0.678829	-0.683845
SRR8865580	0.280445	0.601606
SRR5898912	0.113072	0.290839
SRR5898911	-0.302886	0.172132
SRR5898910	-0.291515	0.344049
SRR5898909	-0.068031	-0.149670
SRR5898908	-0.022377	0.582005
SRR5898920	-0.151508	0.437945
SRR5898921	-0.041619	-0.329592
SRR5898922	-0.270562	0.061536
SRR5898923	-0.657374	0.104779
SRR5898924	-0.310409	0.106586
SRR5898925	-0.814360	1.035300
SRR5898926	-0.263682	0.224115
SRR5899017	-0.141025	0.136171
SRR5898966	-0.590200	0.858085
SRR5898984	-0.146272	0.105471
SRR5898985	0.030198	0.210452
SRR5898986	-0.557673	0.304656
SRR5898987	0.215089	-0.283406
SRR5898980	0.000212	0.054120
SRR5898981	-0.025808	0.331006
SRR5898982	-0.003309	1.270519
SRR5898983	-1.077041	0.285959
SRR5898978	-0.658688	-0.029240
SRR5898979	-0.373030	0.166735
SRR5898954	-0.079719	-0.051481
SRR5898950	-0.151853	0.185367
SRR5898948	0.332516	-0.210135
SRR5899005	-0.131953	0.969796
SRR5899007	0.075615	0.084828
SRR5899006	-0.156812	0.486348
