	PC1	PC2	PC3	PC4	PC5	PC6	PC7	PC8	PC9	PC10	PC11	PC12	PC13	PC14	PC15	PC16	PC17	PC18	PC19	PC20	PC21	PC22	PC23	PC24	PC25	PC26	PC27	PC28	PC29	PC30	PC31	PC32	PC33	PC34	PC35	PC36	PC37	PC38	PC39	PC40	PC41	PC42
SRR8865598	-0.169076	0.207565	-0.093136	0.168468	-0.110188	0.057019	-0.012475	0.026330	-0.018559	0.035739	-0.057733	0.143905	-0.009603	0.024229	-0.001041	-0.009488	0.122164	-0.061367	-0.117029	0.092676	-0.073455	-0.035533	-0.082574	0.170762	0.039084	-0.041289	-0.064947	0.041808	0.047241	0.060528	-0.038028	-0.022577	-0.028544	-0.013422	0.021508	0.004353	0.030128	-0.033047	-0.030356	0.000543	0.008466	0.001232
SRR8865599	0.012794	0.216587	-0.276942	0.256880	0.021672	-0.092273	0.026137	-0.057460	-0.066311	-0.073429	-0.018238	0.056638	-0.176130	-0.115576	-0.000114	-0.007854	-0.144675	-0.037869	0.043149	0.063102	0.010076	0.038214	0.029764	0.023504	0.051907	0.208972	0.033626	0.008929	-0.046313	0.011920	-0.040862	-0.025979	-0.057233	-0.032196	0.037714	-0.018160	0.011927	0.019052	0.003453	0.001235	-0.002829	0.002773
SRR8865600	-0.111956	-0.093862	0.143292	-0.096403	0.186232	-0.017548	0.118862	0.085360	-0.172878	-0.029899	0.070902	0.057670	-0.292217	-0.003398	-0.023509	-0.112713	-0.009079	0.018638	0.046191	-0.019019	-0.039737	0.002534	-0.026549	-0.060006	-0.051150	-0.067892	0.008872	-0.045215	-0.029220	0.056762	0.002287	0.006226	-0.065988	0.038061	0.007486	-0.036397	-0.025653	-0.019418	-0.007035	0.016208	0.004931	-0.000821
SRR8865601	-0.048480	0.134501	-0.093729	0.249413	-0.043034	-0.207518	0.090790	-0.021193	-0.091603	-0.098321	0.007623	0.054328	0.028296	-0.178013	0.039182	0.026818	0.026946	0.192302	0.006296	0.099830	0.062812	-0.038027	0.056432	-0.008901	0.016406	-0.040483	0.048254	0.043214	-0.035350	-0.076748	0.006231	0.015619	0.026083	-0.015812	-0.097466	-0.013406	-0.008744	-0.033756	-0.007099	0.002255	0.006626	-0.003372
SRR8865594	0.078268	0.201217	-0.289398	0.115179	0.155198	0.007218	0.151168	-0.170201	0.039859	0.030405	0.179801	-0.036789	0.006300	0.119354	-0.125360	0.005067	-0.202817	-0.107765	0.062485	-0.055924	0.053281	-0.028558	-0.015339	0.039060	0.137944	-0.089362	0.032809	0.024700	0.007003	0.053830	0.056244	0.044726	0.046582	0.045106	-0.025915	-0.011582	0.012860	-0.000388	0.001441	0.000476	0.003951	0.000429
SRR8865595	-0.230904	0.227669	0.212318	-0.024804	0.176465	-0.054450	-0.265529	-0.093870	0.044669	0.022408	-0.003662	-0.062661	0.013363	-0.026015	-0.068119	-0.026129	-0.044485	-0.054694	-0.036484	0.034059	-0.065175	0.019295	0.004277	-0.012103	-0.018780	-0.041184	-0.022620	-0.010903	-0.020394	0.030270	-0.035287	0.072456	0.002027	-0.014492	0.016986	-0.034371	-0.009387	-0.041958	0.026032	0.000111	-0.004788	-0.000152
SRR8865596	-0.156362	0.418672	-0.042864	0.022714	0.249382	0.144688	0.031285	0.213231	0.070859	0.165201	-0.082109	-0.082795	-0.071370	0.024230	-0.024406	-0.007373	0.042268	0.059266	0.040501	-0.047004	-0.037919	0.057438	0.001462	-0.020914	-0.040308	0.003871	0.004021	0.010958	0.007449	-0.048387	0.033722	-0.001689	-0.008052	0.010727	-0.037411	0.016628	-0.009645	0.025556	-0.009188	-0.005532	-0.003433	0.004434
SRR8865597	-0.239123	-0.047584	0.045830	-0.195512	0.039142	-0.188561	0.020205	0.004311	-0.215694	0.054249	-0.015911	-0.083387	-0.094471	0.020364	0.069033	-0.096379	0.084537	-0.072854	-0.008399	-0.112836	0.013618	-0.066124	0.000696	0.061540	-0.075420	0.091530	0.001404	0.051828	0.007268	0.052344	0.045533	0.052226	0.039408	-0.024170	-0.061576	0.003556	0.065504	0.015878	0.013944	-0.008090	-0.002290	-0.001451
SRR8865592	-0.308089	-0.065256	-0.028823	0.178236	-0.149531	-0.007279	-0.088028	0.083286	0.057301	0.199233	0.106168	0.099933	0.036231	-0.005860	0.018377	-0.113618	0.069296	0.072114	-0.042340	-0.036170	0.183952	-0.024506	-0.010161	0.014511	-0.006384	0.028989	-0.058922	0.050617	0.051241	0.065003	0.015515	-0.055564	0.029085	0.017512	0.000980	-0.069820	-0.041795	0.013025	0.021042	0.008944	-0.006431	-0.000027
SRR8865593	0.011920	-0.172656	0.103647	0.095725	-0.000659	-0.200583	0.016482	0.060446	-0.050366	-0.016851	-0.083641	0.106813	0.069148	-0.074502	-0.063115	0.011994	0.001397	-0.012636	0.007200	0.000610	-0.047147	0.033710	-0.056102	-0.019979	-0.012927	-0.052604	-0.015147	-0.065498	-0.030750	-0.017020	0.113286	0.022066	-0.043193	-0.037029	0.011189	-0.080316	0.028979	0.028231	-0.012364	-0.011172	0.002435	0.000091
SRR8865584	0.139402	-0.221553	0.053643	0.088816	0.075142	0.034668	-0.066493	-0.034292	0.028864	0.208624	0.011551	-0.000469	-0.133777	-0.044913	0.068477	0.116279	0.018023	-0.080626	0.073279	-0.126351	0.079413	-0.132408	-0.016175	-0.056104	0.039806	-0.066705	-0.067566	0.082501	-0.088735	-0.085630	-0.038803	-0.023142	-0.017573	-0.042969	0.027661	0.000264	0.027272	-0.028974	-0.012920	-0.005566	-0.000485	0.002250
SRR8865585	-0.191487	-0.092815	0.132629	-0.008124	0.065120	0.055416	0.020852	-0.167286	0.062618	0.108730	0.223293	0.095244	-0.012828	-0.079020	0.018430	0.138215	-0.038943	0.005174	-0.034118	-0.006150	0.098762	0.220931	-0.003961	0.065623	-0.098578	0.020868	-0.031065	-0.058424	-0.081588	0.035889	-0.012407	-0.038052	-0.000749	0.034193	-0.018763	0.033267	0.018176	-0.017067	-0.005849	-0.006424	-0.000032	-0.002730
SRR8865586	0.031489	-0.001509	-0.060616	0.252373	0.117120	-0.123344	-0.011364	-0.080002	-0.008797	0.084623	0.034636	0.172232	-0.002519	-0.092792	-0.056910	0.027038	0.042883	-0.038916	0.112934	-0.021460	-0.111326	-0.133549	-0.054015	-0.073763	-0.083517	-0.025528	0.049598	-0.071346	0.048744	0.060900	-0.063076	-0.045886	0.040583	-0.010591	-0.006457	0.027201	-0.026415	0.032364	-0.010417	-0.009650	-0.006677	-0.001724
SRR8865587	-0.096081	0.383811	-0.041888	0.012661	0.248246	0.167885	0.080881	0.172843	0.046548	0.149625	-0.098866	-0.061696	-0.082708	0.021625	-0.042635	0.043765	0.014368	0.088162	-0.033721	-0.012179	-0.040311	0.056173	-0.021967	-0.044028	-0.019027	-0.002601	0.008438	0.022877	0.041064	-0.026606	0.014724	-0.058796	0.001953	0.013286	-0.008523	0.000138	0.022491	-0.013045	0.003172	-0.000325	0.003526	-0.002255
SRR8865588	0.087027	0.113295	-0.181846	0.178897	0.010781	-0.113199	-0.071543	-0.128590	-0.092830	-0.010736	0.130888	-0.131267	0.088268	0.023630	-0.100033	0.114671	0.080496	-0.022244	-0.028007	0.092868	-0.077785	-0.068758	0.001708	-0.048278	-0.139926	0.025350	-0.075060	0.078537	-0.000724	-0.031495	0.020904	0.040657	-0.016465	0.063085	0.034338	0.014623	0.001053	0.000376	0.024370	0.005060	-0.003412	-0.001266
SRR8865589	-0.119399	0.020327	-0.185764	-0.326956	-0.126715	-0.197335	-0.055865	0.184601	0.261047	-0.058470	0.062958	-0.046462	0.025076	-0.195013	0.007893	0.009630	-0.003335	-0.050014	0.061730	-0.016006	-0.061681	-0.025038	-0.065097	0.014418	0.039342	-0.002762	-0.032085	0.000123	-0.015445	0.037792	0.045573	-0.034012	-0.050574	0.002328	-0.018841	0.038357	-0.018725	-0.014887	0.039546	-0.009900	0.006829	0.002390
SRR8865590	-0.087951	-0.155222	0.037148	-0.070626	0.106735	-0.158884	0.103408	-0.077551	-0.065149	0.035697	0.122331	-0.112152	-0.172572	0.057000	0.021492	0.049344	0.078765	0.076585	-0.124702	-0.052008	-0.026240	-0.013317	-0.007487	0.142673	0.045989	-0.024850	0.075530	0.017754	-0.006333	-0.053677	-0.010223	0.020659	-0.006084	-0.009008	0.059633	0.025363	-0.062438	0.033960	0.004150	-0.006529	0.003802	-0.001127
SRR8865591	-0.490383	0.044706	-0.025472	0.064052	-0.139218	0.197575	-0.080360	0.039283	-0.042703	-0.093065	0.091010	0.037443	0.013636	0.001428	0.023107	-0.024629	0.004417	-0.034621	-0.029477	-0.035148	0.013894	-0.018855	-0.023366	-0.039544	0.030544	-0.005526	0.010557	0.010798	-0.005615	-0.034315	-0.015467	0.020944	0.010644	-0.009689	-0.007402	0.016991	0.000293	0.012711	-0.006000	-0.012088	-0.004694	-0.003353
SRR8865582	-0.175720	-0.239455	-0.224647	-0.193662	0.035720	-0.186435	-0.071602	-0.016833	-0.170953	0.077907	-0.044731	-0.041785	-0.002006	0.150469	-0.010078	0.023541	-0.057709	0.072694	0.024797	0.051903	-0.018885	0.029625	-0.047708	-0.047013	0.026264	0.029596	-0.052667	-0.018294	0.013904	-0.021223	-0.036923	-0.045651	0.060533	-0.006918	0.013434	0.010917	0.007409	-0.005980	0.004809	0.010251	0.014010	0.003387
SRR8865583	-0.275648	-0.198208	0.054343	-0.027702	0.015217	0.051345	0.212679	-0.214354	0.199394	0.013013	-0.073478	-0.120651	0.002126	-0.046281	-0.007693	-0.016346	-0.003973	0.030233	0.050147	0.035423	-0.086967	-0.085889	0.023885	0.007079	0.041359	0.044755	-0.045873	-0.076435	0.041822	-0.006764	0.023954	-0.063088	0.050098	0.013492	-0.001848	-0.000536	0.011773	-0.010989	-0.016268	0.000286	-0.000826	-0.002425
SRR8865577	0.101525	-0.279115	-0.114585	0.137058	0.044734	0.022350	-0.070290	0.151308	-0.049110	-0.085985	-0.142963	-0.209954	-0.005622	-0.097547	-0.010832	0.061198	0.018911	-0.063122	0.048199	0.068498	0.065670	0.067508	0.061796	0.040545	-0.017820	-0.045859	0.007784	0.038983	0.017957	0.050826	0.027366	-0.015016	-0.013127	0.023963	0.016205	-0.011726	-0.010371	-0.006074	-0.014489	-0.016379	-0.004439	0.001764
SRR8865576	-0.153608	0.180607	0.249678	-0.102355	0.139393	-0.124908	-0.285863	-0.163569	0.053617	-0.085345	-0.066842	0.007457	0.015189	-0.034316	-0.008941	-0.027546	0.027746	0.031984	0.071446	0.009843	0.057292	-0.000607	0.067607	0.043352	0.029636	-0.013958	-0.005127	-0.006633	0.020008	-0.017361	-0.021687	0.014078	0.023587	0.011484	-0.007245	-0.006731	-0.004614	0.012762	-0.021375	0.009040	-0.007160	0.010690
SRR8865579	-0.498134	-0.039358	-0.042434	0.066213	-0.101802	0.187625	-0.046145	0.025275	-0.067755	-0.065524	0.018882	0.039543	0.040762	0.013927	0.047442	0.013480	-0.006363	-0.040444	-0.000321	-0.043907	-0.018953	0.002468	0.020623	-0.023885	0.019806	-0.016092	0.014886	-0.043559	-0.002017	-0.021549	0.019119	0.027723	-0.014280	-0.001138	0.012038	0.013544	0.029384	0.006855	0.002069	0.012850	-0.003640	-0.000915
SRR8865578	-0.221863	-0.243422	-0.204074	-0.162816	0.009897	-0.138295	-0.043254	0.001197	-0.210409	0.029543	-0.014610	-0.009325	0.039973	0.121721	0.002584	0.029524	-0.059637	0.114789	0.046456	0.105366	0.005113	0.059480	-0.061320	-0.044499	0.020485	-0.017273	0.015173	0.008986	0.035677	0.016682	0.019288	-0.001837	-0.012291	-0.016941	-0.002492	0.011201	-0.008181	-0.030245	-0.015384	-0.009786	-0.014547	0.000552
SRR8865573	-0.224152	-0.210081	0.074122	0.011898	-0.046472	0.087352	0.267098	-0.208401	0.165155	0.051264	-0.075895	-0.100385	0.028890	-0.007834	0.025855	0.020862	0.056730	0.050678	0.018640	0.036702	-0.039267	-0.029434	-0.002161	0.055536	0.005752	0.024210	0.010006	0.003534	-0.029901	-0.014596	0.031536	0.019010	-0.031572	0.043076	0.005312	-0.038722	0.015098	0.010227	-0.003841	0.004806	-0.009201	0.002602
SRR8865572	-0.138389	-0.008969	-0.217348	-0.356075	-0.203253	-0.122971	-0.041071	0.235038	0.212439	0.009273	0.091888	0.037050	0.030716	0.011075	-0.047991	0.039023	-0.014362	-0.018534	0.050011	-0.015770	-0.032729	-0.033910	0.038325	-0.012057	-0.038152	0.034123	0.047979	0.056495	-0.054442	-0.017296	-0.052682	0.029172	-0.001074	0.039665	0.004238	-0.032619	-0.000211	0.007471	-0.047738	0.014353	-0.002486	-0.003691
SRR8865575	-0.482231	-0.006324	-0.054662	0.088197	-0.127275	0.201162	-0.051794	-0.000722	-0.015430	-0.124677	0.047426	-0.032745	0.045493	0.062572	-0.015992	-0.025950	0.023563	-0.038424	-0.020527	-0.036801	0.007090	-0.008467	0.005765	-0.029711	0.018348	-0.014760	0.048479	-0.011920	-0.008219	-0.034399	0.027277	-0.017532	-0.029484	-0.013953	0.011269	-0.014313	-0.020857	-0.005308	0.003123	-0.005558	0.005683	0.000388
SRR8865574	-0.167171	0.169243	0.271811	-0.086322	0.148944	-0.132994	-0.287264	-0.129738	0.066400	-0.032599	-0.049950	-0.024510	0.025861	-0.011808	0.020819	-0.044952	-0.019320	-0.028147	0.040419	0.044289	0.013894	-0.003790	0.021167	0.029879	0.005963	0.020792	0.037350	0.005385	0.003959	-0.011166	0.017907	-0.008609	0.008166	0.001924	0.021081	0.011871	-0.002141	0.005494	-0.020333	-0.000711	0.011593	-0.008142
SRR8865581	-0.497113	-0.048400	-0.071753	0.083493	-0.098010	0.172723	-0.056231	0.021670	-0.094369	-0.072187	0.008818	0.024038	0.038543	0.002583	0.038280	0.032158	-0.014487	-0.031545	0.018829	-0.004441	-0.017612	0.005196	0.020129	-0.048686	0.002857	-0.006487	0.012347	-0.043055	-0.003542	-0.028590	-0.009783	0.014057	0.010642	-0.002521	0.004806	0.029433	-0.003823	0.014952	0.012409	-0.000914	0.009025	0.004120
SRR8865580	0.052026	-0.250304	-0.191653	0.164245	0.046986	0.043957	-0.091315	0.071350	0.048240	-0.020122	-0.221444	-0.229205	-0.058181	-0.072348	-0.026378	0.019436	0.022921	-0.088252	-0.025290	-0.001639	0.059336	0.051742	0.007444	0.010317	-0.010834	-0.033236	-0.049104	-0.058851	-0.031697	0.014782	-0.064477	0.014521	0.047428	-0.002787	-0.030008	-0.013056	-0.013286	0.027044	0.014883	0.014003	0.008846	-0.003707
SRR5898912	0.102354	-0.140566	0.221558	-0.031052	0.020289	0.192666	0.130656	0.008206	0.033926	-0.124433	0.083481	-0.065660	-0.015259	0.018270	-0.100815	-0.090011	0.056348	-0.060572	0.089039	0.104027	0.019576	0.008499	-0.090622	0.000709	-0.007428	0.008959	0.058513	0.074588	-0.023114	0.005916	-0.036192	-0.022339	-0.000964	-0.049865	-0.033421	0.019396	-0.003123	0.001312	0.013379	0.013872	-0.007221	0.000305
SRR5898911	0.205625	0.075657	0.033585	0.044261	-0.229866	0.032647	-0.045817	0.038932	-0.003306	-0.124653	-0.026466	0.006781	-0.099614	0.010482	0.031994	0.102980	0.001926	0.132041	0.028773	-0.120897	-0.098391	-0.004133	0.024236	0.078614	0.034130	0.022171	-0.050941	-0.027769	0.018581	0.052139	-0.011508	0.042322	0.022100	0.006901	-0.017356	-0.003431	-0.010977	-0.008518	-0.006943	-0.004220	0.005054	-0.000119
SRR5898910	0.263150	0.011268	0.025592	-0.088469	-0.092146	0.113815	-0.110370	-0.090375	-0.043445	-0.073735	0.007252	-0.012910	0.016581	0.187303	-0.110787	0.089458	0.043458	0.032474	0.039407	-0.062185	-0.011756	0.020356	0.017409	0.020451	0.043598	0.002586	-0.036211	0.011942	-0.002429	0.019290	-0.062507	-0.021471	-0.052023	0.001051	-0.072270	-0.041049	-0.025354	0.023381	-0.003743	-0.016053	-0.002417	-0.000911
SRR5898909	0.035140	-0.013337	0.114286	0.093283	-0.083247	-0.095393	0.028289	-0.007417	-0.052096	-0.009729	-0.175857	-0.003488	0.169106	0.126394	-0.222597	-0.091285	-0.006148	0.021163	-0.046242	-0.132364	-0.026898	-0.008229	0.080482	0.011666	-0.033287	0.016468	0.078010	0.039291	-0.116324	0.038924	0.020378	-0.095474	0.006568	-0.011549	0.022585	0.025717	-0.000696	-0.024940	0.003904	-0.000111	0.004205	0.000481
SRR5898908	0.181011	-0.148990	-0.164553	-0.020800	0.253359	0.001995	-0.024101	0.110844	0.110395	-0.064302	0.112108	-0.016946	0.076585	0.015170	0.075477	0.044188	0.035219	-0.029333	-0.037937	-0.104889	0.036359	0.006288	0.019024	0.030427	-0.042050	0.033909	0.118276	-0.054925	0.085166	0.002260	-0.033197	0.008048	0.031903	-0.054084	0.011498	-0.026033	0.017594	-0.047665	-0.000341	-0.001475	-0.004071	0.001546
SRR5898920	0.240764	-0.136589	-0.119629	0.138937	0.112647	-0.157989	-0.054999	-0.004426	0.030254	-0.062929	-0.016555	0.044951	0.048586	-0.003397	0.062776	-0.064825	0.090407	-0.107903	-0.090960	-0.020475	0.029734	0.063454	0.018340	-0.044901	0.035957	-0.044862	0.040374	0.016712	0.045398	0.007592	0.014785	-0.007360	-0.060113	0.049946	-0.023162	0.059577	0.012243	0.022157	-0.025663	0.009125	-0.001278	-0.000310
SRR5898921	-0.077111	0.094121	0.006460	0.039732	0.000318	-0.152762	0.244000	-0.095106	0.148760	-0.106994	-0.079687	-0.066979	-0.003487	0.039349	0.047090	-0.132290	-0.018003	-0.051763	-0.113872	-0.046030	0.010324	0.089133	-0.049401	-0.140620	0.015736	0.038259	-0.088154	0.042165	0.019917	0.001639	-0.024571	0.046615	0.013766	-0.035780	0.015903	0.007422	-0.041652	-0.021642	-0.023687	-0.011084	-0.005979	-0.001044
SRR5898922	0.145543	0.021603	0.160014	0.188194	-0.129912	0.005160	-0.011112	0.129979	-0.006062	-0.067230	0.087029	-0.139193	0.027156	-0.138144	0.048894	0.050780	-0.090211	0.146929	-0.066607	-0.063891	-0.096705	0.019158	-0.034690	0.007350	0.011546	-0.056473	0.019407	0.025451	-0.025146	0.061003	0.014677	0.008795	0.043811	-0.035128	0.029613	0.023662	0.013889	0.007363	0.000544	0.016614	-0.011395	0.001727
SRR5898923	0.155025	0.135643	-0.083481	-0.051849	0.185877	-0.054903	-0.013374	-0.085314	0.081663	-0.325795	0.033786	-0.002526	0.040144	0.138429	0.095859	0.033313	0.022023	0.107502	0.006793	-0.054699	0.100724	-0.055443	-0.078208	0.016138	-0.057591	-0.012796	-0.070466	-0.027340	-0.000897	-0.013979	0.027572	-0.061918	-0.048745	-0.014286	0.002331	0.017063	0.023351	0.018755	0.007434	0.010083	-0.002428	-0.000520
SRR5898924	0.251966	0.102933	0.090267	0.099203	-0.064625	-0.009704	0.109393	0.027481	-0.017962	-0.111869	0.101527	-0.078181	0.004290	0.052631	0.069299	-0.017971	0.006892	-0.084065	0.006958	-0.012893	0.009038	-0.049174	0.059033	0.001512	-0.084892	0.039604	0.012566	-0.051615	0.048776	-0.052084	0.002916	-0.017849	-0.014575	0.017267	0.003792	-0.051935	-0.016029	-0.032398	0.009209	-0.001646	0.011707	0.001610
SRR5898925	0.207656	0.052359	-0.207540	-0.328975	-0.142414	0.143847	0.008435	-0.225242	-0.077485	-0.049721	-0.026860	0.117630	-0.091058	-0.211835	-0.200148	0.008663	0.021864	0.002703	-0.018015	-0.083140	0.021755	0.069907	0.085754	-0.021685	-0.028625	-0.052549	-0.027895	0.028776	0.103125	-0.041316	0.037397	-0.019791	0.008911	-0.046135	0.037231	-0.007253	0.005406	0.003329	0.005811	0.008123	-0.003035	-0.001688
SRR5898926	0.222462	0.060976	0.167837	-0.036921	0.082713	0.193904	-0.018678	0.108238	-0.069132	-0.089549	0.062685	-0.010887	0.092931	0.030021	0.027408	0.080758	0.014138	-0.003851	0.120976	0.073679	0.013078	0.009311	-0.097835	-0.007931	0.009679	0.036286	-0.014288	0.018624	-0.014138	0.021832	0.021252	0.001875	0.036000	-0.012748	0.039283	-0.019978	-0.008477	0.004518	-0.006508	-0.007081	0.000155	-0.002426
SRR5899017	0.195345	-0.015292	0.160462	0.078951	-0.205208	-0.067402	-0.030067	0.084815	0.070990	0.025167	0.041876	0.069352	-0.090848	0.070785	0.015992	0.037789	-0.017652	0.006550	-0.022156	0.011774	0.053446	0.003849	0.063865	-0.080376	-0.038148	0.030994	0.015374	-0.002052	0.012326	0.000945	0.058840	0.005139	0.061177	0.059757	0.040343	0.020111	0.000793	0.005304	-0.008349	-0.010087	0.003026	0.003724
SRR5898966	0.329730	-0.036295	-0.064574	-0.112252	-0.050579	0.263369	-0.097752	-0.072214	-0.073461	0.076905	-0.132758	-0.012283	0.059610	-0.119422	-0.062586	-0.048440	-0.108558	0.038001	-0.102549	-0.033564	0.096570	-0.101833	-0.198411	0.024546	-0.074696	0.075705	0.029814	-0.036528	-0.014724	-0.013294	0.027386	0.058445	-0.006830	0.030401	-0.013516	0.018749	-0.025134	-0.009048	-0.026944	0.002276	0.006091	0.002058
SRR5898984	0.200498	0.071887	0.109035	-0.101277	0.001273	-0.040604	0.075162	0.092119	-0.026468	0.089920	0.095998	0.018378	0.059058	-0.006238	-0.047786	0.045231	0.113608	-0.104311	-0.018778	0.128112	-0.001168	0.060924	-0.047847	0.037174	0.064224	0.015381	0.031757	-0.003257	0.008530	-0.045291	0.034711	-0.014774	0.051973	-0.033899	0.009345	-0.017794	-0.003227	0.019064	-0.001956	0.007014	0.006033	0.001309
SRR5898985	0.103334	-0.090440	0.087148	0.085123	-0.092926	-0.115101	-0.017331	0.103671	-0.015244	-0.058855	-0.155240	0.174794	-0.042385	0.034708	0.012911	-0.072634	-0.108017	-0.074638	0.046949	-0.044165	-0.055261	0.059020	-0.094001	0.127008	-0.001676	-0.020419	0.000360	0.000462	0.023903	-0.133553	-0.025655	-0.018866	0.033330	0.078230	-0.006561	0.002193	-0.001643	-0.015604	0.031758	-0.001344	-0.015607	-0.001968
SRR5898986	0.181249	0.164320	0.047772	-0.160577	-0.249526	-0.001758	-0.030079	-0.134522	-0.076405	0.079808	-0.027707	-0.097989	-0.015672	0.012858	0.207609	0.009306	-0.047394	-0.039405	-0.086352	0.048358	-0.035491	-0.015913	-0.021830	-0.079056	0.007657	-0.072755	0.078894	-0.006235	0.003616	0.034436	-0.032905	-0.067476	-0.020331	0.040814	-0.015745	-0.031781	0.018216	0.002240	0.006874	0.003357	-0.000533	0.002002
SRR5898987	-0.130052	-0.036596	0.059540	0.004837	-0.096895	-0.047315	0.140273	-0.106158	0.155026	0.158121	-0.197218	0.148650	0.042678	0.096991	0.038527	0.166435	-0.041878	-0.013044	0.038772	0.040007	0.038739	0.009483	0.011353	0.012827	-0.088846	-0.020135	0.070453	0.029072	0.041793	0.029572	-0.002199	0.067794	-0.050896	-0.055573	-0.020129	0.022284	-0.025859	0.000639	0.025898	0.005909	0.005169	0.001883
SRR5898980	0.096738	-0.041532	0.084982	0.009984	0.107061	-0.127968	0.137130	0.066817	-0.037224	0.090866	0.102136	0.045288	0.246387	-0.032051	-0.048602	-0.003598	-0.023636	0.019077	-0.082755	-0.086928	-0.064418	0.061795	-0.015832	-0.036069	0.034173	0.017998	-0.058252	-0.028708	-0.009144	-0.033131	-0.081229	0.029100	-0.019010	-0.003868	-0.013774	-0.025868	0.016448	0.024776	0.002551	0.003592	0.005184	0.002558
SRR5898981	0.190883	-0.135816	0.162054	0.029393	0.048339	-0.011871	-0.174699	0.000100	0.028237	0.141127	0.102003	-0.028984	-0.005453	-0.078940	-0.062028	-0.049604	0.021188	0.055045	-0.068618	0.027766	0.011409	-0.057978	0.004800	-0.052159	0.153825	0.059887	0.008160	-0.044634	0.021761	-0.015905	0.029877	-0.007492	-0.052623	0.004591	-0.026273	0.027798	-0.004999	-0.012147	0.019391	-0.003178	-0.002168	-0.001148
SRR5898982	0.165694	-0.148088	-0.172162	-0.182058	0.333990	0.234873	-0.027318	-0.055120	0.012200	-0.064637	-0.022389	0.215796	0.052815	-0.040711	0.186254	-0.060131	-0.065380	-0.019113	-0.115879	0.064001	-0.121901	-0.031428	0.090847	0.013239	-0.023880	-0.012980	-0.027244	0.073929	-0.081888	0.015028	0.031842	-0.022609	0.049613	-0.004280	-0.017745	-0.019407	-0.031604	0.015820	0.009783	-0.006721	0.000906	0.001309
SRR5898983	0.244090	0.254631	-0.186762	-0.010773	-0.145929	-0.003881	0.060044	-0.010698	-0.089661	0.211074	0.054585	-0.094199	0.142453	0.012250	0.137957	-0.211208	-0.006009	0.007648	0.170364	0.001698	0.027856	0.020198	0.065890	0.091498	-0.039293	-0.060565	-0.048729	-0.070909	-0.040451	-0.017223	0.007645	0.013645	-0.022013	-0.042628	0.031455	0.031184	-0.023059	0.002097	-0.007825	0.000284	-0.002653	-0.001379
SRR5898978	0.129657	0.283361	-0.115006	-0.162849	-0.005991	-0.021029	0.109134	-0.016467	0.011248	-0.039630	-0.179564	0.097249	-0.001191	-0.001861	0.028781	0.029776	0.176403	0.058520	-0.008873	0.019482	0.114712	-0.016271	-0.030276	-0.064406	0.091336	-0.021249	0.049423	-0.058045	-0.076818	0.037994	-0.042052	0.040429	0.030936	0.034456	0.057467	-0.008956	0.023669	0.002918	0.029498	-0.007810	-0.004667	-0.002744
SRR5898979	0.217972	0.141389	0.120971	-0.071901	-0.242221	0.043058	-0.027369	-0.112609	-0.107932	0.104536	-0.000137	-0.118184	-0.014400	-0.018931	0.082749	0.044947	-0.024249	-0.083150	-0.024757	-0.005529	-0.059122	0.054042	0.016077	-0.036913	0.010513	0.031223	0.018352	0.009792	0.020364	-0.010732	-0.004554	-0.027667	-0.002386	-0.018516	-0.030698	-0.006243	0.000457	0.006462	-0.003975	-0.001664	-0.004968	-0.002391
SRR5898954	0.042129	0.086302	0.067069	-0.105676	-0.061590	-0.032410	0.080839	0.207948	0.011008	-0.022265	0.018939	0.019906	-0.103281	0.111806	-0.119702	0.046404	-0.092652	-0.068663	-0.164705	0.145941	0.070553	-0.126729	0.107548	0.028848	-0.026832	-0.028742	-0.062693	-0.108063	-0.029973	-0.007725	0.002754	-0.003463	0.005697	-0.042262	-0.026110	0.025778	0.003104	0.004302	-0.005222	-0.000519	-0.013086	0.000182
SRR5898950	0.199204	-0.028706	0.175929	0.108362	-0.148294	-0.052353	-0.026817	0.013893	0.118581	-0.048254	-0.013697	0.102503	-0.129951	0.108701	0.051649	-0.016891	-0.036106	-0.015464	0.059313	0.004949	0.002865	0.046432	-0.033948	-0.055438	0.011328	-0.001963	-0.043580	0.039523	0.005153	0.011795	0.044756	0.016105	0.027884	-0.037868	-0.010185	0.021102	0.002361	0.009915	0.001310	0.007661	0.010151	-0.000675
SRR5898948	-0.099476	-0.052700	0.279394	-0.086600	0.116011	0.028686	0.144832	0.150123	-0.062587	-0.004294	-0.060262	-0.015274	0.116007	-0.075722	0.024181	0.005545	-0.210300	0.056822	0.011617	0.020280	0.081695	-0.072141	0.067247	0.016171	0.011066	-0.019691	-0.018705	0.069309	0.095487	0.017506	-0.060719	-0.002908	-0.043298	0.018843	0.039664	0.007605	0.020533	0.025705	0.007502	-0.006736	0.006120	-0.003755
SRR5899005	0.270479	-0.241369	-0.116968	0.076337	-0.091044	0.138926	-0.124554	-0.040602	0.208687	0.035450	0.095662	-0.004156	-0.093893	0.074796	-0.066947	-0.218314	0.009045	0.151976	0.003989	0.104532	-0.041717	0.035260	0.024674	-0.006621	-0.055949	-0.032011	0.031345	0.005515	0.010318	-0.016273	-0.051945	0.043948	-0.007767	-0.005693	0.009874	-0.000111	0.058296	0.010223	0.010167	-0.015248	0.006595	0.000887
SRR5899007	0.059714	-0.059494	0.165778	-0.100557	0.004507	0.091544	0.224561	0.038717	-0.170869	-0.085006	0.030045	0.073130	0.041874	-0.102708	-0.031333	-0.033191	0.120809	-0.027740	0.080934	0.002249	0.014410	0.004098	0.070961	-0.010359	0.029037	0.022885	-0.040860	0.003986	0.005077	0.024680	-0.037605	0.030311	0.010938	0.051448	-0.013087	0.044129	-0.002646	-0.021120	-0.001063	-0.001872	0.004476	0.004015
SRR5899006	0.238095	-0.174751	-0.045883	0.072832	0.120060	0.143547	-0.101671	0.062919	-0.015732	0.112584	-0.072816	0.087376	0.036366	0.120045	0.060099	0.045753	0.046617	0.016015	0.042880	-0.017561	-0.069030	0.000520	0.098263	-0.010974	0.080722	0.080268	-0.019990	-0.016951	0.012701	0.017252	0.049288	0.042174	-0.033568	0.006193	0.007718	0.010112	-0.007942	-0.022022	0.003417	0.017142	-0.005716	-0.004463
