	PC1	PC2	PC3	PC4	PC5	PC6	PC7	PC8	PC9	PC10	PC11	PC12	PC13	PC14	PC15	PC16	PC17	PC18	PC19	PC20	PC21	PC22	PC23	PC24	PC25	PC26	PC27	PC28	PC29	PC30	PC31	PC32	PC33	PC34	PC35	PC36
SRR8865598	-0.356114	-0.166444	0.122075	-0.007684	0.317161	-0.073702	0.092965	-0.179709	0.063929	-0.126159	0.063889	-0.041926	0.103224	-0.115908	0.055194	-0.092785	0.016697	-0.012861	-0.008128	0.022879	0.002755	-0.009821	-0.005249	-0.012050	0.010279	0.000173	0.006869	0.011033	-0.006096	-0.002082	-0.002719	-0.000171	-0.000508	-0.001196	-0.000592	-0.000132
SRR8865599	-0.162365	-0.550095	-0.097941	-0.029592	0.041517	0.163627	0.077019	-0.001987	-0.040317	-0.013411	0.025186	0.082500	-0.026286	-0.013727	-0.058656	0.015513	-0.158293	-0.023380	0.096177	0.080867	-0.021748	0.003308	-0.036187	0.023562	0.035786	0.015647	0.006618	0.000796	-0.008744	-0.001029	0.008460	-0.000815	0.001023	-0.002892	0.000814	0.000370
SRR8865600	-0.348481	-0.260530	-0.303158	-0.023388	-0.013789	-0.017710	-0.045140	-0.091795	0.037680	0.074132	0.150570	0.051954	-0.098987	0.048127	-0.020112	-0.003221	0.040660	-0.014244	0.020274	0.076595	-0.031285	0.044982	0.047396	0.005517	-0.030955	-0.022040	-0.000921	0.020010	0.002328	0.018086	-0.003020	0.004059	0.001951	0.002347	-0.000476	-0.000728
SRR8865601	-0.207630	-0.206557	0.313403	-0.026276	-0.031298	0.341033	0.101824	-0.049526	0.008022	0.021372	-0.113595	0.197064	0.176381	0.151726	0.008360	0.009649	0.057917	0.007164	-0.048826	0.023124	0.007554	0.003897	-0.005625	-0.004084	-0.011110	0.027261	0.004048	-0.006297	-0.001755	0.001596	-0.003450	0.003948	0.001923	0.003210	0.000093	0.000283
SRR8865594	-0.133670	-0.544113	0.076124	-0.041195	-0.064502	0.263810	0.066776	-0.082162	-0.022660	0.008435	0.099828	-0.162994	-0.067461	-0.066707	-0.002657	0.032872	0.082636	0.074945	-0.004943	-0.108145	-0.005563	0.001574	0.001124	-0.010777	-0.025604	0.004899	-0.007711	0.006138	0.001220	0.005233	-0.004840	-0.002924	-0.001745	-0.000380	-0.000369	-0.000597
SRR8865595	-0.429530	0.143177	-0.015226	-0.046030	0.156610	0.013431	0.034713	-0.051664	-0.088682	0.029238	-0.017854	-0.060572	-0.049415	-0.050509	0.008916	0.050737	-0.007960	-0.064341	-0.077792	0.020614	0.009439	-0.050744	0.012718	-0.011819	0.012278	0.017817	-0.026467	-0.049598	-0.018802	0.012132	0.018582	-0.000516	0.004295	0.003354	0.001561	0.001126
SRR8865596	-0.177382	-0.590916	-0.250495	-0.070846	0.121746	-0.183312	-0.054668	0.072166	-0.093098	0.015534	-0.071102	-0.028474	0.047889	0.113402	-0.028766	0.025106	0.008506	0.009649	-0.029291	-0.025957	0.027313	-0.010593	-0.015602	-0.001760	-0.008784	0.001903	-0.008889	-0.001097	0.013813	0.005081	-0.005560	0.001808	0.018788	-0.008321	-0.001073	0.002732
SRR8865597	-0.370403	0.155560	0.025740	0.009417	0.069512	0.013472	0.030090	0.055681	-0.080665	0.091997	0.143842	0.150560	-0.132131	0.113432	-0.052305	-0.181087	0.005200	-0.027654	-0.037030	-0.062591	-0.040970	0.024345	0.017633	-0.045782	0.006057	0.004239	-0.025756	-0.016449	-0.008678	-0.018130	0.000594	-0.005384	-0.005674	-0.001369	-0.000158	0.000172
SRR8865592	-0.464766	0.183705	0.062527	-0.042192	0.141134	-0.021834	-0.007666	-0.007055	-0.017576	0.000736	0.110740	0.049468	0.082207	0.020818	0.010378	-0.090242	-0.027426	0.054926	0.021974	-0.056328	0.056276	-0.092586	0.033222	0.033046	0.012680	-0.023976	0.019644	0.007073	-0.006286	0.026221	0.007139	0.010152	0.005641	0.002729	0.000336	-0.000861
SRR8865593	-0.035087	0.029321	-0.027491	0.276281	-0.130165	-0.006929	0.045398	0.159088	0.218544	-0.096068	0.169283	-0.109228	0.125397	0.081965	-0.136515	0.033312	0.017614	0.029160	-0.066196	0.083526	-0.035454	-0.035742	0.006547	-0.007773	0.005839	-0.015370	-0.017048	-0.002444	-0.007615	-0.005144	-0.003342	0.000327	0.002284	-0.000081	-0.000901	0.000117
SRR8865584	0.089598	0.032467	0.026489	0.203988	-0.197911	-0.125958	0.061161	-0.017774	-0.082135	0.155458	0.054740	0.002707	0.013242	0.008329	0.088730	-0.007956	0.142958	0.008713	0.107667	0.040865	0.058578	-0.021749	-0.047447	-0.046763	0.031552	-0.002310	-0.003918	-0.001423	0.009901	-0.005464	0.011375	0.001420	0.003707	-0.001891	-0.000237	-0.000463
SRR8865585	-0.296727	0.115356	-0.104079	0.010317	-0.151194	-0.000686	-0.043677	-0.066154	0.212096	-0.004945	0.127620	-0.001443	-0.129181	0.126979	0.190838	0.088584	-0.092608	-0.045110	-0.066549	-0.016707	0.089006	0.011233	-0.008210	-0.014427	0.007681	0.028613	0.017578	0.005176	0.000879	-0.003969	-0.002685	0.002571	0.000721	0.000428	-0.000079	0.000435
SRR8865586	0.154409	-0.136272	0.229456	0.169382	-0.091210	0.259703	-0.061769	-0.086636	-0.054443	-0.024407	-0.006079	-0.014078	-0.063024	0.085729	0.100479	0.020521	0.014114	-0.008101	0.046276	0.030355	0.010606	-0.045933	0.042154	0.073700	-0.000829	-0.036835	-0.011294	-0.000618	0.013556	-0.008452	-0.004168	-0.007844	-0.004063	-0.001695	0.000656	0.000340
SRR8865587	-0.170033	-0.597368	-0.245183	-0.078065	0.120778	-0.179639	-0.056118	0.069382	-0.090317	0.013120	-0.073239	-0.033041	0.051753	0.111175	-0.022705	0.023216	0.009662	-0.004478	-0.027478	-0.022201	0.018475	-0.017314	0.000855	-0.011676	-0.004121	-0.006528	0.011651	-0.001208	-0.007052	-0.016365	0.005242	-0.002403	-0.020010	0.008671	0.000897	-0.002632
SRR8865588	-0.178072	-0.223077	0.498789	-0.110981	-0.037948	0.031538	0.024402	0.034098	0.087008	0.057063	-0.028202	-0.096359	-0.168049	-0.009249	-0.146897	-0.039449	-0.064076	0.019533	0.014985	-0.037149	0.034450	-0.006859	-0.041947	-0.030657	0.010754	-0.015403	0.017770	0.011361	0.007398	0.000588	0.003552	0.002079	0.003664	0.000909	0.000146	0.000331
SRR8865589	0.124788	0.158896	-0.087067	0.224290	0.045682	0.081650	-0.176670	0.115523	-0.159168	-0.008995	0.076415	0.049403	-0.010670	-0.022205	-0.028039	0.019215	-0.032381	0.005085	0.016540	-0.034076	-0.026595	-0.021512	-0.055126	0.022486	-0.001251	0.001973	0.013618	-0.010937	-0.011833	0.031734	-0.003704	0.000666	-0.001287	0.000649	-0.004693	-0.001006
SRR8865590	-0.052256	0.265684	-0.054934	-0.019677	-0.064197	0.031869	-0.027810	-0.128585	-0.097948	0.051148	-0.086587	-0.016883	-0.025853	-0.005382	-0.056228	-0.001061	-0.014665	-0.075413	0.005532	0.004311	-0.006629	-0.012911	0.044099	-0.001357	-0.007014	-0.017002	-0.005853	0.010028	0.005581	-0.004665	-0.001893	0.008825	0.005178	0.003319	-0.001656	-0.000807
SRR8865591	-0.454799	0.169411	-0.128769	-0.079401	-0.015087	0.101338	-0.094370	0.022221	0.089477	0.017811	-0.104464	0.019877	0.043966	-0.025542	0.003016	-0.001379	-0.028283	0.028463	0.055733	-0.020663	-0.003905	0.001892	0.004401	-0.027922	-0.022466	-0.018802	-0.030016	-0.005743	0.003676	-0.019257	-0.017564	-0.016602	-0.004039	-0.008064	-0.000797	0.000185
SRR8865582	-0.328373	0.139948	-0.147962	-0.164435	-0.316465	0.030419	0.139066	0.108994	-0.174987	-0.066725	0.014649	-0.023588	0.010300	-0.024747	0.027415	-0.037532	0.029317	0.009604	0.017543	0.018973	0.035494	0.006361	0.003548	0.012687	0.024038	0.002580	0.002917	-0.010569	-0.027963	-0.009059	-0.020068	-0.004713	0.001308	-0.003753	-0.000528	0.001594
SRR8865583	-0.175459	0.160989	0.054135	0.233932	0.183176	0.060762	0.116413	0.206086	0.023618	0.045310	-0.085240	-0.083291	-0.040186	0.014533	-0.024998	0.008970	0.045219	-0.046765	0.018412	0.005938	0.036364	0.044315	0.006535	0.024808	0.014971	-0.002059	0.023460	-0.007514	-0.015555	0.013797	-0.035624	-0.011895	0.001655	0.005496	0.001926	0.000494
SRR8865577	0.024784	-0.026561	0.072399	0.267293	-0.184150	-0.139508	0.232796	0.053184	0.061169	-0.015007	-0.107314	0.162605	-0.017901	-0.082070	0.025141	0.002567	-0.047252	0.006698	-0.067256	-0.053709	-0.021570	-0.048564	-0.036019	0.015212	-0.038691	0.000907	-0.009646	0.021351	0.002543	0.002873	-0.001512	-0.003094	0.000212	0.002073	0.001130	0.000041
SRR8865576	-0.436519	0.220245	0.074981	-0.076896	0.173449	-0.029450	0.067655	-0.021196	-0.114595	0.002395	-0.001048	-0.047886	0.010574	0.007009	0.033369	0.090458	-0.031502	-0.049307	0.007295	0.013270	-0.017434	-0.002620	-0.025467	0.002559	-0.017943	0.000355	0.007131	0.010728	0.007606	-0.007272	-0.016622	-0.003297	0.006505	0.010788	0.001428	-0.004654
SRR8865579	-0.435958	0.073607	-0.195212	0.016653	0.048944	0.126062	-0.116277	0.047925	0.134486	0.031733	-0.041014	0.015002	0.028281	-0.081759	0.003283	0.004057	-0.002964	0.052370	-0.004465	-0.002177	0.001777	0.011428	-0.010084	-0.018618	0.023561	0.003707	0.008339	-0.009947	0.004680	-0.007341	0.001999	0.006394	0.001736	-0.004449	0.012927	-0.002878
SRR8865578	-0.329643	0.135370	-0.136329	-0.152458	-0.325518	0.017971	0.115955	0.093461	-0.142203	-0.129816	0.011664	-0.026223	0.020620	-0.032601	0.026665	-0.018558	-0.025448	0.037997	-0.005119	-0.013911	-0.025429	0.009656	-0.010563	0.009949	-0.011889	0.025599	-0.003241	0.008358	0.023685	-0.000969	0.027743	0.000642	-0.000940	0.004810	0.001301	-0.000927
SRR8865573	-0.173217	0.156760	0.070162	0.231375	0.188865	0.047947	0.123921	0.215440	0.039121	0.024998	-0.090783	-0.074520	-0.039617	0.018827	-0.016138	0.000731	0.037478	-0.028439	-0.000843	0.007038	0.009363	0.038098	0.042761	0.000251	-0.002426	0.030273	-0.007445	0.020994	0.016671	-0.005982	0.034958	0.009137	-0.003752	-0.006034	-0.001953	-0.000420
SRR8865572	0.108367	0.181505	-0.093325	0.214244	0.042659	0.081899	-0.193626	0.127394	-0.152996	-0.004879	0.079127	0.011539	-0.009571	-0.009686	-0.029178	0.027731	0.007623	0.032852	-0.010670	-0.020598	-0.004786	-0.015057	0.010274	0.011275	-0.016594	-0.007003	0.027929	0.019500	0.015437	-0.015269	0.003696	0.005543	0.001924	-0.001135	0.004611	0.000363
SRR8865575	-0.451411	0.166927	-0.140137	-0.070794	-0.017185	0.102433	-0.101962	0.024843	0.105225	0.019934	-0.095455	0.016787	0.031682	-0.029947	0.012886	0.007631	-0.032568	0.013438	0.065767	-0.018551	-0.003559	0.008796	0.004741	-0.012674	-0.028710	-0.016249	-0.022592	0.011724	-0.004337	0.005691	0.000571	0.012222	-0.000577	0.004868	0.000150	0.000355
SRR8865574	-0.434821	0.223538	0.070548	-0.077108	0.161840	-0.026602	0.071303	-0.015714	-0.116815	0.006036	-0.007486	-0.052985	0.005912	0.010350	0.029645	0.089337	-0.028895	-0.054021	0.004161	0.010006	-0.020913	-0.010954	-0.005444	0.006055	-0.012637	-0.007611	0.000308	0.021482	0.009501	-0.001193	0.007608	-0.001201	-0.008224	-0.014213	-0.002348	0.004049
SRR8865581	-0.436373	0.068236	-0.197137	0.016172	0.052688	0.127521	-0.117851	0.043711	0.135754	0.032521	-0.038035	0.020953	0.028412	-0.086386	0.011227	0.000033	-0.009921	0.055084	0.003815	-0.008392	0.007651	0.011818	-0.017169	-0.014234	0.027439	0.005854	0.015675	-0.005960	0.002753	-0.000873	0.007636	-0.006381	-0.001860	0.006285	-0.012454	0.002433
SRR8865580	-0.078091	-0.365064	-0.156729	0.188508	-0.077851	-0.129829	0.258030	0.028210	-0.001382	-0.001892	-0.047363	0.095483	-0.073732	-0.115364	0.030325	0.023661	-0.006411	0.020138	-0.001621	0.016045	0.006026	0.004055	0.055369	-0.007859	0.006860	-0.016819	0.005855	-0.009681	0.002158	0.009050	-0.006661	0.002489	-0.000769	-0.000359	-0.000456	-0.000326
SRR5898912	0.440094	0.086151	-0.090321	-0.108852	0.071144	0.009330	0.039713	0.015933	0.038925	0.034965	-0.015948	-0.028603	-0.004826	0.038182	0.034633	-0.011445	0.019492	0.017152	0.011247	0.011848	-0.016970	0.006027	0.001316	-0.005414	-0.002314	-0.028149	-0.056241	0.019725	0.005995	0.025169	0.007199	-0.005217	-0.000971	0.016571	0.001556	0.001471
SRR5898911	0.426116	0.050773	-0.035918	-0.042901	0.028299	-0.020960	0.022827	-0.015457	-0.008810	-0.074647	0.072259	-0.019781	0.110592	-0.029545	-0.063182	-0.096681	-0.063759	-0.019653	0.032546	0.001660	0.136799	0.018398	0.056695	0.004827	-0.044666	0.039168	-0.006997	0.004873	0.019238	-0.002346	-0.007579	-0.007868	-0.001594	0.000553	0.000082	0.000277
SRR5898910	0.436627	0.048277	0.056232	-0.130428	0.016121	-0.073297	-0.037224	0.030232	0.038912	0.066059	-0.001782	0.044506	-0.051320	-0.056090	-0.060133	0.009208	0.022947	0.029410	0.032775	0.068769	-0.001922	0.011350	-0.000036	0.017087	-0.036979	0.028277	0.016931	-0.031210	0.029768	0.001719	-0.006857	0.003137	0.000742	0.003409	-0.000048	0.000892
SRR5898909	-0.412684	0.165081	0.148394	-0.125561	-0.093337	-0.101191	-0.020178	-0.052333	-0.007624	-0.012930	-0.054455	-0.005909	-0.093144	-0.024225	-0.105490	0.022436	0.010468	0.043289	-0.014195	0.073716	0.028150	-0.045554	0.011926	0.008790	-0.020000	0.014015	-0.028376	-0.018169	-0.005553	0.004175	-0.005579	-0.000046	-0.005668	-0.002161	-0.000643	-0.001158
SRR5898908	0.444366	0.032714	-0.030052	-0.064511	-0.008543	-0.003362	0.078469	-0.010309	0.044778	-0.034571	0.021096	-0.034031	0.011936	0.016161	-0.013455	0.016392	-0.006368	-0.023359	0.000230	-0.027330	-0.002294	-0.021537	-0.006645	0.001997	-0.000799	-0.042248	0.039589	-0.055128	0.020911	-0.004149	0.004527	0.003197	-0.016926	0.001923	0.001665	0.000103
SRR5898920	0.375317	-0.069622	0.096530	0.059663	-0.124015	0.026482	0.050304	-0.046369	-0.000939	-0.023478	0.088872	-0.022044	0.082662	-0.019531	-0.084507	0.066798	-0.055563	-0.081132	0.048739	-0.049899	-0.046012	0.004090	0.044161	-0.025454	0.036246	0.004581	-0.019338	-0.008400	-0.000092	-0.020174	-0.002208	0.012578	0.007598	0.002760	-0.002101	0.000059
SRR5898921	0.023937	-0.213751	-0.126908	0.203997	-0.018739	-0.063130	-0.091732	-0.084302	0.151175	-0.083816	-0.078362	-0.040217	-0.052432	-0.041677	0.032659	-0.089317	0.067633	-0.111718	0.044719	-0.052361	-0.009558	-0.012776	-0.028524	0.061185	-0.005239	0.018466	-0.023468	-0.015191	-0.004804	-0.002096	0.008716	0.003428	0.002244	0.000653	0.000283	-0.000117
SRR5898922	-0.370424	0.079341	0.253376	-0.063810	0.098856	-0.211250	0.019543	-0.103102	0.014867	0.118847	0.097981	0.076197	0.031950	-0.042700	-0.023959	0.096933	0.038560	0.069761	-0.010833	-0.009783	-0.010848	0.050832	-0.008691	0.045180	0.006955	0.006778	-0.004748	0.004895	0.003015	-0.010527	0.000043	0.001291	0.000363	0.002697	0.000295	0.000372
SRR5898923	0.312680	0.100797	-0.083028	-0.053704	0.008914	0.059112	0.057930	-0.023884	-0.004634	0.017772	0.103446	-0.006098	0.048369	-0.021597	-0.037948	0.035559	0.065091	-0.057136	0.019724	-0.007703	0.029163	-0.001316	-0.090435	-0.027114	-0.064984	0.017462	-0.000948	0.007290	-0.022616	-0.005111	-0.002382	0.005163	-0.002393	-0.000853	-0.000318	0.000206
SRR5898924	0.449034	0.028654	-0.002020	-0.115010	0.048654	0.025641	0.008835	0.002571	0.028329	-0.008396	-0.001856	0.003169	-0.016328	0.004648	-0.007066	-0.025823	0.010925	-0.022464	0.027654	0.016658	-0.031776	0.003975	-0.004780	0.031444	0.016382	0.038067	0.008769	0.036165	-0.035176	-0.003888	-0.000252	0.006809	-0.011887	0.001171	0.003159	-0.000086
SRR5898925	0.489478	0.083146	-0.092317	-0.150872	0.101914	0.024919	0.011622	0.047405	-0.002245	-0.000920	-0.021681	-0.008016	-0.013386	0.022198	0.030701	-0.029086	-0.005489	-0.001569	-0.012025	-0.024335	-0.019358	-0.015518	-0.035136	0.004586	0.045969	0.007152	-0.028872	-0.008169	0.025340	-0.022651	-0.017261	0.002035	0.012140	0.003782	0.001363	0.000097
SRR5898926	0.468275	0.016000	0.006601	-0.129009	0.048268	0.086413	0.017304	0.021710	0.029322	0.025115	0.008087	0.001494	0.051544	-0.014421	0.019286	0.018619	-0.004955	-0.034468	-0.039330	0.011434	0.000722	-0.012991	-0.016842	-0.018869	-0.009558	-0.044805	-0.019520	0.010786	0.001485	0.006707	0.018095	-0.015736	0.000126	-0.007533	0.000375	-0.000312
SRR5899017	0.213339	-0.004817	0.131032	0.177977	-0.057805	-0.149078	-0.193071	-0.063677	-0.050907	-0.046888	-0.096483	0.011678	-0.008609	0.044705	-0.034997	0.000924	-0.017218	0.019092	-0.005919	-0.003205	0.018900	-0.003195	0.000933	-0.001443	0.015541	0.008302	0.013186	0.020716	-0.002649	-0.024504	0.003805	-0.009202	0.000044	0.007959	-0.003659	-0.001027
SRR5898966	0.483639	0.071226	-0.048939	-0.128821	0.060988	-0.015754	0.029122	0.023579	0.018444	0.021137	-0.030675	0.010315	-0.006724	0.007758	0.029196	0.015754	0.021822	0.037885	-0.026591	-0.014088	0.005109	-0.026135	0.001674	0.005622	0.055155	0.016124	-0.025890	0.013474	0.016236	0.013189	-0.031291	0.022745	-0.014361	-0.007913	-0.003958	-0.001145
SRR5898984	0.450878	0.053427	-0.033526	-0.092341	0.008945	-0.017430	0.023774	-0.011627	0.016529	-0.017108	0.027915	-0.043854	-0.019866	0.038575	0.015291	0.010205	0.006921	0.036875	-0.008412	-0.039545	-0.070933	0.000357	0.032030	0.017654	0.017026	0.060922	0.012587	0.005207	0.006724	0.027555	-0.001306	-0.021241	0.004089	-0.002853	0.001629	0.000638
SRR5898985	0.154529	0.109804	-0.024446	0.115690	-0.071224	-0.062093	0.016070	-0.125748	-0.009921	0.013617	0.056260	0.070774	0.085273	-0.015804	-0.073793	0.058275	-0.038577	-0.037443	-0.002486	-0.049795	0.032636	0.076868	-0.026569	0.008903	0.040462	-0.021931	-0.014366	-0.006946	0.014587	0.021700	0.005310	-0.011391	-0.007095	-0.001461	0.001853	-0.000494
SRR5898986	0.460872	0.053925	0.005464	-0.061025	0.018592	-0.027868	-0.041639	0.015557	0.009693	-0.108974	-0.009816	0.016057	-0.088944	0.034846	0.009345	-0.004342	-0.015411	0.048446	-0.007506	0.028849	0.002052	0.001482	-0.028967	0.005483	-0.021429	-0.011238	-0.002212	-0.004549	-0.010284	-0.005486	0.001984	0.006980	0.000389	0.004066	0.001892	0.009295
SRR5898987	-0.320512	0.049138	0.207904	0.120999	0.199447	-0.138172	0.006011	-0.015090	-0.022249	-0.237065	0.046662	0.011539	-0.004731	0.047870	0.118220	-0.001429	0.005113	0.068121	0.073152	0.010608	-0.058486	0.031773	-0.004827	-0.033645	-0.006762	-0.002535	-0.006163	-0.018688	0.004782	-0.008688	-0.003379	-0.000678	-0.000881	-0.000103	0.000090	0.000414
SRR5898980	-0.376217	0.073196	0.041325	-0.101752	-0.248001	-0.122476	-0.135860	-0.072804	0.081556	-0.009051	-0.055119	-0.009813	0.044264	0.036733	-0.034256	0.052459	0.051064	-0.038809	0.044561	-0.043442	-0.063720	-0.036311	0.042720	-0.027536	-0.007722	0.026857	0.027162	-0.003854	-0.006819	0.009816	-0.005177	-0.003035	-0.001011	-0.001300	0.000299	0.000285
SRR5898981	0.212795	0.022258	0.037941	0.198685	-0.114591	-0.049785	0.041540	-0.105245	-0.051855	0.241379	-0.054793	-0.198107	0.106058	0.048681	0.104013	-0.107964	-0.134802	0.063860	-0.013888	0.032172	-0.050508	0.025346	-0.011729	-0.005812	-0.026828	0.010445	0.003507	-0.016991	-0.010052	0.004964	-0.002097	0.005857	-0.001751	-0.000968	-0.000290	-0.000511
SRR5898982	0.475537	0.038522	-0.052522	-0.089742	0.023388	0.019824	0.116744	0.029711	0.013232	-0.016344	-0.008482	0.021864	-0.020298	-0.054062	0.050911	-0.012738	-0.010083	-0.034541	-0.021907	-0.012367	-0.034616	0.003173	0.028334	-0.053748	-0.024002	-0.038218	0.045077	0.015707	-0.004196	-0.007730	-0.016097	0.003414	0.005960	0.000095	-0.001960	-0.000169
SRR5898983	-0.050237	-0.330220	0.397900	-0.225444	-0.137332	-0.129053	-0.257142	0.306124	0.028358	0.073434	0.076065	0.025719	0.073241	-0.111409	0.122726	-0.038153	-0.003423	-0.087371	-0.030719	0.025497	-0.017931	0.014563	0.011069	0.024219	-0.002589	-0.010777	-0.007003	-0.001176	0.000026	0.004260	-0.001258	-0.001267	-0.000728	-0.001092	0.000089	-0.000026
SRR5898978	0.312595	-0.148089	0.060509	0.107447	-0.010596	0.172559	-0.188744	-0.078133	-0.152615	-0.092428	-0.034520	0.001691	-0.019346	-0.118842	0.033284	0.011033	0.030518	0.006395	-0.094904	0.041051	0.022725	0.046404	0.023379	-0.054622	0.013837	0.012026	-0.002393	-0.007383	-0.003322	0.005911	0.003666	0.005282	0.000025	0.003091	-0.000636	-0.000493
SRR5898979	0.458904	0.054314	0.007940	-0.063460	0.016296	-0.033918	-0.038146	0.011447	0.024704	-0.094261	-0.011214	0.014144	-0.089778	0.033342	0.004879	-0.000273	-0.018552	0.039385	-0.009575	0.035312	0.007610	-0.002029	-0.021862	0.003294	-0.013001	-0.007175	-0.016331	-0.000335	-0.012941	0.000054	0.002294	-0.003633	0.004875	-0.007210	-0.003197	-0.010345
SRR5898954	-0.020472	0.034335	-0.164948	0.122081	0.033633	0.011555	-0.072326	-0.187966	-0.000946	0.092785	0.026295	0.011761	-0.007439	-0.088574	-0.044522	-0.054515	0.022384	-0.003001	-0.080587	0.039872	-0.028018	-0.039692	-0.014525	0.032335	0.006185	0.004711	0.013351	0.016894	0.011182	-0.023366	-0.010040	-0.009185	-0.000827	-0.003826	0.000837	0.001999
SRR5898950	0.224281	0.014201	0.124816	0.155955	-0.036008	-0.125327	-0.146841	-0.079265	-0.042666	-0.063581	-0.088314	0.024744	0.000338	0.036239	-0.039702	0.005321	-0.021669	0.007127	0.008913	-0.021190	0.019820	0.030412	0.007009	-0.042228	-0.005828	-0.013596	-0.010212	0.005338	-0.016641	0.024609	-0.007540	0.005179	0.000489	-0.008045	0.004168	0.001955
SRR5898948	-0.438824	0.166249	-0.025265	-0.174943	-0.187658	-0.026885	0.030016	-0.082323	-0.002943	-0.100195	-0.079044	-0.073392	0.013649	0.054716	-0.047280	-0.087539	0.052730	-0.016621	-0.053214	0.020707	-0.003662	0.066672	-0.036483	0.043690	0.034599	-0.040093	0.027174	0.013041	0.005541	0.007607	0.005560	0.004521	0.002819	-0.000747	-0.000535	-0.000244
SRR5899005	0.477834	0.072796	-0.034925	-0.096348	0.049247	-0.034590	0.040351	0.003128	0.023915	0.061028	-0.011001	0.011423	0.019143	-0.018793	0.010665	0.064769	0.007493	0.073116	-0.004249	-0.059304	0.026021	0.042259	0.043305	0.070500	-0.006763	-0.020744	-0.003205	-0.017024	-0.042668	-0.026861	0.017975	0.002424	0.007100	-0.002925	-0.001238	-0.000037
SRR5899007	0.357550	0.085383	-0.037426	-0.081513	0.097812	0.045306	0.027639	-0.029668	0.072582	0.004552	-0.043564	0.064350	-0.001685	0.057490	-0.000034	-0.034674	0.039228	-0.023459	0.010707	0.006802	-0.023082	0.009940	-0.004166	0.004934	-0.023546	0.003486	0.038282	-0.025286	0.009979	0.009597	0.015110	0.001704	0.006722	-0.005808	-0.002384	-0.001739
SRR5899006	0.455928	0.063084	-0.009055	-0.107282	0.030039	-0.036845	0.023207	0.002459	0.036889	0.047292	-0.040520	0.016032	-0.007938	-0.005486	0.011840	0.008664	0.018536	0.021125	0.035425	0.036144	0.014702	-0.049665	0.022429	-0.056722	0.045906	0.000881	0.022051	0.018118	-0.015669	0.000976	0.020291	-0.012287	0.001300	0.001962	0.002127	0.000851
