taxon	H_statistic	p_value	mean_overall	mean_CRC	mean_Healthy	adj_p_value	significant
Methanobacteriales	13.541507	0.000233	0.005371	0.010675	0.000067	0.006534	True
Enterobacterales	7.986416	0.004713	0.122591	0.204294	0.040889	0.065981	False
Bacteroidales	6.693989	0.009674	0.620460	0.527660	0.713261	0.090289	False
Verrucomicrobiales	5.844837	0.015623	0.016419	0.030812	0.002026	0.109360	False
Desulfovibrionales	4.859497	0.027494	0.002175	0.003520	0.000830	0.153968	False
Selenomonadales	4.178992	0.040928	0.005038	0.004653	0.005424	0.163712	False
Fusobacteriales	4.208024	0.040233	0.000841	0.001681	0.000000	0.163712	False
Acidaminococcales	3.209574	0.073209	0.004173	0.006666	0.001681	0.218836	False
Tissierellales	3.102844	0.078156	0.001622	0.003243	0.000000	0.218836	False
Pantevenvirales	3.102844	0.078156	0.000804	0.001609	0.000000	0.218836	False
Lactobacillales	2.534557	0.111378	0.006354	0.008164	0.004544	0.283508	False
Veillonellales	2.372062	0.123524	0.055626	0.033272	0.077980	0.288222	False
Campylobacterales	2.033898	0.153826	0.000946	0.001891	0.000000	0.307651	False
Peptostreptococcales	2.033898	0.153826	0.000645	0.001291	0.000000	0.307651	False
Treponematales	1.758823	0.184771	0.001478	0.000876	0.002080	0.332735	False
Burkholderiales	1.716576	0.190134	0.005060	0.005272	0.004849	0.332735	False
Eubacteriales	1.295956	0.254953	0.047519	0.055942	0.039096	0.384891	False
Lachnospirales	1.262514	0.261176	0.067279	0.065861	0.068697	0.384891	False
Bifidobacteriales	1.316440	0.251232	0.019960	0.018649	0.021271	0.384891	False
Synergistales	1.000000	0.317311	0.000046	0.000092	0.000000	0.386291	False
Aeromonadales	1.000000	0.317311	0.001168	0.002336	0.000000	0.386291	False
Micrococcales	1.000000	0.317311	0.000061	0.000122	0.000000	0.386291	False
Eggerthellales	1.000000	0.317311	0.000075	0.000000	0.000150	0.386291	False
Coriobacteriales	0.780261	0.377061	0.001594	0.000887	0.002301	0.439905	False
Erysipelotrichales	0.725782	0.394254	0.000429	0.000619	0.000240	0.441564	False
Pasteurellales	0.298793	0.584640	0.000839	0.001031	0.000647	0.629612	False
Crassvirales	0.074093	0.785469	0.004082	0.003487	0.004676	0.814560	False
Primates	0.008024	0.928624	0.007343	0.005394	0.009292	0.928624	False
