sample_id	total_sequences	classified	unclassified	classification_rate
SRR8865598	99995	13795	86200	13.795690
SRR8865599	100000	12640	87360	12.640000
SRR8865600	100000	6253	93747	6.253000
SRR8865601	99999	15186	84813	15.186152
SRR8865594	100000	7718	92282	7.718000
SRR8865595	100000	10912	89088	10.912000
SRR8865596	100000	17037	82963	17.037000
SRR8865597	99999	1650	98349	1.650017
SRR8865592	99991	10590	89401	10.590953
SRR8865593	99999	7602	92397	7.602076
SRR8865584	100000	2879	97121	2.879000
SRR8865585	100000	8316	91684	8.316000
SRR8865586	100000	13437	86563	13.437000
SRR8865587	100000	19091	80909	19.091000
SRR8865588	100000	8859	91141	8.859000
SRR8865589	100000	2017	97983	2.017000
SRR8865590	100000	7311	92689	7.311000
SRR8865591	99999	9117	90882	9.117091
SRR8865582	100000	3023	96977	3.023000
SRR8865583	100000	3384	96616	3.384000
SRR8865577	99999	2700	97299	2.700027
SRR8865576	100000	8848	91152	8.848000
SRR8865579	99998	10284	89714	10.284206
SRR8865578	99998	3205	96793	3.205064
SRR8865573	100000	3770	96230	3.770000
SRR8865572	100000	2369	97631	2.369000
SRR8865575	99996	10435	89561	10.435417
SRR8865574	100000	8888	91112	8.888000
SRR8865581	99997	10298	89699	10.298309
SRR8865580	99999	3076	96923	3.076031
SRR5898912	90439	7108	83331	7.859441
SRR5898911	90132	10410	79722	11.549727
SRR5898910	90679	6805	83874	7.504494
SRR5898909	90319	10059	80260	11.137192
SRR5898908	90340	5500	84840	6.088112
SRR5898920	93003	3643	89360	3.917078
SRR5898921	92664	4169	88495	4.499050
SRR5898922	92193	10658	81535	11.560531
SRR5898923	91599	5086	86513	5.552462
SRR5898924	91743	6345	85398	6.916059
SRR5898925	93795	7677	86118	8.184871
SRR5898926	92616	6046	86570	6.528030
SRR5899017	87230	4610	82620	5.284879
SRR5898966	90624	6237	84387	6.882283
SRR5898984	89702	7983	81719	8.899467
SRR5898985	94862	6708	88154	7.071325
SRR5898986	92191	7653	84538	8.301244
SRR5898987	93970	5454	88516	5.803980
SRR5898980	90262	7336	82926	8.127451
SRR5898981	93761	5159	88602	5.502288
SRR5898982	93839	5362	88477	5.714042
SRR5898983	94960	8092	86868	8.521483
SRR5898978	94863	8548	86315	9.010889
SRR5898979	92049	7572	84477	8.226054
SRR5898954	91129	4291	86838	4.708710
SRR5898950	88768	5450	83318	6.139600
SRR5898948	91102	10021	81081	10.999759
SRR5899005	90092	5449	84643	6.048262
SRR5899007	90388	9203	81185	10.181661
SRR5899006	91203	6271	84932	6.875870
