	Acidaminococcus	Adlercreutzia	Aeromonas	Agathobacter	Akkermansia	Alistipes	Allocoprococcus	Anaerostipes	Atlantibacter	Bacteroides	Barnesiella	Bifidobacterium	Bilophila	Blautia	Blohavirus	Burzaovirus	Butyricicoccus	Butyricimonas	Campylobacter	Carjivirus	Catenibacterium	Citrobacter	Claveliimonas	Clostridium	Collinsella	Comamonas	Coprobacter	Coprococcus	Desulfovibrio	Dialister	Dorea	Duodenibacillus	Dysosmobacter	Efbeekayvirus	Endlipuvirus	Enterobacter	Enterocloster	Enterococcus	Escherichia	Eshraghiella	Eubacterium	Faecalibacterium	Faecalimonas	Flavonifractor	Fusobacterium	Haemophilus	Hominenteromicrobium	Homo	Horekuvirus	Hungatella	Ildiruevirus	Intestinimonas	Jiaodavirus	Kagunavirus	Klebsiella	Kluyvera	Lachnoclostridium	Lachnospira	Lactobacillus	Lawsonibacter	Leclercia	Ligilactobacillus	Limosilactobacillus	Mediterraneibacter	Megamonas	Megasphaera	Methanobrevibacter	Mitsuokella	Morganella	Mosigvirus	Odoribacter	Otoolea	Pantoea	Parabacteroides	Paraprevotella	Parolsenella	Parvimonas	Peptostreptococcus	Phascolarctobacterium	Phocaeicola	Pilosibacter	Porphyromonas	Prevotella	Proteus	Pseudocitrobacter	Pyramidobacter	Roseburia	Rothia	Ruminococcus	Ruthenibacterium	Schiekvirus	Segatella	Shelovirus	Simiaoa	Slopekvirus	Smehivirus	Solobacterium	Streptococcus	Sutterella	Thomasclavelia	Treponema	Veillonella	Vescimonas	Wujia
SRR8865598	304.000000	0.000000	0.000000	0.000000	0.000000	678.000000	0.000000	0.000000	0.000000	1228.000000	0.000000	229.000000	0.000000	117.000000	0.000000	0.000000	0.000000	0.000000	0.000000	0.000000	0.000000	0.000000	0.000000	36.000000	0.000000	0.000000	0.000000	0.000000	0.000000	15.000000	0.000000	0.000000	0.000000	0.000000	0.000000	0.000000	425.000000	18.000000	2120.000000	0.000000	0.000000	221.000000	0.000000	186.000000	0.000000	0.000000	0.000000	770.000000	0.000000	0.000000	0.000000	0.000000	0.000000	0.000000	449.000000	0.000000	130.000000	0.000000	0.000000	0.000000	0.000000	0.000000	0.000000	20.000000	0.000000	22.000000	0.000000	0.000000	209.000000	0.000000	0.000000	289.000000	0.000000	132.000000	0.000000	0.000000	0.000000	0.000000	0.000000	5900.000000	0.000000	0.000000	0.000000	0.000000	0.000000	0.000000	0.000000	0.000000	0.000000	164.000000	0.000000	34.000000	0.000000	0.000000	0.000000	0.000000	0.000000	0.000000	0.000000	0.000000	0.000000	12.000000	0.000000	0.000000
SRR8865599	0.000000	0.000000	0.000000	0.000000	0.000000	0.000000	0.000000	0.000000	0.000000	678.000000	0.000000	138.000000	0.000000	436.000000	0.000000	0.000000	0.000000	0.000000	0.000000	0.000000	0.000000	132.000000	0.000000	0.000000	79.000000	0.000000	0.000000	0.000000	0.000000	248.000000	83.000000	0.000000	0.000000	19.000000	0.000000	974.000000	57.000000	0.000000	5377.000000	0.000000	0.000000	188.000000	19.000000	403.000000	0.000000	94.000000	0.000000	0.000000	0.000000	0.000000	0.000000	0.000000	56.000000	0.000000	812.000000	31.000000	42.000000	0.000000	0.000000	0.000000	0.000000	42.000000	267.000000	285.000000	0.000000	0.000000	0.000000	0.000000	0.000000	0.000000	0.000000	0.000000	0.000000	0.000000	0.000000	0.000000	0.000000	0.000000	0.000000	165.000000	0.000000	0.000000	0.000000	0.000000	33.000000	0.000000	27.000000	46.000000	0.000000	0.000000	0.000000	334.000000	0.000000	0.000000	26.000000	0.000000	0.000000	818.000000	0.000000	0.000000	0.000000	597.000000	0.000000	0.000000
SRR8865600	0.000000	0.000000	0.000000	43.000000	0.000000	715.000000	0.000000	0.000000	0.000000	1336.000000	0.000000	0.000000	0.000000	0.000000	0.000000	0.000000	0.000000	33.000000	0.000000	0.000000	0.000000	0.000000	0.000000	0.000000	0.000000	0.000000	0.000000	21.000000	0.000000	166.000000	34.000000	0.000000	0.000000	0.000000	0.000000	0.000000	0.000000	0.000000	2393.000000	0.000000	0.000000	87.000000	0.000000	0.000000	0.000000	0.000000	0.000000	0.000000	0.000000	0.000000	0.000000	0.000000	0.000000	0.000000	0.000000	0.000000	0.000000	0.000000	15.000000	34.000000	0.000000	0.000000	15.000000	0.000000	0.000000	0.000000	0.000000	0.000000	0.000000	0.000000	124.000000	0.000000	0.000000	109.000000	0.000000	0.000000	74.000000	92.000000	32.000000	167.000000	0.000000	321.000000	99.000000	0.000000	0.000000	0.000000	0.000000	0.000000	0.000000	0.000000	0.000000	43.000000	0.000000	110.000000	0.000000	0.000000	0.000000	0.000000	0.000000	0.000000	0.000000	0.000000	45.000000	0.000000
SRR8865601	0.000000	0.000000	0.000000	0.000000	0.000000	20.000000	0.000000	311.000000	0.000000	1307.000000	0.000000	167.000000	0.000000	69.000000	0.000000	0.000000	0.000000	0.000000	0.000000	0.000000	0.000000	0.000000	0.000000	0.000000	23.000000	0.000000	0.000000	0.000000	0.000000	75.000000	279.000000	0.000000	0.000000	23.000000	0.000000	1046.000000	0.000000	0.000000	0.000000	0.000000	0.000000	165.000000	16.000000	68.000000	0.000000	262.000000	41.000000	0.000000	0.000000	0.000000	0.000000	0.000000	0.000000	0.000000	7717.000000	0.000000	0.000000	0.000000	0.000000	0.000000	0.000000	50.000000	0.000000	315.000000	520.000000	251.000000	0.000000	0.000000	0.000000	0.000000	51.000000	0.000000	0.000000	52.000000	0.000000	0.000000	0.000000	0.000000	57.000000	1607.000000	0.000000	0.000000	0.000000	0.000000	0.000000	0.000000	0.000000	0.000000	17.000000	13.000000	0.000000	0.000000	0.000000	0.000000	0.000000	0.000000	0.000000	124.000000	0.000000	34.000000	0.000000	390.000000	0.000000	0.000000
SRR8865594	0.000000	0.000000	540.000000	0.000000	0.000000	0.000000	0.000000	0.000000	29.000000	430.000000	0.000000	122.000000	24.000000	0.000000	0.000000	0.000000	0.000000	0.000000	0.000000	0.000000	0.000000	591.000000	0.000000	0.000000	0.000000	0.000000	0.000000	0.000000	0.000000	125.000000	0.000000	0.000000	0.000000	0.000000	0.000000	1635.000000	0.000000	0.000000	1934.000000	0.000000	0.000000	163.000000	0.000000	35.000000	0.000000	19.000000	0.000000	0.000000	0.000000	0.000000	0.000000	0.000000	0.000000	0.000000	1243.000000	34.000000	0.000000	92.000000	0.000000	0.000000	55.000000	0.000000	0.000000	0.000000	0.000000	0.000000	0.000000	0.000000	0.000000	0.000000	0.000000	0.000000	0.000000	0.000000	0.000000	0.000000	0.000000	0.000000	0.000000	0.000000	0.000000	0.000000	0.000000	24.000000	0.000000	0.000000	229.000000	0.000000	0.000000	0.000000	0.000000	0.000000	0.000000	288.000000	0.000000	0.000000	0.000000	0.000000	0.000000	0.000000	0.000000	16.000000	0.000000	0.000000
SRR8865595	0.000000	0.000000	0.000000	0.000000	0.000000	316.000000	48.000000	0.000000	0.000000	3748.000000	0.000000	21.000000	0.000000	0.000000	0.000000	0.000000	0.000000	0.000000	0.000000	0.000000	0.000000	0.000000	0.000000	0.000000	0.000000	0.000000	0.000000	0.000000	0.000000	0.000000	0.000000	0.000000	0.000000	0.000000	0.000000	0.000000	0.000000	0.000000	755.000000	0.000000	0.000000	0.000000	0.000000	31.000000	0.000000	0.000000	0.000000	0.000000	0.000000	0.000000	0.000000	0.000000	0.000000	0.000000	0.000000	0.000000	0.000000	0.000000	28.000000	0.000000	0.000000	0.000000	0.000000	173.000000	0.000000	0.000000	0.000000	0.000000	397.000000	0.000000	45.000000	0.000000	0.000000	1532.000000	137.000000	0.000000	0.000000	0.000000	0.000000	2944.000000	11.000000	0.000000	0.000000	0.000000	0.000000	0.000000	0.000000	0.000000	0.000000	0.000000	0.000000	526.000000	0.000000	87.000000	0.000000	0.000000	0.000000	0.000000	33.000000	0.000000	0.000000	0.000000	0.000000	0.000000
SRR8865596	0.000000	0.000000	0.000000	0.000000	0.000000	0.000000	0.000000	0.000000	0.000000	727.000000	0.000000	2970.000000	0.000000	0.000000	0.000000	0.000000	0.000000	0.000000	0.000000	0.000000	0.000000	0.000000	0.000000	0.000000	0.000000	0.000000	0.000000	0.000000	0.000000	0.000000	0.000000	0.000000	0.000000	0.000000	0.000000	0.000000	0.000000	205.000000	12809.000000	0.000000	0.000000	0.000000	0.000000	44.000000	0.000000	0.000000	0.000000	0.000000	0.000000	0.000000	0.000000	0.000000	0.000000	0.000000	31.000000	0.000000	0.000000	0.000000	43.000000	0.000000	0.000000	0.000000	19.000000	0.000000	0.000000	0.000000	0.000000	0.000000	0.000000	0.000000	0.000000	0.000000	0.000000	58.000000	0.000000	0.000000	0.000000	0.000000	0.000000	54.000000	0.000000	0.000000	0.000000	0.000000	0.000000	0.000000	0.000000	0.000000	0.000000	0.000000	0.000000	0.000000	0.000000	0.000000	0.000000	0.000000	0.000000	0.000000	0.000000	0.000000	0.000000	0.000000	0.000000	0.000000
SRR8865597	0.000000	0.000000	0.000000	0.000000	0.000000	46.000000	0.000000	0.000000	0.000000	324.000000	0.000000	10.000000	0.000000	0.000000	0.000000	0.000000	0.000000	15.000000	0.000000	0.000000	0.000000	0.000000	0.000000	0.000000	0.000000	0.000000	0.000000	0.000000	0.000000	21.000000	0.000000	0.000000	0.000000	0.000000	0.000000	0.000000	0.000000	0.000000	0.000000	0.000000	0.000000	0.000000	0.000000	0.000000	0.000000	0.000000	0.000000	0.000000	0.000000	0.000000	0.000000	0.000000	0.000000	0.000000	0.000000	0.000000	0.000000	0.000000	0.000000	0.000000	0.000000	0.000000	0.000000	105.000000	0.000000	0.000000	187.000000	0.000000	0.000000	0.000000	30.000000	0.000000	0.000000	69.000000	0.000000	0.000000	133.000000	0.000000	0.000000	256.000000	0.000000	29.000000	38.000000	0.000000	0.000000	0.000000	0.000000	0.000000	0.000000	0.000000	0.000000	60.000000	40.000000	0.000000	0.000000	0.000000	0.000000	0.000000	0.000000	0.000000	0.000000	0.000000	35.000000	0.000000
SRR8865592	260.000000	0.000000	0.000000	0.000000	317.000000	590.000000	0.000000	0.000000	0.000000	3085.000000	0.000000	74.000000	16.000000	0.000000	0.000000	0.000000	0.000000	41.000000	0.000000	0.000000	0.000000	0.000000	0.000000	0.000000	0.000000	0.000000	0.000000	0.000000	0.000000	0.000000	80.000000	0.000000	0.000000	0.000000	0.000000	0.000000	15.000000	0.000000	0.000000	0.000000	0.000000	0.000000	0.000000	49.000000	0.000000	0.000000	0.000000	488.000000	0.000000	100.000000	0.000000	0.000000	0.000000	0.000000	0.000000	0.000000	149.000000	0.000000	0.000000	17.000000	0.000000	0.000000	0.000000	717.000000	0.000000	66.000000	303.000000	13.000000	0.000000	0.000000	161.000000	21.000000	0.000000	721.000000	0.000000	0.000000	0.000000	0.000000	0.000000	3135.000000	0.000000	0.000000	0.000000	0.000000	0.000000	0.000000	0.000000	0.000000	41.000000	33.000000	0.000000	0.000000	0.000000	0.000000	0.000000	0.000000	0.000000	0.000000	0.000000	0.000000	0.000000	0.000000	0.000000	0.000000
SRR8865593	0.000000	0.000000	0.000000	898.000000	1862.000000	437.000000	0.000000	0.000000	0.000000	810.000000	0.000000	71.000000	0.000000	34.000000	0.000000	0.000000	0.000000	0.000000	0.000000	0.000000	0.000000	0.000000	0.000000	0.000000	17.000000	0.000000	0.000000	317.000000	12.000000	44.000000	20.000000	0.000000	0.000000	0.000000	0.000000	0.000000	0.000000	0.000000	0.000000	0.000000	0.000000	949.000000	0.000000	0.000000	0.000000	0.000000	30.000000	0.000000	0.000000	0.000000	0.000000	0.000000	0.000000	0.000000	0.000000	0.000000	0.000000	0.000000	0.000000	0.000000	0.000000	0.000000	0.000000	21.000000	0.000000	56.000000	0.000000	0.000000	0.000000	0.000000	17.000000	0.000000	0.000000	43.000000	0.000000	0.000000	98.000000	0.000000	0.000000	57.000000	14.000000	0.000000	0.000000	0.000000	0.000000	0.000000	64.000000	0.000000	240.000000	17.000000	0.000000	1163.000000	0.000000	175.000000	0.000000	0.000000	0.000000	0.000000	0.000000	0.000000	0.000000	0.000000	20.000000	0.000000
SRR8865584	0.000000	0.000000	0.000000	55.000000	0.000000	20.000000	0.000000	0.000000	0.000000	371.000000	0.000000	103.000000	11.000000	0.000000	0.000000	0.000000	0.000000	0.000000	0.000000	0.000000	0.000000	0.000000	0.000000	0.000000	0.000000	0.000000	0.000000	0.000000	0.000000	0.000000	39.000000	0.000000	79.000000	0.000000	0.000000	0.000000	0.000000	0.000000	0.000000	0.000000	0.000000	81.000000	0.000000	0.000000	62.000000	0.000000	34.000000	0.000000	0.000000	0.000000	0.000000	29.000000	0.000000	0.000000	0.000000	0.000000	0.000000	0.000000	0.000000	0.000000	0.000000	0.000000	0.000000	0.000000	0.000000	133.000000	57.000000	247.000000	0.000000	0.000000	0.000000	0.000000	0.000000	0.000000	0.000000	0.000000	0.000000	78.000000	0.000000	50.000000	0.000000	0.000000	0.000000	0.000000	0.000000	0.000000	38.000000	0.000000	0.000000	0.000000	0.000000	755.000000	0.000000	263.000000	0.000000	0.000000	25.000000	0.000000	0.000000	0.000000	0.000000	0.000000	68.000000	0.000000
SRR8865585	0.000000	0.000000	0.000000	0.000000	0.000000	2249.000000	0.000000	0.000000	0.000000	2175.000000	389.000000	0.000000	20.000000	0.000000	0.000000	0.000000	0.000000	139.000000	0.000000	0.000000	0.000000	0.000000	410.000000	0.000000	0.000000	0.000000	16.000000	0.000000	0.000000	0.000000	0.000000	0.000000	0.000000	0.000000	0.000000	0.000000	84.000000	0.000000	0.000000	0.000000	0.000000	488.000000	0.000000	87.000000	0.000000	0.000000	0.000000	0.000000	0.000000	0.000000	0.000000	26.000000	0.000000	0.000000	0.000000	0.000000	0.000000	0.000000	0.000000	37.000000	0.000000	0.000000	0.000000	0.000000	0.000000	0.000000	0.000000	0.000000	0.000000	0.000000	107.000000	0.000000	0.000000	194.000000	551.000000	0.000000	0.000000	0.000000	0.000000	266.000000	0.000000	0.000000	0.000000	0.000000	0.000000	0.000000	113.000000	0.000000	75.000000	114.000000	0.000000	483.000000	0.000000	72.000000	0.000000	0.000000	0.000000	0.000000	15.000000	0.000000	0.000000	0.000000	52.000000	0.000000
SRR8865586	215.000000	0.000000	0.000000	28.000000	0.000000	239.000000	19.000000	0.000000	0.000000	379.000000	0.000000	15.000000	0.000000	0.000000	0.000000	0.000000	0.000000	0.000000	0.000000	0.000000	0.000000	174.000000	0.000000	0.000000	40.000000	0.000000	0.000000	0.000000	0.000000	1146.000000	22.000000	0.000000	113.000000	0.000000	0.000000	1378.000000	0.000000	0.000000	0.000000	0.000000	0.000000	460.000000	0.000000	30.000000	0.000000	0.000000	18.000000	0.000000	0.000000	0.000000	0.000000	0.000000	0.000000	0.000000	3290.000000	0.000000	0.000000	0.000000	0.000000	14.000000	0.000000	0.000000	73.000000	58.000000	0.000000	207.000000	0.000000	133.000000	0.000000	0.000000	0.000000	0.000000	0.000000	297.000000	0.000000	0.000000	0.000000	0.000000	0.000000	371.000000	14.000000	0.000000	0.000000	134.000000	0.000000	0.000000	216.000000	0.000000	0.000000	19.000000	0.000000	3717.000000	0.000000	102.000000	0.000000	0.000000	0.000000	13.000000	0.000000	0.000000	0.000000	14.000000	55.000000	300.000000
SRR8865587	0.000000	0.000000	0.000000	0.000000	0.000000	0.000000	0.000000	0.000000	0.000000	722.000000	0.000000	3601.000000	0.000000	0.000000	0.000000	0.000000	0.000000	0.000000	0.000000	0.000000	0.000000	0.000000	0.000000	0.000000	0.000000	0.000000	0.000000	0.000000	0.000000	0.000000	0.000000	0.000000	0.000000	0.000000	0.000000	0.000000	0.000000	264.000000	14048.000000	0.000000	0.000000	19.000000	0.000000	44.000000	0.000000	0.000000	0.000000	0.000000	0.000000	0.000000	0.000000	0.000000	0.000000	0.000000	130.000000	0.000000	0.000000	0.000000	55.000000	0.000000	0.000000	0.000000	14.000000	0.000000	0.000000	0.000000	0.000000	0.000000	0.000000	0.000000	0.000000	0.000000	0.000000	62.000000	0.000000	0.000000	0.000000	0.000000	0.000000	57.000000	0.000000	0.000000	0.000000	0.000000	0.000000	0.000000	0.000000	0.000000	0.000000	0.000000	0.000000	0.000000	0.000000	0.000000	0.000000	0.000000	0.000000	0.000000	0.000000	0.000000	0.000000	0.000000	0.000000	0.000000
SRR8865588	0.000000	0.000000	0.000000	0.000000	0.000000	0.000000	0.000000	0.000000	0.000000	377.000000	0.000000	93.000000	0.000000	0.000000	0.000000	0.000000	0.000000	0.000000	0.000000	0.000000	0.000000	0.000000	0.000000	0.000000	0.000000	0.000000	0.000000	0.000000	0.000000	125.000000	0.000000	0.000000	0.000000	0.000000	0.000000	2886.000000	0.000000	0.000000	0.000000	0.000000	0.000000	507.000000	0.000000	16.000000	0.000000	34.000000	22.000000	0.000000	0.000000	0.000000	0.000000	0.000000	0.000000	0.000000	584.000000	0.000000	0.000000	51.000000	0.000000	0.000000	0.000000	0.000000	0.000000	27.000000	0.000000	2209.000000	0.000000	72.000000	57.000000	0.000000	0.000000	0.000000	0.000000	0.000000	0.000000	0.000000	0.000000	0.000000	0.000000	1466.000000	17.000000	0.000000	25.000000	0.000000	0.000000	0.000000	48.000000	0.000000	37.000000	0.000000	0.000000	39.000000	0.000000	0.000000	0.000000	0.000000	0.000000	30.000000	42.000000	0.000000	0.000000	14.000000	0.000000	0.000000
SRR8865589	0.000000	0.000000	0.000000	0.000000	156.000000	0.000000	58.000000	0.000000	0.000000	281.000000	0.000000	0.000000	0.000000	59.000000	0.000000	0.000000	0.000000	0.000000	0.000000	0.000000	0.000000	0.000000	0.000000	0.000000	0.000000	0.000000	0.000000	0.000000	0.000000	227.000000	0.000000	0.000000	0.000000	0.000000	0.000000	0.000000	0.000000	0.000000	0.000000	0.000000	0.000000	0.000000	0.000000	0.000000	0.000000	0.000000	0.000000	0.000000	0.000000	0.000000	0.000000	0.000000	0.000000	0.000000	0.000000	0.000000	0.000000	0.000000	0.000000	0.000000	0.000000	0.000000	0.000000	0.000000	0.000000	0.000000	130.000000	0.000000	0.000000	0.000000	0.000000	0.000000	0.000000	155.000000	0.000000	0.000000	0.000000	0.000000	0.000000	0.000000	0.000000	0.000000	0.000000	0.000000	0.000000	0.000000	0.000000	0.000000	98.000000	0.000000	0.000000	739.000000	0.000000	0.000000	0.000000	0.000000	0.000000	0.000000	0.000000	0.000000	0.000000	0.000000	0.000000	0.000000
SRR8865590	0.000000	0.000000	0.000000	0.000000	0.000000	59.000000	0.000000	0.000000	0.000000	2678.000000	0.000000	13.000000	0.000000	0.000000	0.000000	0.000000	0.000000	11.000000	0.000000	0.000000	0.000000	0.000000	0.000000	0.000000	0.000000	0.000000	0.000000	0.000000	0.000000	63.000000	33.000000	0.000000	0.000000	0.000000	0.000000	0.000000	0.000000	0.000000	0.000000	0.000000	0.000000	89.000000	0.000000	0.000000	18.000000	0.000000	0.000000	0.000000	0.000000	0.000000	0.000000	24.000000	0.000000	0.000000	0.000000	0.000000	0.000000	32.000000	0.000000	0.000000	0.000000	0.000000	0.000000	0.000000	0.000000	0.000000	0.000000	0.000000	0.000000	0.000000	24.000000	0.000000	0.000000	118.000000	0.000000	0.000000	0.000000	0.000000	0.000000	933.000000	0.000000	30.000000	100.000000	0.000000	0.000000	21.000000	0.000000	0.000000	43.000000	0.000000	0.000000	2599.000000	0.000000	59.000000	0.000000	0.000000	0.000000	0.000000	0.000000	0.000000	0.000000	33.000000	58.000000	0.000000
SRR8865591	0.000000	0.000000	0.000000	0.000000	288.000000	761.000000	0.000000	0.000000	0.000000	3634.000000	0.000000	0.000000	0.000000	0.000000	70.000000	0.000000	0.000000	38.000000	0.000000	0.000000	0.000000	0.000000	0.000000	0.000000	0.000000	0.000000	0.000000	0.000000	0.000000	0.000000	0.000000	0.000000	0.000000	0.000000	0.000000	0.000000	59.000000	42.000000	271.000000	0.000000	0.000000	0.000000	0.000000	102.000000	0.000000	0.000000	0.000000	51.000000	0.000000	244.000000	0.000000	0.000000	0.000000	0.000000	0.000000	0.000000	0.000000	0.000000	0.000000	0.000000	0.000000	0.000000	0.000000	93.000000	0.000000	0.000000	17.000000	0.000000	0.000000	0.000000	1122.000000	42.000000	0.000000	518.000000	0.000000	0.000000	0.000000	0.000000	262.000000	900.000000	0.000000	0.000000	0.000000	0.000000	0.000000	0.000000	0.000000	0.000000	0.000000	116.000000	32.000000	198.000000	0.000000	0.000000	0.000000	0.000000	0.000000	0.000000	27.000000	0.000000	0.000000	128.000000	0.000000	0.000000
SRR8865582	0.000000	0.000000	0.000000	0.000000	25.000000	0.000000	0.000000	0.000000	0.000000	1762.000000	0.000000	30.000000	0.000000	0.000000	0.000000	0.000000	0.000000	68.000000	0.000000	0.000000	0.000000	0.000000	0.000000	0.000000	0.000000	0.000000	0.000000	0.000000	33.000000	17.000000	0.000000	0.000000	110.000000	0.000000	0.000000	0.000000	0.000000	0.000000	0.000000	0.000000	0.000000	40.000000	0.000000	0.000000	0.000000	0.000000	0.000000	57.000000	0.000000	0.000000	0.000000	0.000000	0.000000	0.000000	0.000000	0.000000	0.000000	0.000000	0.000000	0.000000	0.000000	0.000000	0.000000	85.000000	0.000000	0.000000	20.000000	0.000000	0.000000	26.000000	64.000000	0.000000	0.000000	0.000000	0.000000	0.000000	0.000000	0.000000	0.000000	0.000000	0.000000	12.000000	21.000000	0.000000	0.000000	0.000000	0.000000	0.000000	15.000000	0.000000	0.000000	121.000000	0.000000	83.000000	0.000000	0.000000	0.000000	23.000000	0.000000	0.000000	0.000000	0.000000	119.000000	0.000000
SRR8865583	0.000000	0.000000	0.000000	0.000000	346.000000	31.000000	36.000000	0.000000	0.000000	334.000000	0.000000	0.000000	24.000000	0.000000	0.000000	0.000000	0.000000	164.000000	109.000000	0.000000	0.000000	0.000000	0.000000	0.000000	0.000000	0.000000	0.000000	0.000000	15.000000	0.000000	0.000000	13.000000	76.000000	0.000000	0.000000	0.000000	0.000000	0.000000	0.000000	0.000000	0.000000	54.000000	0.000000	0.000000	0.000000	0.000000	0.000000	0.000000	0.000000	0.000000	0.000000	0.000000	0.000000	0.000000	0.000000	0.000000	0.000000	57.000000	0.000000	0.000000	0.000000	0.000000	0.000000	0.000000	0.000000	0.000000	0.000000	0.000000	0.000000	0.000000	136.000000	0.000000	0.000000	521.000000	0.000000	0.000000	0.000000	0.000000	0.000000	572.000000	0.000000	0.000000	0.000000	0.000000	0.000000	0.000000	0.000000	0.000000	0.000000	32.000000	0.000000	538.000000	0.000000	0.000000	0.000000	0.000000	0.000000	0.000000	0.000000	0.000000	30.000000	48.000000	45.000000	0.000000
SRR8865577	0.000000	0.000000	0.000000	45.000000	0.000000	0.000000	0.000000	0.000000	0.000000	169.000000	0.000000	51.000000	0.000000	41.000000	0.000000	0.000000	0.000000	0.000000	0.000000	0.000000	0.000000	0.000000	0.000000	0.000000	0.000000	169.000000	0.000000	17.000000	35.000000	0.000000	37.000000	0.000000	0.000000	0.000000	0.000000	0.000000	0.000000	0.000000	0.000000	207.000000	0.000000	124.000000	0.000000	0.000000	38.000000	0.000000	0.000000	0.000000	0.000000	0.000000	0.000000	0.000000	0.000000	0.000000	0.000000	0.000000	0.000000	27.000000	0.000000	0.000000	0.000000	0.000000	0.000000	24.000000	0.000000	57.000000	16.000000	0.000000	0.000000	0.000000	0.000000	0.000000	0.000000	0.000000	0.000000	0.000000	0.000000	0.000000	17.000000	103.000000	0.000000	0.000000	0.000000	0.000000	0.000000	0.000000	31.000000	0.000000	43.000000	0.000000	0.000000	372.000000	0.000000	0.000000	0.000000	0.000000	0.000000	27.000000	0.000000	0.000000	21.000000	0.000000	157.000000	0.000000
SRR8865576	0.000000	0.000000	0.000000	0.000000	0.000000	108.000000	26.000000	0.000000	0.000000	3120.000000	0.000000	18.000000	0.000000	0.000000	0.000000	0.000000	0.000000	0.000000	0.000000	0.000000	0.000000	0.000000	0.000000	0.000000	44.000000	0.000000	0.000000	0.000000	0.000000	0.000000	0.000000	0.000000	0.000000	0.000000	0.000000	0.000000	0.000000	0.000000	0.000000	0.000000	0.000000	0.000000	0.000000	0.000000	0.000000	0.000000	0.000000	0.000000	0.000000	0.000000	0.000000	0.000000	0.000000	11.000000	0.000000	0.000000	0.000000	0.000000	41.000000	0.000000	0.000000	0.000000	0.000000	106.000000	14.000000	0.000000	0.000000	0.000000	46.000000	0.000000	16.000000	0.000000	0.000000	1442.000000	148.000000	0.000000	0.000000	0.000000	0.000000	3217.000000	0.000000	0.000000	0.000000	0.000000	0.000000	0.000000	0.000000	0.000000	0.000000	0.000000	0.000000	279.000000	0.000000	40.000000	0.000000	0.000000	0.000000	0.000000	19.000000	0.000000	0.000000	0.000000	0.000000	0.000000
SRR8865579	0.000000	0.000000	0.000000	0.000000	889.000000	902.000000	0.000000	0.000000	0.000000	3194.000000	0.000000	0.000000	0.000000	0.000000	70.000000	0.000000	0.000000	39.000000	0.000000	0.000000	0.000000	0.000000	0.000000	0.000000	0.000000	0.000000	0.000000	0.000000	38.000000	0.000000	0.000000	0.000000	0.000000	0.000000	0.000000	0.000000	77.000000	48.000000	992.000000	0.000000	0.000000	0.000000	0.000000	122.000000	0.000000	0.000000	0.000000	31.000000	0.000000	172.000000	0.000000	0.000000	0.000000	0.000000	0.000000	0.000000	0.000000	0.000000	0.000000	0.000000	0.000000	0.000000	0.000000	72.000000	0.000000	0.000000	28.000000	0.000000	0.000000	0.000000	1085.000000	65.000000	0.000000	478.000000	0.000000	0.000000	0.000000	0.000000	294.000000	782.000000	0.000000	0.000000	0.000000	0.000000	0.000000	0.000000	0.000000	0.000000	0.000000	220.000000	24.000000	261.000000	0.000000	0.000000	0.000000	0.000000	0.000000	0.000000	26.000000	0.000000	0.000000	238.000000	20.000000	0.000000
SRR8865578	0.000000	0.000000	0.000000	0.000000	53.000000	0.000000	0.000000	0.000000	0.000000	1925.000000	0.000000	44.000000	0.000000	0.000000	0.000000	0.000000	0.000000	52.000000	0.000000	0.000000	0.000000	0.000000	0.000000	0.000000	0.000000	0.000000	0.000000	0.000000	53.000000	27.000000	0.000000	0.000000	0.000000	0.000000	0.000000	0.000000	0.000000	0.000000	0.000000	0.000000	0.000000	76.000000	0.000000	0.000000	0.000000	0.000000	0.000000	61.000000	0.000000	0.000000	0.000000	0.000000	0.000000	0.000000	0.000000	0.000000	0.000000	0.000000	0.000000	0.000000	0.000000	0.000000	0.000000	53.000000	0.000000	0.000000	21.000000	0.000000	0.000000	29.000000	39.000000	0.000000	0.000000	0.000000	0.000000	0.000000	0.000000	0.000000	13.000000	0.000000	0.000000	12.000000	25.000000	0.000000	0.000000	0.000000	0.000000	0.000000	26.000000	36.000000	0.000000	121.000000	0.000000	70.000000	0.000000	0.000000	0.000000	40.000000	0.000000	0.000000	0.000000	0.000000	142.000000	0.000000
SRR8865573	0.000000	0.000000	0.000000	0.000000	427.000000	41.000000	0.000000	0.000000	0.000000	336.000000	0.000000	0.000000	18.000000	0.000000	0.000000	0.000000	0.000000	184.000000	92.000000	0.000000	0.000000	0.000000	0.000000	0.000000	0.000000	0.000000	0.000000	0.000000	24.000000	0.000000	0.000000	19.000000	0.000000	0.000000	0.000000	0.000000	0.000000	0.000000	0.000000	0.000000	0.000000	53.000000	0.000000	0.000000	0.000000	0.000000	0.000000	0.000000	0.000000	0.000000	0.000000	25.000000	0.000000	0.000000	0.000000	0.000000	0.000000	60.000000	0.000000	0.000000	0.000000	0.000000	0.000000	0.000000	0.000000	28.000000	0.000000	0.000000	0.000000	0.000000	150.000000	0.000000	0.000000	627.000000	0.000000	0.000000	0.000000	0.000000	0.000000	642.000000	0.000000	0.000000	0.000000	0.000000	0.000000	0.000000	0.000000	0.000000	0.000000	53.000000	0.000000	585.000000	0.000000	0.000000	0.000000	0.000000	0.000000	0.000000	0.000000	0.000000	22.000000	37.000000	103.000000	0.000000
SRR8865572	0.000000	0.000000	0.000000	0.000000	242.000000	0.000000	0.000000	0.000000	0.000000	365.000000	0.000000	0.000000	0.000000	0.000000	0.000000	0.000000	57.000000	0.000000	0.000000	0.000000	0.000000	0.000000	0.000000	0.000000	0.000000	0.000000	0.000000	0.000000	0.000000	273.000000	0.000000	0.000000	0.000000	0.000000	0.000000	0.000000	0.000000	0.000000	0.000000	0.000000	0.000000	0.000000	0.000000	0.000000	0.000000	0.000000	0.000000	12.000000	0.000000	0.000000	0.000000	0.000000	0.000000	0.000000	0.000000	0.000000	0.000000	0.000000	0.000000	0.000000	0.000000	0.000000	0.000000	0.000000	0.000000	0.000000	132.000000	0.000000	0.000000	0.000000	0.000000	0.000000	0.000000	190.000000	0.000000	0.000000	0.000000	0.000000	0.000000	0.000000	0.000000	0.000000	0.000000	0.000000	0.000000	0.000000	0.000000	0.000000	102.000000	0.000000	0.000000	854.000000	0.000000	0.000000	0.000000	0.000000	0.000000	0.000000	0.000000	0.000000	0.000000	0.000000	0.000000	0.000000
SRR8865575	0.000000	0.000000	0.000000	0.000000	351.000000	1023.000000	0.000000	0.000000	0.000000	4072.000000	0.000000	0.000000	0.000000	0.000000	76.000000	0.000000	0.000000	54.000000	0.000000	0.000000	0.000000	0.000000	0.000000	0.000000	0.000000	0.000000	0.000000	0.000000	20.000000	0.000000	0.000000	0.000000	0.000000	0.000000	0.000000	0.000000	78.000000	30.000000	311.000000	0.000000	0.000000	0.000000	0.000000	182.000000	0.000000	0.000000	0.000000	53.000000	0.000000	241.000000	0.000000	0.000000	0.000000	0.000000	0.000000	0.000000	0.000000	13.000000	0.000000	0.000000	0.000000	0.000000	0.000000	85.000000	0.000000	0.000000	19.000000	0.000000	0.000000	0.000000	1218.000000	46.000000	0.000000	627.000000	0.000000	0.000000	0.000000	0.000000	288.000000	940.000000	0.000000	0.000000	0.000000	0.000000	0.000000	0.000000	0.000000	0.000000	0.000000	164.000000	27.000000	230.000000	0.000000	0.000000	0.000000	0.000000	0.000000	0.000000	38.000000	0.000000	0.000000	144.000000	0.000000	0.000000
SRR8865574	0.000000	0.000000	0.000000	0.000000	0.000000	110.000000	15.000000	0.000000	0.000000	3192.000000	0.000000	19.000000	0.000000	0.000000	0.000000	0.000000	0.000000	0.000000	0.000000	0.000000	0.000000	0.000000	0.000000	0.000000	31.000000	0.000000	0.000000	0.000000	0.000000	0.000000	0.000000	0.000000	0.000000	0.000000	0.000000	0.000000	0.000000	0.000000	0.000000	0.000000	0.000000	0.000000	0.000000	0.000000	0.000000	0.000000	0.000000	0.000000	0.000000	0.000000	0.000000	0.000000	0.000000	0.000000	0.000000	0.000000	0.000000	0.000000	37.000000	0.000000	0.000000	0.000000	0.000000	112.000000	0.000000	0.000000	0.000000	0.000000	57.000000	0.000000	20.000000	0.000000	0.000000	1515.000000	137.000000	0.000000	0.000000	0.000000	0.000000	3115.000000	0.000000	0.000000	0.000000	0.000000	0.000000	0.000000	0.000000	0.000000	0.000000	0.000000	0.000000	307.000000	0.000000	48.000000	0.000000	0.000000	0.000000	0.000000	11.000000	0.000000	0.000000	0.000000	0.000000	0.000000
SRR8865581	0.000000	0.000000	0.000000	0.000000	817.000000	903.000000	0.000000	0.000000	0.000000	3156.000000	0.000000	0.000000	0.000000	0.000000	60.000000	0.000000	0.000000	43.000000	0.000000	0.000000	0.000000	0.000000	0.000000	0.000000	0.000000	0.000000	0.000000	0.000000	44.000000	0.000000	0.000000	0.000000	0.000000	0.000000	0.000000	0.000000	119.000000	42.000000	1014.000000	0.000000	0.000000	0.000000	0.000000	147.000000	0.000000	0.000000	0.000000	41.000000	0.000000	197.000000	0.000000	0.000000	0.000000	0.000000	0.000000	0.000000	0.000000	0.000000	0.000000	0.000000	0.000000	0.000000	0.000000	54.000000	0.000000	0.000000	25.000000	0.000000	0.000000	0.000000	1069.000000	56.000000	0.000000	524.000000	0.000000	0.000000	0.000000	0.000000	291.000000	760.000000	0.000000	0.000000	0.000000	0.000000	0.000000	0.000000	0.000000	0.000000	0.000000	221.000000	18.000000	246.000000	0.000000	0.000000	0.000000	0.000000	0.000000	13.000000	25.000000	0.000000	0.000000	265.000000	19.000000	0.000000
SRR8865580	0.000000	0.000000	0.000000	65.000000	0.000000	0.000000	0.000000	0.000000	0.000000	209.000000	0.000000	72.000000	0.000000	47.000000	0.000000	0.000000	0.000000	0.000000	0.000000	0.000000	14.000000	0.000000	0.000000	0.000000	0.000000	175.000000	0.000000	0.000000	41.000000	0.000000	43.000000	20.000000	88.000000	0.000000	0.000000	0.000000	0.000000	0.000000	1015.000000	225.000000	0.000000	104.000000	0.000000	0.000000	43.000000	0.000000	0.000000	0.000000	0.000000	16.000000	0.000000	0.000000	0.000000	0.000000	0.000000	0.000000	0.000000	18.000000	0.000000	0.000000	0.000000	0.000000	0.000000	18.000000	0.000000	56.000000	17.000000	0.000000	0.000000	0.000000	0.000000	0.000000	0.000000	0.000000	0.000000	0.000000	0.000000	0.000000	0.000000	83.000000	0.000000	0.000000	0.000000	0.000000	0.000000	0.000000	37.000000	0.000000	24.000000	0.000000	0.000000	335.000000	0.000000	0.000000	0.000000	0.000000	0.000000	32.000000	0.000000	0.000000	15.000000	0.000000	145.000000	0.000000
SRR5898912	0.000000	0.000000	0.000000	70.000000	0.000000	27.000000	0.000000	0.000000	0.000000	128.000000	0.000000	0.000000	0.000000	0.000000	0.000000	0.000000	0.000000	35.000000	0.000000	0.000000	0.000000	0.000000	0.000000	0.000000	0.000000	0.000000	0.000000	17.000000	0.000000	0.000000	0.000000	23.000000	0.000000	0.000000	0.000000	0.000000	0.000000	0.000000	0.000000	0.000000	0.000000	30.000000	0.000000	0.000000	0.000000	0.000000	0.000000	0.000000	0.000000	0.000000	0.000000	0.000000	0.000000	0.000000	0.000000	0.000000	0.000000	27.000000	0.000000	0.000000	0.000000	0.000000	0.000000	0.000000	0.000000	23.000000	0.000000	0.000000	0.000000	0.000000	0.000000	0.000000	0.000000	35.000000	0.000000	0.000000	0.000000	0.000000	42.000000	102.000000	0.000000	0.000000	0.000000	0.000000	0.000000	0.000000	24.000000	0.000000	0.000000	0.000000	0.000000	6188.000000	0.000000	167.000000	0.000000	0.000000	0.000000	0.000000	0.000000	0.000000	0.000000	0.000000	0.000000	0.000000
SRR5898911	0.000000	0.000000	0.000000	649.000000	0.000000	0.000000	0.000000	0.000000	0.000000	82.000000	0.000000	64.000000	0.000000	21.000000	0.000000	0.000000	0.000000	0.000000	0.000000	0.000000	0.000000	0.000000	0.000000	0.000000	0.000000	0.000000	0.000000	0.000000	0.000000	172.000000	19.000000	0.000000	0.000000	0.000000	0.000000	0.000000	0.000000	0.000000	0.000000	0.000000	0.000000	215.000000	0.000000	0.000000	0.000000	0.000000	0.000000	2177.000000	0.000000	0.000000	0.000000	0.000000	0.000000	0.000000	0.000000	0.000000	0.000000	0.000000	0.000000	0.000000	0.000000	56.000000	0.000000	0.000000	18.000000	57.000000	0.000000	0.000000	0.000000	0.000000	0.000000	0.000000	0.000000	15.000000	0.000000	0.000000	0.000000	0.000000	0.000000	27.000000	0.000000	0.000000	0.000000	0.000000	0.000000	0.000000	17.000000	0.000000	0.000000	0.000000	0.000000	6637.000000	0.000000	0.000000	0.000000	0.000000	0.000000	0.000000	33.000000	0.000000	0.000000	10.000000	0.000000	0.000000
SRR5898910	0.000000	0.000000	0.000000	112.000000	0.000000	0.000000	0.000000	0.000000	0.000000	58.000000	0.000000	48.000000	0.000000	0.000000	0.000000	0.000000	0.000000	0.000000	0.000000	0.000000	0.000000	0.000000	0.000000	0.000000	0.000000	0.000000	0.000000	0.000000	0.000000	170.000000	0.000000	0.000000	0.000000	0.000000	0.000000	0.000000	0.000000	0.000000	0.000000	0.000000	0.000000	77.000000	0.000000	0.000000	0.000000	0.000000	0.000000	22.000000	0.000000	0.000000	0.000000	0.000000	0.000000	0.000000	0.000000	0.000000	0.000000	11.000000	0.000000	0.000000	0.000000	0.000000	0.000000	0.000000	56.000000	769.000000	0.000000	0.000000	0.000000	0.000000	0.000000	0.000000	0.000000	0.000000	0.000000	0.000000	0.000000	0.000000	0.000000	99.000000	0.000000	0.000000	0.000000	0.000000	0.000000	0.000000	13.000000	0.000000	0.000000	0.000000	0.000000	5235.000000	0.000000	13.000000	0.000000	0.000000	0.000000	0.000000	24.000000	0.000000	0.000000	0.000000	0.000000	0.000000
SRR5898909	0.000000	0.000000	0.000000	86.000000	0.000000	302.000000	0.000000	0.000000	0.000000	4605.000000	0.000000	13.000000	0.000000	0.000000	0.000000	0.000000	0.000000	0.000000	0.000000	183.000000	0.000000	0.000000	0.000000	0.000000	25.000000	0.000000	0.000000	0.000000	17.000000	136.000000	0.000000	0.000000	0.000000	0.000000	11.000000	0.000000	0.000000	0.000000	0.000000	0.000000	67.000000	581.000000	0.000000	0.000000	0.000000	0.000000	0.000000	16.000000	0.000000	0.000000	0.000000	0.000000	0.000000	0.000000	0.000000	0.000000	0.000000	60.000000	0.000000	0.000000	0.000000	0.000000	0.000000	79.000000	0.000000	917.000000	0.000000	0.000000	0.000000	0.000000	14.000000	0.000000	0.000000	441.000000	0.000000	0.000000	0.000000	0.000000	0.000000	2224.000000	33.000000	0.000000	0.000000	0.000000	0.000000	0.000000	120.000000	0.000000	0.000000	0.000000	0.000000	0.000000	0.000000	0.000000	0.000000	0.000000	0.000000	0.000000	0.000000	0.000000	0.000000	0.000000	0.000000	0.000000
SRR5898908	0.000000	0.000000	0.000000	279.000000	0.000000	0.000000	0.000000	0.000000	0.000000	94.000000	0.000000	55.000000	0.000000	0.000000	0.000000	0.000000	0.000000	0.000000	0.000000	0.000000	0.000000	0.000000	0.000000	0.000000	0.000000	0.000000	0.000000	0.000000	0.000000	0.000000	19.000000	0.000000	0.000000	0.000000	0.000000	68.000000	0.000000	0.000000	0.000000	100.000000	0.000000	172.000000	0.000000	0.000000	0.000000	0.000000	0.000000	0.000000	0.000000	0.000000	0.000000	0.000000	0.000000	0.000000	102.000000	0.000000	0.000000	29.000000	0.000000	0.000000	0.000000	0.000000	0.000000	0.000000	0.000000	0.000000	11.000000	0.000000	0.000000	0.000000	0.000000	0.000000	0.000000	27.000000	0.000000	0.000000	0.000000	0.000000	0.000000	0.000000	0.000000	0.000000	0.000000	0.000000	0.000000	0.000000	55.000000	0.000000	20.000000	0.000000	0.000000	4203.000000	0.000000	49.000000	0.000000	0.000000	0.000000	0.000000	0.000000	0.000000	0.000000	0.000000	19.000000	65.000000
SRR5898920	0.000000	0.000000	0.000000	414.000000	0.000000	30.000000	0.000000	0.000000	0.000000	20.000000	0.000000	124.000000	0.000000	31.000000	0.000000	0.000000	0.000000	0.000000	0.000000	0.000000	0.000000	0.000000	0.000000	0.000000	15.000000	17.000000	0.000000	0.000000	0.000000	70.000000	50.000000	0.000000	0.000000	0.000000	0.000000	160.000000	0.000000	0.000000	0.000000	86.000000	0.000000	99.000000	0.000000	0.000000	0.000000	0.000000	0.000000	0.000000	0.000000	0.000000	0.000000	0.000000	0.000000	0.000000	208.000000	0.000000	0.000000	16.000000	0.000000	0.000000	0.000000	0.000000	0.000000	11.000000	0.000000	57.000000	0.000000	37.000000	0.000000	0.000000	0.000000	0.000000	0.000000	0.000000	0.000000	0.000000	0.000000	0.000000	0.000000	0.000000	0.000000	0.000000	0.000000	0.000000	0.000000	0.000000	102.000000	0.000000	29.000000	0.000000	0.000000	1878.000000	0.000000	61.000000	0.000000	0.000000	0.000000	0.000000	0.000000	0.000000	0.000000	0.000000	22.000000	0.000000
SRR5898921	0.000000	0.000000	0.000000	0.000000	48.000000	386.000000	0.000000	0.000000	0.000000	264.000000	0.000000	437.000000	15.000000	56.000000	0.000000	0.000000	0.000000	21.000000	0.000000	0.000000	0.000000	0.000000	0.000000	0.000000	84.000000	248.000000	0.000000	0.000000	0.000000	67.000000	0.000000	38.000000	0.000000	0.000000	0.000000	62.000000	0.000000	0.000000	675.000000	0.000000	0.000000	234.000000	0.000000	0.000000	0.000000	0.000000	0.000000	0.000000	0.000000	0.000000	0.000000	0.000000	0.000000	0.000000	43.000000	0.000000	0.000000	52.000000	0.000000	0.000000	0.000000	24.000000	0.000000	0.000000	0.000000	0.000000	0.000000	0.000000	0.000000	0.000000	32.000000	0.000000	0.000000	56.000000	0.000000	0.000000	0.000000	0.000000	0.000000	91.000000	28.000000	0.000000	0.000000	0.000000	0.000000	0.000000	0.000000	0.000000	0.000000	0.000000	0.000000	1092.000000	0.000000	0.000000	0.000000	0.000000	0.000000	0.000000	0.000000	0.000000	0.000000	0.000000	0.000000	0.000000
SRR5898922	0.000000	0.000000	0.000000	70.000000	0.000000	269.000000	0.000000	0.000000	0.000000	2408.000000	0.000000	313.000000	0.000000	31.000000	0.000000	0.000000	0.000000	0.000000	0.000000	0.000000	0.000000	0.000000	0.000000	0.000000	0.000000	0.000000	0.000000	0.000000	0.000000	0.000000	451.000000	0.000000	0.000000	0.000000	0.000000	0.000000	0.000000	0.000000	0.000000	0.000000	0.000000	191.000000	0.000000	0.000000	0.000000	0.000000	0.000000	0.000000	0.000000	0.000000	0.000000	0.000000	0.000000	0.000000	0.000000	0.000000	0.000000	0.000000	0.000000	0.000000	0.000000	58.000000	0.000000	0.000000	0.000000	1367.000000	0.000000	0.000000	0.000000	0.000000	0.000000	0.000000	0.000000	370.000000	0.000000	0.000000	0.000000	0.000000	106.000000	3833.000000	57.000000	0.000000	0.000000	0.000000	0.000000	0.000000	821.000000	0.000000	33.000000	0.000000	0.000000	0.000000	0.000000	0.000000	0.000000	0.000000	0.000000	0.000000	122.000000	0.000000	0.000000	24.000000	0.000000	0.000000
SRR5898923	0.000000	0.000000	0.000000	217.000000	0.000000	0.000000	0.000000	0.000000	0.000000	680.000000	0.000000	19.000000	0.000000	27.000000	0.000000	0.000000	0.000000	0.000000	0.000000	0.000000	0.000000	0.000000	0.000000	0.000000	48.000000	0.000000	0.000000	0.000000	0.000000	0.000000	0.000000	0.000000	0.000000	0.000000	0.000000	23.000000	0.000000	0.000000	0.000000	0.000000	0.000000	46.000000	0.000000	0.000000	0.000000	22.000000	0.000000	0.000000	0.000000	0.000000	0.000000	0.000000	0.000000	0.000000	156.000000	0.000000	0.000000	57.000000	0.000000	0.000000	0.000000	0.000000	0.000000	0.000000	11.000000	0.000000	0.000000	0.000000	0.000000	0.000000	0.000000	0.000000	0.000000	62.000000	0.000000	0.000000	0.000000	0.000000	0.000000	0.000000	0.000000	0.000000	12.000000	0.000000	0.000000	0.000000	0.000000	0.000000	0.000000	0.000000	0.000000	3402.000000	0.000000	182.000000	0.000000	0.000000	0.000000	0.000000	24.000000	0.000000	0.000000	0.000000	0.000000	0.000000
SRR5898924	0.000000	0.000000	0.000000	40.000000	0.000000	22.000000	0.000000	0.000000	0.000000	97.000000	0.000000	24.000000	0.000000	0.000000	0.000000	0.000000	0.000000	0.000000	0.000000	0.000000	0.000000	0.000000	0.000000	0.000000	0.000000	0.000000	0.000000	14.000000	0.000000	107.000000	15.000000	0.000000	0.000000	0.000000	0.000000	24.000000	0.000000	0.000000	0.000000	0.000000	0.000000	113.000000	0.000000	0.000000	0.000000	18.000000	0.000000	0.000000	0.000000	0.000000	0.000000	0.000000	0.000000	0.000000	177.000000	0.000000	0.000000	17.000000	0.000000	0.000000	0.000000	51.000000	0.000000	0.000000	0.000000	89.000000	0.000000	0.000000	0.000000	0.000000	0.000000	0.000000	0.000000	14.000000	0.000000	0.000000	0.000000	0.000000	0.000000	25.000000	0.000000	0.000000	0.000000	0.000000	0.000000	0.000000	33.000000	0.000000	0.000000	0.000000	0.000000	5331.000000	0.000000	0.000000	0.000000	0.000000	0.000000	0.000000	39.000000	0.000000	0.000000	0.000000	0.000000	0.000000
SRR5898925	0.000000	0.000000	0.000000	0.000000	0.000000	0.000000	0.000000	0.000000	0.000000	0.000000	0.000000	0.000000	0.000000	0.000000	0.000000	0.000000	0.000000	0.000000	0.000000	0.000000	0.000000	0.000000	0.000000	0.000000	0.000000	0.000000	0.000000	0.000000	0.000000	58.000000	0.000000	0.000000	0.000000	0.000000	0.000000	0.000000	0.000000	0.000000	0.000000	0.000000	0.000000	21.000000	0.000000	0.000000	0.000000	0.000000	0.000000	0.000000	0.000000	0.000000	0.000000	0.000000	0.000000	0.000000	0.000000	0.000000	0.000000	0.000000	0.000000	0.000000	0.000000	0.000000	0.000000	0.000000	12.000000	0.000000	0.000000	0.000000	0.000000	0.000000	0.000000	0.000000	0.000000	0.000000	0.000000	0.000000	0.000000	0.000000	0.000000	0.000000	0.000000	0.000000	0.000000	0.000000	0.000000	0.000000	21.000000	0.000000	0.000000	0.000000	0.000000	7487.000000	0.000000	0.000000	0.000000	0.000000	0.000000	0.000000	0.000000	0.000000	0.000000	0.000000	0.000000	0.000000
SRR5898926	0.000000	0.000000	0.000000	216.000000	0.000000	0.000000	0.000000	0.000000	0.000000	29.000000	0.000000	14.000000	0.000000	0.000000	0.000000	0.000000	0.000000	0.000000	0.000000	0.000000	0.000000	0.000000	0.000000	0.000000	0.000000	0.000000	0.000000	17.000000	0.000000	0.000000	0.000000	0.000000	0.000000	0.000000	0.000000	0.000000	0.000000	0.000000	0.000000	0.000000	0.000000	29.000000	0.000000	0.000000	0.000000	0.000000	0.000000	0.000000	0.000000	0.000000	0.000000	0.000000	0.000000	0.000000	512.000000	0.000000	0.000000	0.000000	0.000000	0.000000	0.000000	0.000000	0.000000	0.000000	0.000000	58.000000	0.000000	0.000000	0.000000	0.000000	0.000000	0.000000	0.000000	25.000000	0.000000	0.000000	0.000000	0.000000	30.000000	18.000000	0.000000	0.000000	0.000000	0.000000	0.000000	0.000000	36.000000	0.000000	0.000000	0.000000	0.000000	4894.000000	0.000000	30.000000	0.000000	0.000000	0.000000	0.000000	25.000000	0.000000	0.000000	0.000000	0.000000	0.000000
SRR5899017	0.000000	0.000000	0.000000	60.000000	0.000000	47.000000	0.000000	0.000000	0.000000	152.000000	0.000000	387.000000	11.000000	0.000000	0.000000	0.000000	0.000000	0.000000	0.000000	0.000000	0.000000	0.000000	0.000000	0.000000	30.000000	0.000000	0.000000	12.000000	0.000000	652.000000	21.000000	0.000000	0.000000	0.000000	0.000000	0.000000	0.000000	0.000000	0.000000	0.000000	0.000000	405.000000	0.000000	0.000000	0.000000	0.000000	0.000000	67.000000	0.000000	0.000000	0.000000	0.000000	0.000000	0.000000	0.000000	0.000000	0.000000	0.000000	0.000000	0.000000	0.000000	51.000000	0.000000	0.000000	0.000000	207.000000	0.000000	131.000000	0.000000	0.000000	0.000000	0.000000	0.000000	35.000000	0.000000	0.000000	0.000000	0.000000	0.000000	333.000000	0.000000	0.000000	0.000000	0.000000	0.000000	0.000000	100.000000	0.000000	12.000000	0.000000	0.000000	1780.000000	0.000000	0.000000	0.000000	0.000000	0.000000	0.000000	18.000000	0.000000	0.000000	0.000000	0.000000	0.000000
SRR5898966	0.000000	0.000000	0.000000	25.000000	0.000000	0.000000	0.000000	0.000000	0.000000	0.000000	0.000000	26.000000	0.000000	0.000000	0.000000	0.000000	0.000000	0.000000	0.000000	0.000000	13.000000	0.000000	0.000000	0.000000	0.000000	0.000000	0.000000	0.000000	0.000000	0.000000	0.000000	0.000000	0.000000	0.000000	0.000000	0.000000	0.000000	0.000000	0.000000	0.000000	0.000000	58.000000	0.000000	0.000000	0.000000	0.000000	0.000000	0.000000	0.000000	0.000000	0.000000	0.000000	0.000000	0.000000	0.000000	0.000000	0.000000	0.000000	0.000000	0.000000	0.000000	0.000000	0.000000	0.000000	0.000000	130.000000	0.000000	0.000000	0.000000	0.000000	0.000000	0.000000	0.000000	0.000000	0.000000	0.000000	0.000000	0.000000	0.000000	0.000000	0.000000	0.000000	0.000000	0.000000	0.000000	0.000000	97.000000	0.000000	0.000000	0.000000	0.000000	5813.000000	0.000000	0.000000	0.000000	0.000000	0.000000	0.000000	0.000000	0.000000	0.000000	0.000000	0.000000	0.000000
SRR5898984	0.000000	0.000000	0.000000	0.000000	0.000000	31.000000	0.000000	0.000000	0.000000	65.000000	0.000000	76.000000	0.000000	0.000000	0.000000	0.000000	0.000000	0.000000	0.000000	0.000000	0.000000	0.000000	0.000000	0.000000	0.000000	0.000000	0.000000	15.000000	0.000000	139.000000	0.000000	0.000000	0.000000	0.000000	0.000000	0.000000	0.000000	0.000000	0.000000	0.000000	0.000000	198.000000	0.000000	0.000000	0.000000	0.000000	0.000000	0.000000	0.000000	0.000000	0.000000	0.000000	0.000000	0.000000	15.000000	0.000000	0.000000	0.000000	0.000000	0.000000	0.000000	0.000000	0.000000	0.000000	0.000000	70.000000	0.000000	0.000000	0.000000	0.000000	0.000000	0.000000	0.000000	26.000000	0.000000	0.000000	0.000000	0.000000	0.000000	31.000000	0.000000	0.000000	0.000000	0.000000	0.000000	0.000000	234.000000	0.000000	110.000000	0.000000	0.000000	6549.000000	0.000000	82.000000	0.000000	0.000000	0.000000	0.000000	0.000000	0.000000	0.000000	0.000000	0.000000	0.000000
SRR5898985	0.000000	26.000000	0.000000	387.000000	12.000000	55.000000	0.000000	0.000000	0.000000	1048.000000	0.000000	214.000000	0.000000	238.000000	0.000000	0.000000	0.000000	0.000000	0.000000	0.000000	33.000000	0.000000	0.000000	21.000000	74.000000	0.000000	0.000000	44.000000	0.000000	19.000000	82.000000	0.000000	0.000000	0.000000	0.000000	0.000000	0.000000	0.000000	0.000000	0.000000	15.000000	268.000000	0.000000	0.000000	0.000000	0.000000	0.000000	101.000000	52.000000	0.000000	17.000000	0.000000	0.000000	0.000000	0.000000	0.000000	0.000000	0.000000	0.000000	0.000000	0.000000	12.000000	0.000000	22.000000	0.000000	14.000000	0.000000	0.000000	0.000000	0.000000	0.000000	0.000000	0.000000	45.000000	0.000000	0.000000	0.000000	0.000000	0.000000	354.000000	0.000000	0.000000	0.000000	0.000000	0.000000	0.000000	290.000000	0.000000	0.000000	0.000000	0.000000	2932.000000	0.000000	35.000000	0.000000	0.000000	0.000000	0.000000	0.000000	0.000000	0.000000	0.000000	44.000000	0.000000
SRR5898986	0.000000	0.000000	0.000000	0.000000	0.000000	14.000000	0.000000	0.000000	0.000000	64.000000	0.000000	52.000000	0.000000	0.000000	0.000000	0.000000	0.000000	0.000000	0.000000	0.000000	0.000000	0.000000	0.000000	0.000000	0.000000	0.000000	0.000000	0.000000	0.000000	522.000000	0.000000	0.000000	0.000000	0.000000	0.000000	0.000000	0.000000	0.000000	0.000000	0.000000	0.000000	511.000000	0.000000	0.000000	0.000000	0.000000	0.000000	0.000000	0.000000	0.000000	0.000000	0.000000	0.000000	0.000000	0.000000	0.000000	0.000000	0.000000	0.000000	0.000000	0.000000	53.000000	0.000000	0.000000	0.000000	174.000000	0.000000	0.000000	0.000000	0.000000	0.000000	0.000000	0.000000	0.000000	0.000000	0.000000	0.000000	0.000000	0.000000	0.000000	0.000000	0.000000	0.000000	0.000000	0.000000	0.000000	0.000000	0.000000	0.000000	0.000000	0.000000	6130.000000	0.000000	0.000000	0.000000	0.000000	0.000000	0.000000	34.000000	0.000000	0.000000	0.000000	0.000000	0.000000
SRR5898987	0.000000	0.000000	0.000000	0.000000	129.000000	286.000000	0.000000	0.000000	0.000000	516.000000	0.000000	256.000000	26.000000	0.000000	0.000000	0.000000	0.000000	0.000000	0.000000	0.000000	0.000000	0.000000	0.000000	0.000000	14.000000	0.000000	0.000000	0.000000	40.000000	385.000000	0.000000	17.000000	0.000000	0.000000	0.000000	0.000000	0.000000	0.000000	0.000000	0.000000	0.000000	158.000000	0.000000	44.000000	0.000000	0.000000	0.000000	41.000000	0.000000	0.000000	0.000000	17.000000	0.000000	0.000000	0.000000	0.000000	0.000000	0.000000	0.000000	0.000000	0.000000	0.000000	0.000000	0.000000	0.000000	32.000000	0.000000	0.000000	0.000000	0.000000	0.000000	0.000000	0.000000	248.000000	90.000000	14.000000	0.000000	0.000000	0.000000	2306.000000	0.000000	0.000000	0.000000	0.000000	0.000000	0.000000	0.000000	0.000000	0.000000	61.000000	0.000000	164.000000	0.000000	0.000000	0.000000	0.000000	0.000000	0.000000	0.000000	0.000000	0.000000	0.000000	207.000000	53.000000
SRR5898980	0.000000	0.000000	0.000000	74.000000	162.000000	875.000000	0.000000	0.000000	0.000000	3234.000000	95.000000	552.000000	0.000000	0.000000	0.000000	0.000000	0.000000	0.000000	0.000000	0.000000	0.000000	0.000000	0.000000	0.000000	0.000000	0.000000	0.000000	0.000000	0.000000	127.000000	0.000000	0.000000	0.000000	0.000000	0.000000	53.000000	0.000000	0.000000	0.000000	0.000000	0.000000	212.000000	0.000000	0.000000	0.000000	0.000000	0.000000	0.000000	0.000000	0.000000	0.000000	0.000000	0.000000	0.000000	71.000000	0.000000	0.000000	0.000000	0.000000	0.000000	0.000000	0.000000	0.000000	0.000000	0.000000	497.000000	0.000000	0.000000	0.000000	0.000000	12.000000	0.000000	0.000000	49.000000	0.000000	0.000000	0.000000	0.000000	0.000000	711.000000	95.000000	0.000000	0.000000	0.000000	0.000000	0.000000	147.000000	0.000000	150.000000	0.000000	0.000000	0.000000	0.000000	65.000000	0.000000	0.000000	0.000000	0.000000	0.000000	0.000000	0.000000	0.000000	49.000000	0.000000
SRR5898981	0.000000	0.000000	0.000000	113.000000	0.000000	14.000000	14.000000	0.000000	0.000000	82.000000	0.000000	12.000000	0.000000	0.000000	0.000000	0.000000	0.000000	0.000000	0.000000	0.000000	0.000000	0.000000	0.000000	0.000000	0.000000	0.000000	0.000000	0.000000	0.000000	0.000000	43.000000	0.000000	0.000000	0.000000	0.000000	0.000000	0.000000	0.000000	0.000000	0.000000	0.000000	125.000000	0.000000	0.000000	0.000000	0.000000	0.000000	0.000000	0.000000	0.000000	0.000000	0.000000	0.000000	0.000000	0.000000	0.000000	0.000000	0.000000	0.000000	0.000000	0.000000	0.000000	0.000000	0.000000	0.000000	20.000000	0.000000	102.000000	0.000000	0.000000	26.000000	0.000000	0.000000	0.000000	0.000000	0.000000	0.000000	0.000000	0.000000	257.000000	0.000000	0.000000	0.000000	0.000000	0.000000	0.000000	139.000000	0.000000	106.000000	0.000000	0.000000	1562.000000	0.000000	2201.000000	0.000000	0.000000	0.000000	0.000000	0.000000	0.000000	0.000000	0.000000	0.000000	0.000000
SRR5898982	0.000000	0.000000	0.000000	128.000000	0.000000	0.000000	0.000000	0.000000	0.000000	0.000000	0.000000	0.000000	0.000000	0.000000	0.000000	0.000000	0.000000	0.000000	0.000000	0.000000	0.000000	0.000000	0.000000	0.000000	0.000000	0.000000	0.000000	0.000000	0.000000	0.000000	0.000000	0.000000	0.000000	0.000000	0.000000	0.000000	0.000000	0.000000	0.000000	363.000000	0.000000	98.000000	0.000000	0.000000	0.000000	0.000000	0.000000	0.000000	0.000000	0.000000	0.000000	0.000000	0.000000	0.000000	215.000000	0.000000	0.000000	0.000000	0.000000	0.000000	0.000000	0.000000	0.000000	0.000000	0.000000	0.000000	0.000000	0.000000	0.000000	0.000000	0.000000	0.000000	13.000000	0.000000	0.000000	0.000000	0.000000	0.000000	0.000000	0.000000	0.000000	0.000000	0.000000	0.000000	0.000000	0.000000	0.000000	0.000000	0.000000	0.000000	0.000000	4296.000000	0.000000	58.000000	0.000000	0.000000	0.000000	0.000000	0.000000	0.000000	0.000000	0.000000	95.000000	0.000000
SRR5898983	164.000000	0.000000	0.000000	0.000000	0.000000	0.000000	0.000000	0.000000	0.000000	137.000000	0.000000	607.000000	0.000000	0.000000	0.000000	0.000000	0.000000	0.000000	0.000000	0.000000	0.000000	0.000000	0.000000	0.000000	0.000000	0.000000	0.000000	0.000000	0.000000	223.000000	0.000000	0.000000	0.000000	0.000000	0.000000	0.000000	0.000000	0.000000	0.000000	0.000000	0.000000	0.000000	0.000000	0.000000	0.000000	14.000000	0.000000	0.000000	0.000000	0.000000	0.000000	0.000000	0.000000	0.000000	682.000000	0.000000	0.000000	0.000000	0.000000	0.000000	0.000000	345.000000	0.000000	0.000000	0.000000	5747.000000	0.000000	0.000000	0.000000	0.000000	0.000000	0.000000	0.000000	0.000000	0.000000	0.000000	0.000000	0.000000	0.000000	0.000000	0.000000	0.000000	0.000000	0.000000	0.000000	0.000000	71.000000	0.000000	0.000000	0.000000	0.000000	0.000000	0.000000	0.000000	0.000000	0.000000	0.000000	0.000000	0.000000	0.000000	0.000000	0.000000	0.000000	0.000000
SRR5898978	0.000000	0.000000	0.000000	0.000000	0.000000	0.000000	0.000000	0.000000	0.000000	38.000000	0.000000	33.000000	0.000000	0.000000	0.000000	0.000000	0.000000	0.000000	0.000000	0.000000	0.000000	0.000000	0.000000	0.000000	29.000000	0.000000	0.000000	0.000000	0.000000	2041.000000	0.000000	0.000000	0.000000	17.000000	0.000000	0.000000	0.000000	0.000000	674.000000	0.000000	0.000000	273.000000	0.000000	0.000000	0.000000	0.000000	0.000000	0.000000	0.000000	0.000000	0.000000	0.000000	0.000000	0.000000	1423.000000	0.000000	0.000000	0.000000	0.000000	0.000000	0.000000	0.000000	0.000000	0.000000	14.000000	257.000000	0.000000	0.000000	0.000000	0.000000	0.000000	0.000000	0.000000	28.000000	0.000000	0.000000	0.000000	0.000000	0.000000	0.000000	0.000000	0.000000	0.000000	0.000000	0.000000	0.000000	0.000000	0.000000	0.000000	0.000000	0.000000	3638.000000	0.000000	0.000000	0.000000	0.000000	0.000000	0.000000	0.000000	0.000000	0.000000	0.000000	0.000000	0.000000
SRR5898979	0.000000	0.000000	0.000000	0.000000	0.000000	29.000000	0.000000	0.000000	0.000000	46.000000	0.000000	46.000000	0.000000	0.000000	0.000000	0.000000	0.000000	0.000000	0.000000	0.000000	0.000000	0.000000	0.000000	0.000000	0.000000	0.000000	0.000000	0.000000	0.000000	457.000000	0.000000	0.000000	0.000000	0.000000	0.000000	0.000000	0.000000	0.000000	0.000000	0.000000	0.000000	506.000000	0.000000	0.000000	0.000000	0.000000	0.000000	0.000000	0.000000	0.000000	0.000000	0.000000	0.000000	0.000000	0.000000	0.000000	0.000000	0.000000	0.000000	0.000000	0.000000	70.000000	0.000000	0.000000	0.000000	183.000000	0.000000	0.000000	0.000000	0.000000	0.000000	0.000000	0.000000	0.000000	0.000000	0.000000	0.000000	0.000000	0.000000	20.000000	0.000000	0.000000	0.000000	0.000000	0.000000	0.000000	23.000000	0.000000	0.000000	0.000000	0.000000	6085.000000	0.000000	0.000000	0.000000	0.000000	0.000000	0.000000	32.000000	0.000000	0.000000	0.000000	0.000000	0.000000
SRR5898954	0.000000	0.000000	0.000000	55.000000	0.000000	166.000000	0.000000	0.000000	0.000000	892.000000	0.000000	28.000000	0.000000	0.000000	0.000000	49.000000	0.000000	0.000000	0.000000	0.000000	0.000000	0.000000	0.000000	0.000000	0.000000	0.000000	0.000000	24.000000	0.000000	24.000000	0.000000	0.000000	0.000000	0.000000	0.000000	0.000000	0.000000	0.000000	595.000000	0.000000	0.000000	62.000000	0.000000	0.000000	0.000000	29.000000	0.000000	10.000000	0.000000	0.000000	0.000000	0.000000	0.000000	0.000000	0.000000	0.000000	0.000000	0.000000	0.000000	0.000000	0.000000	0.000000	0.000000	0.000000	0.000000	0.000000	0.000000	0.000000	0.000000	0.000000	0.000000	0.000000	0.000000	98.000000	0.000000	0.000000	0.000000	0.000000	0.000000	301.000000	0.000000	0.000000	0.000000	0.000000	0.000000	0.000000	0.000000	0.000000	142.000000	0.000000	0.000000	1423.000000	0.000000	0.000000	0.000000	291.000000	0.000000	0.000000	0.000000	0.000000	0.000000	0.000000	0.000000	0.000000
SRR5898950	0.000000	0.000000	0.000000	99.000000	0.000000	45.000000	0.000000	0.000000	0.000000	218.000000	0.000000	376.000000	10.000000	27.000000	0.000000	0.000000	0.000000	0.000000	0.000000	0.000000	0.000000	0.000000	0.000000	0.000000	19.000000	0.000000	0.000000	17.000000	0.000000	674.000000	21.000000	12.000000	0.000000	0.000000	0.000000	0.000000	0.000000	0.000000	0.000000	0.000000	0.000000	395.000000	0.000000	0.000000	0.000000	0.000000	0.000000	89.000000	0.000000	0.000000	0.000000	0.000000	0.000000	0.000000	0.000000	0.000000	0.000000	0.000000	0.000000	0.000000	0.000000	51.000000	0.000000	0.000000	0.000000	186.000000	0.000000	140.000000	0.000000	0.000000	0.000000	0.000000	0.000000	43.000000	0.000000	0.000000	0.000000	0.000000	0.000000	453.000000	0.000000	0.000000	0.000000	0.000000	0.000000	0.000000	111.000000	0.000000	0.000000	0.000000	0.000000	2321.000000	0.000000	23.000000	0.000000	0.000000	0.000000	0.000000	20.000000	0.000000	0.000000	0.000000	0.000000	0.000000
SRR5898948	0.000000	0.000000	0.000000	28.000000	19.000000	940.000000	0.000000	0.000000	0.000000	6758.000000	0.000000	107.000000	0.000000	0.000000	0.000000	0.000000	0.000000	0.000000	0.000000	0.000000	0.000000	0.000000	0.000000	0.000000	0.000000	0.000000	0.000000	16.000000	0.000000	0.000000	0.000000	0.000000	0.000000	0.000000	0.000000	0.000000	0.000000	0.000000	0.000000	0.000000	0.000000	336.000000	0.000000	0.000000	0.000000	0.000000	0.000000	0.000000	0.000000	0.000000	0.000000	0.000000	0.000000	0.000000	0.000000	0.000000	0.000000	0.000000	0.000000	0.000000	0.000000	0.000000	0.000000	0.000000	0.000000	0.000000	0.000000	0.000000	0.000000	0.000000	53.000000	0.000000	0.000000	67.000000	32.000000	0.000000	0.000000	0.000000	17.000000	1505.000000	0.000000	0.000000	0.000000	0.000000	0.000000	0.000000	0.000000	0.000000	0.000000	0.000000	0.000000	0.000000	0.000000	0.000000	0.000000	0.000000	0.000000	0.000000	0.000000	0.000000	0.000000	0.000000	23.000000	0.000000
SRR5899005	18.000000	0.000000	0.000000	81.000000	0.000000	0.000000	0.000000	0.000000	0.000000	0.000000	0.000000	0.000000	0.000000	0.000000	0.000000	0.000000	0.000000	0.000000	0.000000	0.000000	0.000000	0.000000	0.000000	0.000000	0.000000	0.000000	0.000000	0.000000	0.000000	0.000000	15.000000	22.000000	0.000000	0.000000	0.000000	0.000000	0.000000	0.000000	0.000000	0.000000	0.000000	29.000000	0.000000	0.000000	0.000000	0.000000	0.000000	21.000000	0.000000	0.000000	0.000000	0.000000	0.000000	0.000000	0.000000	0.000000	0.000000	23.000000	0.000000	0.000000	0.000000	25.000000	0.000000	0.000000	0.000000	85.000000	0.000000	41.000000	0.000000	0.000000	0.000000	0.000000	0.000000	0.000000	0.000000	0.000000	0.000000	0.000000	0.000000	0.000000	0.000000	0.000000	0.000000	0.000000	0.000000	0.000000	363.000000	0.000000	14.000000	0.000000	0.000000	4234.000000	0.000000	20.000000	0.000000	0.000000	0.000000	0.000000	0.000000	0.000000	341.000000	0.000000	0.000000	0.000000
SRR5899007	0.000000	0.000000	0.000000	23.000000	0.000000	121.000000	0.000000	0.000000	0.000000	566.000000	0.000000	0.000000	0.000000	0.000000	0.000000	0.000000	0.000000	21.000000	0.000000	0.000000	0.000000	0.000000	0.000000	0.000000	0.000000	0.000000	0.000000	23.000000	0.000000	109.000000	0.000000	0.000000	0.000000	0.000000	0.000000	0.000000	0.000000	0.000000	0.000000	0.000000	0.000000	37.000000	0.000000	0.000000	0.000000	0.000000	0.000000	0.000000	0.000000	0.000000	0.000000	0.000000	0.000000	0.000000	156.000000	0.000000	0.000000	0.000000	0.000000	0.000000	0.000000	0.000000	0.000000	0.000000	337.000000	67.000000	0.000000	0.000000	0.000000	0.000000	17.000000	0.000000	0.000000	61.000000	0.000000	0.000000	0.000000	0.000000	26.000000	349.000000	0.000000	0.000000	0.000000	0.000000	0.000000	0.000000	28.000000	0.000000	0.000000	0.000000	0.000000	7149.000000	0.000000	0.000000	0.000000	0.000000	0.000000	0.000000	0.000000	0.000000	0.000000	0.000000	23.000000	0.000000
SRR5899006	0.000000	0.000000	0.000000	88.000000	0.000000	0.000000	0.000000	0.000000	0.000000	33.000000	0.000000	18.000000	0.000000	0.000000	0.000000	0.000000	0.000000	0.000000	0.000000	0.000000	0.000000	0.000000	0.000000	0.000000	0.000000	0.000000	0.000000	0.000000	13.000000	0.000000	13.000000	0.000000	0.000000	0.000000	0.000000	0.000000	0.000000	0.000000	0.000000	25.000000	0.000000	54.000000	0.000000	0.000000	0.000000	0.000000	0.000000	34.000000	0.000000	0.000000	0.000000	0.000000	0.000000	0.000000	73.000000	0.000000	0.000000	0.000000	0.000000	0.000000	0.000000	0.000000	0.000000	0.000000	0.000000	277.000000	0.000000	98.000000	0.000000	0.000000	0.000000	0.000000	0.000000	0.000000	0.000000	0.000000	0.000000	0.000000	0.000000	90.000000	0.000000	0.000000	0.000000	0.000000	0.000000	0.000000	34.000000	0.000000	0.000000	0.000000	0.000000	5198.000000	0.000000	40.000000	0.000000	0.000000	0.000000	0.000000	0.000000	0.000000	0.000000	0.000000	31.000000	0.000000
