	Actinomycetota	Bacillota	Bacteroidota	Campylobacterota	Chordata	Fusobacteriota	Methanobacteriota	Pseudomonadota	Spirochaetota	Synergistota	Thermodesulfobacteriota	Uroviricota	Verrucomicrobiota
SRR8865598	236.000000	2023.000000	7983.000000	0.000000	770.000000	0.000000	0.000000	2781.000000	0.000000	0.000000	0.000000	0.000000	0.000000
SRR8865599	268.000000	3582.000000	1182.000000	0.000000	0.000000	0.000000	0.000000	7468.000000	0.000000	0.000000	0.000000	120.000000	0.000000
SRR8865600	0.000000	862.000000	2956.000000	0.000000	0.000000	0.000000	0.000000	2388.000000	0.000000	0.000000	0.000000	17.000000	0.000000
SRR8865601	206.000000	2848.000000	3050.000000	0.000000	0.000000	0.000000	0.000000	9035.000000	0.000000	0.000000	0.000000	26.000000	0.000000
SRR8865594	125.000000	1002.000000	446.000000	0.000000	0.000000	0.000000	0.000000	6116.000000	0.000000	0.000000	24.000000	0.000000	0.000000
SRR8865595	28.000000	423.000000	9255.000000	0.000000	0.000000	0.000000	0.000000	1190.000000	0.000000	0.000000	0.000000	14.000000	0.000000
SRR8865596	2989.000000	361.000000	843.000000	0.000000	0.000000	0.000000	0.000000	12838.000000	0.000000	0.000000	0.000000	0.000000	0.000000
SRR8865597	11.000000	366.000000	864.000000	0.000000	0.000000	0.000000	186.000000	121.000000	0.000000	0.000000	0.000000	91.000000	0.000000
SRR8865592	77.000000	1631.000000	7741.000000	0.000000	488.000000	0.000000	303.000000	13.000000	0.000000	0.000000	15.000000	0.000000	317.000000
SRR8865593	90.000000	3074.000000	2540.000000	0.000000	0.000000	0.000000	0.000000	13.000000	0.000000	0.000000	13.000000	0.000000	1860.000000
SRR8865584	104.000000	1223.000000	1207.000000	0.000000	0.000000	63.000000	57.000000	206.000000	0.000000	0.000000	10.000000	0.000000	0.000000
SRR8865585	0.000000	1654.000000	6558.000000	0.000000	0.000000	0.000000	0.000000	49.000000	0.000000	0.000000	23.000000	22.000000	0.000000
SRR8865586	60.000000	3332.000000	5025.000000	0.000000	0.000000	0.000000	0.000000	5013.000000	0.000000	0.000000	0.000000	0.000000	0.000000
SRR8865587	3619.000000	433.000000	850.000000	0.000000	0.000000	0.000000	0.000000	14183.000000	0.000000	0.000000	0.000000	0.000000	0.000000
SRR8865588	99.000000	3217.000000	1916.000000	0.000000	0.000000	0.000000	0.000000	3618.000000	0.000000	0.000000	0.000000	0.000000	0.000000
SRR8865589	0.000000	532.000000	1176.000000	0.000000	0.000000	0.000000	130.000000	0.000000	0.000000	0.000000	0.000000	0.000000	153.000000
SRR8865590	18.000000	524.000000	6546.000000	0.000000	0.000000	20.000000	0.000000	166.000000	0.000000	20.000000	0.000000	0.000000	0.000000
SRR8865591	0.000000	1154.000000	7177.000000	0.000000	50.000000	0.000000	17.000000	301.000000	0.000000	0.000000	0.000000	117.000000	288.000000
SRR8865582	28.000000	583.000000	2052.000000	0.000000	56.000000	0.000000	20.000000	152.000000	0.000000	0.000000	35.000000	61.000000	24.000000
SRR8865583	0.000000	432.000000	2290.000000	109.000000	0.000000	0.000000	0.000000	132.000000	29.000000	0.000000	38.000000	0.000000	340.000000
SRR8865577	52.000000	916.000000	646.000000	0.000000	0.000000	32.000000	16.000000	966.000000	19.000000	0.000000	41.000000	0.000000	0.000000
SRR8865576	65.000000	271.000000	8323.000000	0.000000	0.000000	0.000000	0.000000	165.000000	0.000000	0.000000	0.000000	21.000000	0.000000
SRR8865579	0.000000	1403.000000	6750.000000	0.000000	31.000000	0.000000	29.000000	1018.000000	0.000000	0.000000	44.000000	110.000000	888.000000
SRR8865578	44.000000	547.000000	2163.000000	0.000000	58.000000	0.000000	21.000000	193.000000	0.000000	0.000000	56.000000	63.000000	50.000000
SRR8865573	0.000000	446.000000	2561.000000	92.000000	0.000000	0.000000	0.000000	173.000000	21.000000	0.000000	42.000000	0.000000	420.000000
SRR8865572	0.000000	547.000000	1406.000000	0.000000	12.000000	0.000000	132.000000	0.000000	0.000000	0.000000	0.000000	0.000000	238.000000
SRR8865575	0.000000	1324.000000	8174.000000	0.000000	53.000000	0.000000	19.000000	354.000000	0.000000	0.000000	20.000000	129.000000	351.000000
SRR8865574	52.000000	260.000000	8367.000000	0.000000	0.000000	0.000000	0.000000	184.000000	0.000000	0.000000	0.000000	23.000000	0.000000
SRR8865581	15.000000	1500.000000	6711.000000	0.000000	41.000000	0.000000	25.000000	1040.000000	0.000000	0.000000	53.000000	94.000000	816.000000
SRR8865580	86.000000	1010.000000	636.000000	0.000000	0.000000	41.000000	17.000000	1215.000000	15.000000	0.000000	43.000000	0.000000	0.000000
SRR5898912	12.000000	455.000000	6529.000000	0.000000	0.000000	0.000000	0.000000	91.000000	0.000000	0.000000	0.000000	0.000000	0.000000
SRR5898911	66.000000	1292.000000	6776.000000	0.000000	2173.000000	0.000000	0.000000	100.000000	0.000000	0.000000	0.000000	0.000000	0.000000
SRR5898910	55.000000	1266.000000	5405.000000	0.000000	22.000000	0.000000	0.000000	36.000000	0.000000	0.000000	0.000000	18.000000	0.000000
SRR5898909	42.000000	2177.000000	7593.000000	0.000000	16.000000	0.000000	0.000000	0.000000	0.000000	0.000000	18.000000	196.000000	0.000000
SRR5898908	58.000000	877.000000	4345.000000	0.000000	0.000000	0.000000	11.000000	192.000000	0.000000	0.000000	0.000000	0.000000	0.000000
SRR5898920	144.000000	1151.000000	1942.000000	0.000000	0.000000	0.000000	0.000000	397.000000	0.000000	0.000000	0.000000	0.000000	0.000000
SRR5898921	520.000000	545.000000	1955.000000	0.000000	0.000000	0.000000	0.000000	1077.000000	0.000000	0.000000	15.000000	0.000000	48.000000
SRR5898922	315.000000	3268.000000	6875.000000	0.000000	0.000000	0.000000	0.000000	187.000000	0.000000	0.000000	0.000000	0.000000	0.000000
SRR5898923	69.000000	614.000000	4166.000000	0.000000	0.000000	0.000000	0.000000	230.000000	0.000000	0.000000	0.000000	0.000000	0.000000
SRR5898924	25.000000	538.000000	5492.000000	0.000000	0.000000	0.000000	0.000000	261.000000	0.000000	0.000000	0.000000	20.000000	0.000000
SRR5898925	0.000000	163.000000	7504.000000	0.000000	0.000000	0.000000	0.000000	0.000000	0.000000	0.000000	0.000000	0.000000	0.000000
SRR5898926	15.000000	495.000000	4961.000000	0.000000	0.000000	0.000000	0.000000	571.000000	0.000000	0.000000	0.000000	0.000000	0.000000
SRR5899017	425.000000	1700.000000	2362.000000	0.000000	67.000000	0.000000	0.000000	40.000000	0.000000	0.000000	11.000000	0.000000	0.000000
SRR5898966	37.000000	353.000000	5818.000000	0.000000	0.000000	0.000000	0.000000	19.000000	0.000000	0.000000	0.000000	0.000000	0.000000
SRR5898984	76.000000	907.000000	6709.000000	0.000000	0.000000	0.000000	0.000000	272.000000	0.000000	0.000000	0.000000	0.000000	0.000000
SRR5898985	318.000000	1593.000000	4432.000000	0.000000	101.000000	0.000000	0.000000	94.000000	0.000000	0.000000	0.000000	154.000000	12.000000
SRR5898986	56.000000	1302.000000	6226.000000	0.000000	0.000000	0.000000	0.000000	59.000000	0.000000	0.000000	0.000000	0.000000	0.000000
SRR5898987	280.000000	1015.000000	3595.000000	0.000000	40.000000	0.000000	0.000000	307.000000	0.000000	0.000000	64.000000	22.000000	126.000000
SRR5898980	554.000000	1470.000000	4988.000000	0.000000	0.000000	0.000000	0.000000	143.000000	0.000000	0.000000	10.000000	0.000000	162.000000
SRR5898981	13.000000	2921.000000	1957.000000	0.000000	0.000000	0.000000	0.000000	259.000000	0.000000	0.000000	0.000000	0.000000	0.000000
SRR5898982	0.000000	801.000000	4307.000000	0.000000	0.000000	0.000000	0.000000	235.000000	0.000000	0.000000	0.000000	0.000000	0.000000
SRR5898983	618.000000	6616.000000	146.000000	0.000000	0.000000	0.000000	0.000000	709.000000	0.000000	0.000000	0.000000	0.000000	0.000000
SRR5898978	66.000000	2606.000000	3725.000000	0.000000	0.000000	0.000000	0.000000	2108.000000	0.000000	0.000000	0.000000	41.000000	0.000000
SRR5898979	54.000000	1268.000000	6192.000000	0.000000	0.000000	0.000000	0.000000	50.000000	0.000000	0.000000	0.000000	0.000000	0.000000
SRR5898954	32.000000	378.000000	2891.000000	0.000000	10.000000	0.000000	0.000000	624.000000	0.000000	0.000000	0.000000	347.000000	0.000000
SRR5898950	401.000000	1793.000000	3098.000000	0.000000	89.000000	0.000000	0.000000	54.000000	0.000000	0.000000	10.000000	0.000000	0.000000
SRR5898948	112.000000	483.000000	9360.000000	0.000000	0.000000	0.000000	0.000000	36.000000	0.000000	0.000000	0.000000	0.000000	19.000000
SRR5899005	0.000000	771.000000	4246.000000	0.000000	20.000000	0.000000	0.000000	61.000000	338.000000	0.000000	0.000000	0.000000	0.000000
SRR5899007	0.000000	710.000000	8297.000000	0.000000	0.000000	0.000000	0.000000	161.000000	0.000000	0.000000	0.000000	16.000000	0.000000
SRR5899006	23.000000	733.000000	5343.000000	0.000000	34.000000	0.000000	0.000000	99.000000	0.000000	0.000000	13.000000	21.000000	0.000000
