	Acidaminococcales	Aeromonadales	Bacteroidales	Bifidobacteriales	Burkholderiales	Campylobacterales	Coriobacteriales	Crassvirales	Desulfovibrionales	Eggerthellales	Enterobacterales	Erysipelotrichales	Eubacteriales	Fusobacteriales	Lachnospirales	Lactobacillales	Methanobacteriales	Micrococcales	Pantevenvirales	Pasteurellales	Peptostreptococcales	Primates	Selenomonadales	Synergistales	Tissierellales	Treponematales	Veillonellales	Verrucomicrobiales
SRR8865598	304.000000	0.000000	7983.000000	229.000000	0.000000	0.000000	0.000000	0.000000	0.000000	0.000000	2782.000000	0.000000	632.000000	0.000000	992.000000	33.000000	0.000000	0.000000	0.000000	0.000000	0.000000	770.000000	0.000000	0.000000	0.000000	0.000000	50.000000	0.000000
SRR8865599	0.000000	0.000000	1182.000000	140.000000	0.000000	0.000000	78.000000	0.000000	0.000000	0.000000	7368.000000	0.000000	621.000000	0.000000	940.000000	1163.000000	0.000000	46.000000	113.000000	94.000000	0.000000	0.000000	0.000000	0.000000	0.000000	0.000000	847.000000	0.000000
SRR8865600	32.000000	0.000000	2956.000000	0.000000	0.000000	0.000000	0.000000	13.000000	0.000000	0.000000	2385.000000	0.000000	217.000000	0.000000	247.000000	43.000000	0.000000	0.000000	0.000000	0.000000	85.000000	0.000000	0.000000	0.000000	70.000000	0.000000	164.000000	0.000000
SRR8865601	60.000000	0.000000	3050.000000	167.000000	0.000000	0.000000	25.000000	0.000000	0.000000	0.000000	8772.000000	34.000000	312.000000	0.000000	1011.000000	191.000000	0.000000	0.000000	0.000000	261.000000	0.000000	0.000000	519.000000	0.000000	0.000000	0.000000	715.000000	0.000000
SRR8865594	0.000000	540.000000	446.000000	122.000000	0.000000	0.000000	0.000000	0.000000	24.000000	0.000000	5554.000000	0.000000	221.000000	0.000000	619.000000	21.000000	0.000000	0.000000	0.000000	19.000000	0.000000	0.000000	0.000000	0.000000	0.000000	0.000000	139.000000	0.000000
SRR8865595	0.000000	0.000000	9255.000000	21.000000	40.000000	0.000000	0.000000	0.000000	0.000000	0.000000	1150.000000	0.000000	47.000000	0.000000	322.000000	45.000000	0.000000	0.000000	0.000000	0.000000	0.000000	0.000000	0.000000	0.000000	0.000000	0.000000	0.000000	0.000000
SRR8865596	0.000000	0.000000	843.000000	2968.000000	0.000000	0.000000	0.000000	0.000000	0.000000	0.000000	12838.000000	0.000000	53.000000	0.000000	31.000000	274.000000	0.000000	0.000000	0.000000	0.000000	0.000000	0.000000	0.000000	0.000000	0.000000	0.000000	0.000000	0.000000
SRR8865597	0.000000	0.000000	864.000000	10.000000	0.000000	0.000000	0.000000	91.000000	0.000000	0.000000	120.000000	0.000000	83.000000	0.000000	119.000000	0.000000	186.000000	0.000000	0.000000	0.000000	0.000000	0.000000	0.000000	0.000000	118.000000	0.000000	21.000000	0.000000
SRR8865592	259.000000	0.000000	7740.000000	74.000000	10.000000	0.000000	0.000000	0.000000	15.000000	0.000000	0.000000	12.000000	174.000000	0.000000	1094.000000	0.000000	303.000000	0.000000	0.000000	0.000000	0.000000	488.000000	13.000000	0.000000	0.000000	0.000000	73.000000	317.000000
SRR8865593	0.000000	0.000000	2540.000000	71.000000	0.000000	0.000000	18.000000	0.000000	13.000000	0.000000	0.000000	0.000000	1289.000000	0.000000	1556.000000	16.000000	0.000000	0.000000	0.000000	0.000000	0.000000	0.000000	0.000000	0.000000	97.000000	0.000000	101.000000	1861.000000
SRR8865584	0.000000	0.000000	1208.000000	102.000000	0.000000	0.000000	0.000000	0.000000	10.000000	0.000000	199.000000	30.000000	301.000000	63.000000	414.000000	0.000000	57.000000	0.000000	0.000000	0.000000	71.000000	0.000000	236.000000	0.000000	0.000000	0.000000	143.000000	0.000000
SRR8865585	0.000000	0.000000	6563.000000	0.000000	17.000000	0.000000	0.000000	17.000000	23.000000	0.000000	26.000000	0.000000	917.000000	0.000000	714.000000	0.000000	0.000000	0.000000	0.000000	0.000000	0.000000	0.000000	0.000000	0.000000	0.000000	0.000000	0.000000	0.000000
SRR8865586	214.000000	0.000000	5025.000000	15.000000	0.000000	0.000000	40.000000	0.000000	0.000000	0.000000	5011.000000	0.000000	745.000000	0.000000	764.000000	104.000000	0.000000	0.000000	0.000000	0.000000	0.000000	0.000000	140.000000	0.000000	0.000000	0.000000	1362.000000	0.000000
SRR8865587	0.000000	0.000000	849.000000	3599.000000	0.000000	0.000000	0.000000	0.000000	0.000000	0.000000	14178.000000	0.000000	63.000000	0.000000	22.000000	343.000000	0.000000	0.000000	0.000000	0.000000	0.000000	0.000000	0.000000	0.000000	0.000000	0.000000	0.000000	0.000000
SRR8865588	0.000000	0.000000	1916.000000	93.000000	41.000000	0.000000	0.000000	0.000000	0.000000	0.000000	3542.000000	0.000000	594.000000	0.000000	150.000000	45.000000	0.000000	0.000000	0.000000	33.000000	0.000000	0.000000	77.000000	0.000000	0.000000	0.000000	2344.000000	0.000000
SRR8865589	0.000000	0.000000	1176.000000	0.000000	0.000000	0.000000	0.000000	0.000000	0.000000	0.000000	0.000000	0.000000	141.000000	0.000000	171.000000	0.000000	130.000000	0.000000	0.000000	0.000000	0.000000	0.000000	0.000000	0.000000	0.000000	0.000000	211.000000	153.000000
SRR8865590	0.000000	0.000000	6551.000000	13.000000	0.000000	0.000000	0.000000	0.000000	0.000000	0.000000	163.000000	0.000000	217.000000	20.000000	183.000000	0.000000	0.000000	0.000000	0.000000	0.000000	0.000000	0.000000	0.000000	20.000000	0.000000	0.000000	93.000000	0.000000
SRR8865591	261.000000	0.000000	7176.000000	0.000000	30.000000	0.000000	0.000000	115.000000	0.000000	0.000000	270.000000	0.000000	253.000000	0.000000	457.000000	54.000000	17.000000	0.000000	0.000000	0.000000	0.000000	50.000000	0.000000	0.000000	0.000000	0.000000	128.000000	288.000000
SRR8865582	0.000000	0.000000	2053.000000	28.000000	0.000000	0.000000	0.000000	0.000000	35.000000	0.000000	148.000000	0.000000	308.000000	0.000000	215.000000	21.000000	20.000000	0.000000	59.000000	0.000000	0.000000	56.000000	0.000000	0.000000	0.000000	0.000000	17.000000	24.000000
SRR8865583	0.000000	0.000000	2291.000000	0.000000	18.000000	108.000000	0.000000	0.000000	39.000000	0.000000	113.000000	0.000000	220.000000	0.000000	138.000000	0.000000	0.000000	0.000000	0.000000	0.000000	0.000000	0.000000	0.000000	0.000000	0.000000	29.000000	58.000000	340.000000
SRR8865577	17.000000	0.000000	646.000000	49.000000	148.000000	0.000000	0.000000	0.000000	41.000000	0.000000	812.000000	0.000000	366.000000	32.000000	436.000000	27.000000	16.000000	0.000000	0.000000	0.000000	0.000000	0.000000	0.000000	0.000000	0.000000	19.000000	57.000000	0.000000
SRR8865576	0.000000	0.000000	8330.000000	18.000000	19.000000	0.000000	44.000000	0.000000	0.000000	0.000000	129.000000	0.000000	15.000000	0.000000	178.000000	61.000000	0.000000	0.000000	0.000000	0.000000	0.000000	0.000000	14.000000	0.000000	0.000000	0.000000	0.000000	0.000000
SRR8865579	292.000000	0.000000	6750.000000	0.000000	28.000000	0.000000	0.000000	109.000000	44.000000	0.000000	989.000000	0.000000	412.000000	0.000000	402.000000	55.000000	29.000000	0.000000	0.000000	0.000000	0.000000	31.000000	0.000000	0.000000	0.000000	0.000000	238.000000	888.000000
SRR8865578	12.000000	0.000000	2164.000000	41.000000	0.000000	0.000000	0.000000	0.000000	56.000000	0.000000	190.000000	0.000000	304.000000	0.000000	163.000000	32.000000	21.000000	0.000000	62.000000	0.000000	0.000000	58.000000	0.000000	0.000000	0.000000	0.000000	25.000000	50.000000
SRR8865573	0.000000	0.000000	2562.000000	0.000000	22.000000	92.000000	0.000000	0.000000	42.000000	0.000000	150.000000	0.000000	221.000000	0.000000	140.000000	14.000000	0.000000	0.000000	0.000000	0.000000	0.000000	0.000000	0.000000	0.000000	0.000000	21.000000	65.000000	420.000000
SRR8865572	0.000000	0.000000	1406.000000	0.000000	0.000000	0.000000	0.000000	0.000000	0.000000	0.000000	0.000000	0.000000	163.000000	0.000000	144.000000	0.000000	132.000000	0.000000	0.000000	0.000000	0.000000	12.000000	0.000000	0.000000	0.000000	0.000000	234.000000	239.000000
SRR8865575	288.000000	0.000000	8173.000000	0.000000	42.000000	0.000000	0.000000	125.000000	20.000000	0.000000	310.000000	0.000000	372.000000	0.000000	481.000000	38.000000	19.000000	0.000000	0.000000	0.000000	0.000000	53.000000	0.000000	0.000000	0.000000	0.000000	143.000000	351.000000
SRR8865574	0.000000	0.000000	8368.000000	19.000000	13.000000	0.000000	31.000000	0.000000	0.000000	0.000000	171.000000	0.000000	13.000000	0.000000	183.000000	53.000000	0.000000	0.000000	0.000000	0.000000	0.000000	0.000000	0.000000	0.000000	0.000000	0.000000	0.000000	0.000000
SRR8865581	289.000000	0.000000	6711.000000	0.000000	28.000000	0.000000	0.000000	90.000000	53.000000	0.000000	1012.000000	0.000000	432.000000	0.000000	449.000000	55.000000	25.000000	0.000000	0.000000	0.000000	0.000000	41.000000	0.000000	0.000000	0.000000	0.000000	264.000000	816.000000
SRR8865580	16.000000	0.000000	637.000000	69.000000	194.000000	0.000000	15.000000	0.000000	43.000000	0.000000	1010.000000	14.000000	394.000000	41.000000	492.000000	32.000000	17.000000	0.000000	0.000000	0.000000	0.000000	0.000000	0.000000	0.000000	0.000000	15.000000	58.000000	0.000000
SRR5898912	41.000000	0.000000	6530.000000	0.000000	25.000000	0.000000	0.000000	0.000000	0.000000	0.000000	65.000000	0.000000	54.000000	0.000000	320.000000	0.000000	0.000000	0.000000	0.000000	0.000000	0.000000	0.000000	0.000000	0.000000	0.000000	0.000000	24.000000	0.000000
SRR5898911	0.000000	0.000000	6775.000000	64.000000	33.000000	0.000000	0.000000	0.000000	0.000000	0.000000	55.000000	0.000000	232.000000	0.000000	727.000000	71.000000	0.000000	0.000000	0.000000	11.000000	0.000000	2173.000000	18.000000	0.000000	0.000000	0.000000	240.000000	0.000000
SRR5898910	0.000000	0.000000	5406.000000	48.000000	27.000000	0.000000	0.000000	18.000000	0.000000	0.000000	0.000000	0.000000	85.000000	0.000000	170.000000	0.000000	0.000000	0.000000	0.000000	0.000000	0.000000	22.000000	56.000000	0.000000	0.000000	0.000000	938.000000	0.000000
SRR5898909	0.000000	0.000000	7596.000000	13.000000	0.000000	0.000000	25.000000	196.000000	18.000000	0.000000	0.000000	0.000000	695.000000	0.000000	384.000000	15.000000	0.000000	0.000000	0.000000	0.000000	0.000000	16.000000	13.000000	0.000000	0.000000	0.000000	1052.000000	0.000000
SRR5898908	0.000000	0.000000	4345.000000	55.000000	14.000000	0.000000	0.000000	0.000000	0.000000	0.000000	175.000000	0.000000	235.000000	0.000000	628.000000	0.000000	11.000000	0.000000	0.000000	0.000000	0.000000	0.000000	0.000000	0.000000	0.000000	0.000000	0.000000	0.000000
SRR5898920	0.000000	0.000000	1942.000000	124.000000	17.000000	0.000000	19.000000	0.000000	0.000000	0.000000	374.000000	0.000000	164.000000	0.000000	795.000000	13.000000	0.000000	0.000000	0.000000	0.000000	0.000000	0.000000	36.000000	0.000000	0.000000	0.000000	130.000000	0.000000
SRR5898921	0.000000	0.000000	1955.000000	435.000000	287.000000	0.000000	84.000000	0.000000	15.000000	0.000000	777.000000	0.000000	276.000000	0.000000	155.000000	26.000000	0.000000	0.000000	0.000000	11.000000	0.000000	0.000000	0.000000	0.000000	0.000000	0.000000	81.000000	48.000000
SRR5898922	118.000000	0.000000	6876.000000	312.000000	123.000000	0.000000	0.000000	0.000000	0.000000	0.000000	55.000000	0.000000	304.000000	0.000000	1393.000000	65.000000	0.000000	0.000000	0.000000	0.000000	0.000000	0.000000	0.000000	0.000000	0.000000	0.000000	1386.000000	0.000000
SRR5898923	0.000000	0.000000	4167.000000	19.000000	29.000000	0.000000	48.000000	0.000000	0.000000	0.000000	179.000000	0.000000	57.000000	0.000000	514.000000	15.000000	0.000000	0.000000	0.000000	22.000000	0.000000	0.000000	10.000000	0.000000	0.000000	0.000000	12.000000	0.000000
SRR5898924	0.000000	0.000000	5495.000000	24.000000	39.000000	0.000000	0.000000	20.000000	0.000000	0.000000	204.000000	0.000000	124.000000	0.000000	136.000000	66.000000	0.000000	0.000000	0.000000	18.000000	0.000000	0.000000	0.000000	0.000000	0.000000	0.000000	199.000000	0.000000
SRR5898925	0.000000	0.000000	7505.000000	0.000000	0.000000	0.000000	0.000000	0.000000	0.000000	0.000000	0.000000	0.000000	27.000000	0.000000	49.000000	0.000000	0.000000	0.000000	0.000000	0.000000	0.000000	0.000000	11.000000	0.000000	0.000000	0.000000	68.000000	0.000000
SRR5898926	31.000000	0.000000	4961.000000	14.000000	25.000000	0.000000	0.000000	0.000000	0.000000	0.000000	540.000000	0.000000	35.000000	0.000000	331.000000	24.000000	0.000000	0.000000	0.000000	0.000000	0.000000	0.000000	14.000000	0.000000	0.000000	0.000000	58.000000	0.000000
SRR5899017	0.000000	0.000000	2362.000000	387.000000	27.000000	0.000000	37.000000	0.000000	11.000000	0.000000	13.000000	0.000000	435.000000	0.000000	219.000000	52.000000	0.000000	0.000000	0.000000	0.000000	0.000000	67.000000	130.000000	0.000000	0.000000	0.000000	857.000000	0.000000
SRR5898966	0.000000	0.000000	5820.000000	26.000000	0.000000	0.000000	0.000000	0.000000	0.000000	0.000000	10.000000	13.000000	68.000000	0.000000	132.000000	0.000000	0.000000	0.000000	0.000000	0.000000	0.000000	0.000000	0.000000	0.000000	0.000000	0.000000	132.000000	0.000000
SRR5898984	0.000000	0.000000	6709.000000	76.000000	0.000000	0.000000	0.000000	0.000000	0.000000	0.000000	249.000000	0.000000	340.000000	0.000000	353.000000	0.000000	0.000000	0.000000	0.000000	0.000000	0.000000	0.000000	0.000000	0.000000	0.000000	0.000000	208.000000	0.000000
SRR5898985	0.000000	0.000000	4432.000000	213.000000	0.000000	0.000000	73.000000	154.000000	0.000000	30.000000	89.000000	34.000000	402.000000	0.000000	1092.000000	17.000000	0.000000	0.000000	0.000000	0.000000	0.000000	101.000000	0.000000	0.000000	0.000000	0.000000	34.000000	12.000000
SRR5898986	0.000000	0.000000	6229.000000	52.000000	35.000000	0.000000	0.000000	0.000000	0.000000	0.000000	10.000000	0.000000	514.000000	0.000000	36.000000	53.000000	0.000000	0.000000	0.000000	0.000000	0.000000	0.000000	0.000000	0.000000	0.000000	0.000000	694.000000	0.000000
SRR5898987	0.000000	0.000000	3596.000000	253.000000	11.000000	0.000000	27.000000	22.000000	64.000000	0.000000	296.000000	0.000000	477.000000	0.000000	116.000000	0.000000	0.000000	0.000000	0.000000	0.000000	0.000000	40.000000	0.000000	0.000000	0.000000	0.000000	404.000000	127.000000
SRR5898980	0.000000	0.000000	4988.000000	551.000000	14.000000	0.000000	0.000000	0.000000	10.000000	0.000000	128.000000	0.000000	519.000000	0.000000	322.000000	0.000000	0.000000	0.000000	0.000000	0.000000	0.000000	0.000000	0.000000	0.000000	0.000000	0.000000	622.000000	162.000000
SRR5898981	0.000000	0.000000	1957.000000	12.000000	0.000000	0.000000	0.000000	0.000000	0.000000	0.000000	251.000000	0.000000	260.000000	0.000000	2531.000000	0.000000	0.000000	0.000000	0.000000	0.000000	0.000000	0.000000	101.000000	0.000000	0.000000	0.000000	22.000000	0.000000
SRR5898982	0.000000	0.000000	4307.000000	0.000000	0.000000	0.000000	0.000000	0.000000	0.000000	0.000000	225.000000	0.000000	230.000000	0.000000	565.000000	0.000000	0.000000	0.000000	0.000000	0.000000	0.000000	0.000000	0.000000	0.000000	0.000000	0.000000	0.000000	0.000000
SRR5898983	162.000000	0.000000	146.000000	607.000000	0.000000	0.000000	0.000000	0.000000	0.000000	0.000000	691.000000	0.000000	27.000000	0.000000	100.000000	359.000000	0.000000	0.000000	0.000000	14.000000	0.000000	0.000000	0.000000	0.000000	0.000000	0.000000	5965.000000	0.000000
SRR5898978	0.000000	0.000000	3725.000000	33.000000	0.000000	0.000000	29.000000	41.000000	0.000000	0.000000	2106.000000	0.000000	283.000000	0.000000	0.000000	0.000000	0.000000	0.000000	0.000000	0.000000	0.000000	0.000000	18.000000	0.000000	0.000000	0.000000	2296.000000	0.000000
SRR5898979	0.000000	0.000000	6195.000000	46.000000	32.000000	0.000000	0.000000	0.000000	0.000000	0.000000	10.000000	0.000000	506.000000	0.000000	38.000000	69.000000	0.000000	0.000000	0.000000	0.000000	0.000000	0.000000	0.000000	0.000000	0.000000	0.000000	639.000000	0.000000
SRR5898954	0.000000	0.000000	2891.000000	27.000000	0.000000	0.000000	0.000000	347.000000	0.000000	0.000000	594.000000	0.000000	220.000000	0.000000	113.000000	10.000000	0.000000	0.000000	0.000000	29.000000	0.000000	10.000000	0.000000	0.000000	0.000000	0.000000	29.000000	0.000000
SRR5898950	0.000000	0.000000	3098.000000	376.000000	32.000000	0.000000	23.000000	0.000000	10.000000	0.000000	20.000000	0.000000	425.000000	0.000000	307.000000	54.000000	0.000000	0.000000	0.000000	0.000000	0.000000	89.000000	140.000000	0.000000	0.000000	0.000000	859.000000	0.000000
SRR5898948	17.000000	0.000000	9360.000000	107.000000	0.000000	0.000000	0.000000	0.000000	0.000000	0.000000	29.000000	0.000000	366.000000	0.000000	93.000000	0.000000	0.000000	0.000000	0.000000	0.000000	0.000000	0.000000	0.000000	0.000000	0.000000	0.000000	0.000000	19.000000
SRR5899005	20.000000	0.000000	4246.000000	0.000000	24.000000	0.000000	0.000000	0.000000	0.000000	0.000000	22.000000	0.000000	60.000000	0.000000	514.000000	43.000000	0.000000	0.000000	0.000000	0.000000	0.000000	20.000000	42.000000	0.000000	0.000000	338.000000	88.000000	0.000000
SRR5899007	27.000000	0.000000	8297.000000	0.000000	0.000000	0.000000	0.000000	16.000000	0.000000	0.000000	161.000000	0.000000	72.000000	0.000000	90.000000	0.000000	0.000000	0.000000	0.000000	0.000000	0.000000	0.000000	335.000000	0.000000	0.000000	0.000000	175.000000	0.000000
SRR5899006	0.000000	0.000000	5346.000000	18.000000	11.000000	0.000000	0.000000	0.000000	13.000000	0.000000	78.000000	0.000000	123.000000	0.000000	214.000000	0.000000	0.000000	0.000000	0.000000	0.000000	0.000000	34.000000	97.000000	0.000000	0.000000	0.000000	275.000000	0.000000
