	Acidaminococcaceae	Aeromonadaceae	Akkermansiaceae	Atopobiaceae	Bacteroidaceae	Barnesiellaceae	Bifidobacteriaceae	Butyricicoccaceae	Campylobacteraceae	Clostridiaceae	Comamonadaceae	Coprobacillaceae	Coriobacteriaceae	Darmviridae	Desulfovibrionaceae	Dethiosulfovibrionaceae	Eggerthellaceae	Enterobacteriaceae	Enterococcaceae	Erwiniaceae	Erysipelotrichaceae	Eubacteriaceae	Fusobacteriaceae	Herelleviridae	Hominidae	Intestiviridae	Lachnospiraceae	Lactobacillaceae	Methanobacteriaceae	Micrococcaceae	Morganellaceae	Odoribacteraceae	Oscillospiraceae	Pasteurellaceae	Peptoniphilaceae	Peptostreptococcaceae	Porphyromonadaceae	Prevotellaceae	Rikenellaceae	Sarkviridae	Schitoviridae	Selenomonadaceae	Steigviridae	Straboviridae	Streptococcaceae	Suoliviridae	Sutterellaceae	Tannerellaceae	Treponemataceae	Veillonellaceae
SRR8865598	0.022101	0.000000	0.000000	0.000000	0.518169	0.000000	0.016648	0.000000	0.000000	0.002621	0.000000	0.000000	0.000000	0.000000	0.000000	0.000000	0.000000	0.186753	0.001311	0.000000	0.000000	0.000000	0.000000	0.000000	0.055978	0.000000	0.072116	0.000800	0.000000	0.000000	0.015198	0.000000	0.042741	0.000000	0.000000	0.000000	0.000000	0.003052	0.049285	0.000000	0.000000	0.000000	0.000000	0.000000	0.000000	0.000000	0.000000	0.009595	0.000000	0.003632
SRR8865599	0.000000	0.000000	0.000000	0.000000	0.067197	0.000000	0.011224	0.000000	0.000000	0.000000	0.000000	0.000000	0.006293	0.000000	0.000000	0.000000	0.000000	0.586495	0.000000	0.000000	0.000000	0.000000	0.000000	0.000000	0.000000	0.000000	0.075150	0.025630	0.000000	0.003661	0.000000	0.000000	0.048639	0.007483	0.000000	0.000000	0.000000	0.026591	0.000000	0.000000	0.002151	0.000000	0.000000	0.006613	0.065366	0.000000	0.000000	0.000000	0.000000	0.067507
SRR8865600	0.005176	0.000000	0.000000	0.000000	0.243250	0.000000	0.000000	0.000000	0.000000	0.000000	0.000000	0.000000	0.000000	0.000000	0.000000	0.000000	0.000000	0.386314	0.000000	0.000000	0.000000	0.000000	0.000000	0.000000	0.000000	0.000000	0.040457	0.004856	0.000000	0.000000	0.000000	0.025569	0.033338	0.000000	0.011493	0.013916	0.051950	0.023948	0.115553	0.000000	0.000000	0.000000	0.000000	0.000000	0.000000	0.000000	0.000000	0.017640	0.000000	0.026541
SRR8865601	0.003962	0.000000	0.000000	0.000000	0.192532	0.000000	0.011046	0.000000	0.000000	0.000000	0.000000	0.002251	0.001521	0.000000	0.000000	0.000000	0.000000	0.580097	0.000000	0.000000	0.000000	0.000000	0.000000	0.000000	0.000000	0.000000	0.066905	0.003502	0.000000	0.000000	0.000000	0.003442	0.020561	0.017319	0.000000	0.000000	0.000000	0.000790	0.001321	0.000000	0.001521	0.034318	0.000000	0.000000	0.008194	0.000000	0.000000	0.003442	0.000000	0.047275
SRR8865594	0.000000	0.070404	0.000000	0.000000	0.055933	0.000000	0.015902	0.000000	0.000000	0.000000	0.000000	0.000000	0.000000	0.000000	0.003132	0.000000	0.000000	0.720335	0.000000	0.000000	0.000000	0.000000	0.000000	0.000000	0.000000	0.000000	0.081092	0.000000	0.000000	0.000000	0.003393	0.000000	0.027901	0.002482	0.000000	0.000000	0.000000	0.001301	0.000000	0.000000	0.000000	0.000000	0.000000	0.000000	0.000000	0.000000	0.000000	0.000000	0.000000	0.018124
SRR8865595	0.000000	0.000000	0.000000	0.000000	0.615913	0.000000	0.001931	0.000000	0.000000	0.001011	0.000000	0.000000	0.000000	0.000000	0.000000	0.000000	0.000000	0.069397	0.000000	0.000000	0.000000	0.000000	0.000000	0.000000	0.000000	0.000000	0.029636	0.003682	0.000000	0.000000	0.036450	0.004142	0.003222	0.000000	0.000000	0.000000	0.000000	0.061483	0.029086	0.000000	0.000000	0.000000	0.000000	0.000000	0.000000	0.000000	0.003042	0.141006	0.000000	0.000000
SRR8865596	0.000000	0.000000	0.000000	0.000000	0.045948	0.000000	0.174680	0.000000	0.000000	0.000000	0.000000	0.000000	0.000000	0.000000	0.000000	0.000000	0.000000	0.755308	0.012062	0.000000	0.000000	0.000000	0.000000	0.000000	0.000000	0.000000	0.001820	0.003651	0.000000	0.000000	0.000000	0.000000	0.003121	0.000000	0.000000	0.000000	0.000000	0.000000	0.000000	0.000000	0.000000	0.000000	0.000000	0.000000	0.000000	0.000000	0.000000	0.003411	0.000000	0.000000
SRR8865597	0.000000	0.000000	0.000000	0.000000	0.359203	0.000000	0.006253	0.000000	0.000000	0.000000	0.000000	0.000000	0.000000	0.015649	0.000000	0.000000	0.000000	0.075091	0.000000	0.000000	0.000000	0.000000	0.000000	0.000000	0.000000	0.000000	0.075091	0.000000	0.116395	0.000000	0.000000	0.028155	0.050067	0.000000	0.073846	0.000000	0.018148	0.061952	0.028788	0.000000	0.000000	0.000000	0.007508	0.000000	0.000000	0.027533	0.000000	0.043181	0.000000	0.013139
SRR8865592	0.024667	0.000000	0.030070	0.000000	0.589925	0.000000	0.007015	0.000000	0.000000	0.000000	0.000000	0.000000	0.000000	0.000000	0.001521	0.000000	0.000000	0.000000	0.000000	0.000000	0.000000	0.000000	0.000000	0.000000	0.046291	0.000000	0.103870	0.000000	0.028739	0.000000	0.000000	0.019163	0.016221	0.000000	0.000000	0.000000	0.000000	0.000000	0.055967	0.000000	0.000000	0.001231	0.000000	0.000000	0.000000	0.000000	0.000000	0.068396	0.000000	0.006925
SRR8865593	0.000000	0.000000	0.246655	0.000000	0.114777	0.000000	0.009406	0.000000	0.000000	0.003312	0.000000	0.000000	0.002252	0.000000	0.001721	0.000000	0.000000	0.000000	0.000000	0.000000	0.000000	0.000000	0.000000	0.000000	0.000000	0.000000	0.206228	0.000000	0.000000	0.000000	0.000000	0.003843	0.167532	0.000000	0.012989	0.000000	0.000000	0.154403	0.057789	0.000000	0.000000	0.000000	0.000000	0.000000	0.000000	0.000000	0.000000	0.005704	0.000000	0.013389
SRR8865584	0.000000	0.000000	0.000000	0.000000	0.147782	0.000000	0.036238	0.000000	0.000000	0.000000	0.000000	0.000000	0.000000	0.000000	0.003553	0.000000	0.000000	0.071051	0.000000	0.000000	0.008169	0.000000	0.022379	0.000000	0.000000	0.000000	0.148484	0.000000	0.020251	0.000000	0.000000	0.004616	0.102662	0.000000	0.000000	0.025580	0.000000	0.267845	0.006754	0.000000	0.000000	0.083836	0.000000	0.000000	0.000000	0.000000	0.000000	0.000000	0.000000	0.050799
SRR8865585	0.000000	0.000000	0.000000	0.000000	0.294887	0.048964	0.000000	0.002051	0.000000	0.000000	0.000000	0.000000	0.000000	0.000000	0.002781	0.000000	0.000000	0.003142	0.000000	0.000000	0.000000	0.000000	0.000000	0.000000	0.000000	0.000000	0.086573	0.000000	0.000000	0.000000	0.000000	0.029625	0.108334	0.000000	0.000000	0.000000	0.000000	0.125013	0.271436	0.000000	0.000000	0.000000	0.000000	0.000000	0.000000	0.002051	0.001691	0.023452	0.000000	0.000000
SRR8865586	0.016050	0.000000	0.000000	0.000000	0.055854	0.000000	0.001121	0.000000	0.000000	0.001041	0.000000	0.000000	0.002992	0.000000	0.000000	0.000000	0.000000	0.363728	0.000000	0.000000	0.000000	0.000000	0.000000	0.000000	0.000000	0.000000	0.057194	0.006044	0.000000	0.000000	0.010156	0.001121	0.053392	0.000000	0.000000	0.000000	0.000000	0.278157	0.017771	0.000000	0.000000	0.010456	0.000000	0.000000	0.001041	0.000000	0.000000	0.022103	0.000000	0.101781
SRR8865587	0.000000	0.000000	0.000000	0.000000	0.040969	0.000000	0.189050	0.000000	0.000000	0.000000	0.000000	0.000000	0.000000	0.000000	0.000000	0.000000	0.000000	0.744866	0.013813	0.000000	0.000000	0.000000	0.000000	0.000000	0.000000	0.000000	0.001210	0.003681	0.000000	0.000000	0.000000	0.000000	0.003151	0.000000	0.000000	0.000000	0.000000	0.000000	0.000000	0.000000	0.000000	0.000000	0.000000	0.000000	0.000000	0.000000	0.000000	0.003261	0.000000	0.000000
SRR8865588	0.000000	0.000000	0.000000	0.000000	0.208725	0.000000	0.010538	0.000000	0.000000	0.001811	0.000000	0.000000	0.000000	0.000000	0.000000	0.000000	0.000000	0.395122	0.000000	0.000000	0.000000	0.000000	0.000000	0.000000	0.000000	0.000000	0.016993	0.001591	0.000000	0.000000	0.006345	0.000000	0.065382	0.003853	0.000000	0.000000	0.000000	0.007256	0.000000	0.000000	0.000000	0.008727	0.000000	0.000000	0.003403	0.000000	0.004644	0.000000	0.000000	0.265610
SRR8865589	0.000000	0.000000	0.077428	0.000000	0.142714	0.000000	0.000000	0.000000	0.000000	0.000000	0.000000	0.000000	0.000000	0.000000	0.000000	0.000000	0.000000	0.000000	0.000000	0.000000	0.000000	0.000000	0.000000	0.000000	0.000000	0.000000	0.087048	0.000000	0.065786	0.000000	0.000000	0.000000	0.068830	0.000000	0.000000	0.000000	0.000000	0.373477	0.000000	0.000000	0.000000	0.000000	0.000000	0.000000	0.000000	0.000000	0.000000	0.077939	0.000000	0.106778
SRR8865590	0.000000	0.000000	0.000000	0.000000	0.496546	0.000000	0.001792	0.000000	0.000000	0.000000	0.000000	0.000000	0.000000	0.000000	0.000000	0.002763	0.000000	0.022635	0.000000	0.000000	0.000000	0.000000	0.002763	0.000000	0.000000	0.000000	0.025258	0.000000	0.000000	0.000000	0.000000	0.004825	0.029262	0.000000	0.000000	0.000000	0.004004	0.372890	0.008139	0.000000	0.000000	0.000000	0.000000	0.000000	0.000000	0.000000	0.000000	0.016288	0.000000	0.012834
SRR8865591	0.028766	0.000000	0.031747	0.000000	0.499775	0.000000	0.000000	0.000000	0.000000	0.000000	0.000000	0.000000	0.000000	0.000000	0.000000	0.000000	0.000000	0.029876	0.004633	0.000000	0.000000	0.000000	0.000000	0.003862	0.005513	0.000000	0.050708	0.000000	0.001871	0.000000	0.000000	0.127870	0.026675	0.000000	0.000000	0.000000	0.000000	0.022152	0.083886	0.000000	0.000000	0.000000	0.000000	0.000000	0.000000	0.008265	0.003192	0.057101	0.000000	0.014108
SRR8865582	0.000000	0.000000	0.008129	0.000000	0.593296	0.000000	0.009482	0.000000	0.000000	0.000000	0.000000	0.000000	0.000000	0.000000	0.011848	0.000000	0.000000	0.050460	0.000000	0.000000	0.000000	0.000000	0.000000	0.000000	0.018965	0.000000	0.076191	0.000000	0.006776	0.000000	0.000000	0.044024	0.095156	0.000000	0.000000	0.000000	0.003729	0.048766	0.000000	0.000000	0.000000	0.000000	0.000000	0.019977	0.007107	0.000000	0.000000	0.000000	0.000000	0.006094
SRR8865583	0.000000	0.000000	0.101954	0.000000	0.270166	0.000000	0.000000	0.000000	0.032387	0.000000	0.000000	0.000000	0.000000	0.000000	0.011698	0.000000	0.000000	0.033280	0.000000	0.000000	0.000000	0.000000	0.000000	0.000000	0.000000	0.000000	0.042882	0.000000	0.000000	0.000000	0.000000	0.089053	0.062970	0.000000	0.000000	0.000000	0.000000	0.161316	0.008991	0.000000	0.000000	0.000000	0.000000	0.000000	0.000000	0.000000	0.003599	0.155622	0.008691	0.017392
SRR8865577	0.006457	0.000000	0.000000	0.000000	0.102542	0.000000	0.018609	0.000000	0.000000	0.000000	0.054314	0.000000	0.000000	0.000000	0.015952	0.000000	0.000000	0.308768	0.000000	0.000000	0.000000	0.000000	0.012152	0.000000	0.000000	0.000000	0.167865	0.000000	0.006076	0.000000	0.000000	0.000000	0.128751	0.000000	0.000000	0.000000	0.000000	0.139008	0.000000	0.000000	0.000000	0.000000	0.000000	0.000000	0.010257	0.000000	0.000000	0.000000	0.007219	0.022028
SRR8865576	0.000000	0.000000	0.000000	0.000000	0.719131	0.000000	0.002042	0.000000	0.000000	0.000000	0.000000	0.000000	0.004995	0.000000	0.000000	0.000000	0.000000	0.010341	0.000000	0.000000	0.000000	0.000000	0.000000	0.000000	0.000000	0.000000	0.020221	0.006026	0.000000	0.000000	0.004204	0.002042	0.001251	0.000000	0.000000	0.000000	0.000000	0.048740	0.012163	0.001592	0.000000	0.001592	0.000000	0.000000	0.000000	0.000000	0.002042	0.163619	0.000000	0.000000
SRR8865579	0.028634	0.000000	0.086863	0.000000	0.388414	0.000000	0.000000	0.000000	0.000000	0.000000	0.000000	0.000000	0.000000	0.000000	0.004302	0.000000	0.000000	0.096738	0.004692	0.000000	0.000000	0.000000	0.000000	0.002341	0.003032	0.000000	0.039570	0.000000	0.002831	0.000000	0.000000	0.109925	0.038209	0.000000	0.000000	0.000000	0.000000	0.025993	0.088134	0.000000	0.000000	0.000000	0.000000	0.000000	0.000000	0.007724	0.002731	0.046613	0.000000	0.023252
SRR8865578	0.003806	0.000000	0.015865	0.000000	0.603626	0.000000	0.013011	0.000000	0.000000	0.000000	0.000000	0.000000	0.000000	0.000000	0.018089	0.000000	0.000000	0.060617	0.000000	0.000000	0.000000	0.000000	0.000000	0.000000	0.018409	0.000000	0.053315	0.000000	0.006661	0.000000	0.000000	0.028566	0.091396	0.000000	0.000000	0.000000	0.003806	0.045383	0.000000	0.000000	0.000000	0.000000	0.000000	0.019681	0.009836	0.000000	0.000000	0.000000	0.000000	0.007933
SRR8865573	0.000000	0.000000	0.112842	0.000000	0.261691	0.000000	0.000000	0.000000	0.024720	0.000000	0.000000	0.000000	0.000000	0.000000	0.011288	0.000000	0.000000	0.040565	0.000000	0.000000	0.000000	0.000000	0.000000	0.000000	0.000000	0.000000	0.038151	0.000000	0.000000	0.000000	0.000000	0.088933	0.058033	0.000000	0.000000	0.000000	0.000000	0.157443	0.011018	0.000000	0.000000	0.000000	0.000000	0.000000	0.000000	0.000000	0.004026	0.167920	0.005639	0.017729
SRR8865572	0.000000	0.000000	0.102927	0.000000	0.157197	0.000000	0.000000	0.008612	0.000000	0.000000	0.000000	0.000000	0.000000	0.000000	0.000000	0.000000	0.000000	0.000000	0.000000	0.000000	0.000000	0.000000	0.000000	0.000000	0.005163	0.000000	0.064597	0.000000	0.056847	0.000000	0.000000	0.000000	0.055554	0.000000	0.000000	0.000000	0.000000	0.366068	0.000000	0.000000	0.000000	0.000000	0.000000	0.000000	0.000000	0.000000	0.000000	0.081401	0.000000	0.101633
SRR8865575	0.027741	0.000000	0.033815	0.000000	0.482652	0.000000	0.000000	0.000000	0.000000	0.000000	0.000000	0.000000	0.000000	0.000000	0.001931	0.000000	0.000000	0.029862	0.002892	0.000000	0.000000	0.000000	0.000000	0.002602	0.005104	0.000000	0.046435	0.000000	0.001831	0.000000	0.000000	0.122442	0.034686	0.000000	0.000000	0.000000	0.000000	0.023027	0.098554	0.000000	0.000000	0.000000	0.000000	0.000000	0.000000	0.008286	0.003953	0.060405	0.000000	0.013780
SRR8865574	0.000000	0.000000	0.000000	0.000000	0.710789	0.000000	0.002152	0.000000	0.000000	0.000000	0.000000	0.000000	0.003503	0.000000	0.000000	0.000000	0.000000	0.014702	0.000000	0.000000	0.000000	0.000000	0.000000	0.000000	0.000000	0.000000	0.020697	0.005204	0.000000	0.000000	0.004414	0.002262	0.000000	0.000000	0.000000	0.000000	0.000000	0.050220	0.012440	0.001922	0.000000	0.000000	0.000000	0.000000	0.000000	0.000000	0.001241	0.170456	0.000000	0.000000
SRR8865581	0.028337	0.000000	0.079738	0.000000	0.382650	0.000000	0.000000	0.000000	0.000000	0.000000	0.000000	0.000000	0.000000	0.000000	0.005183	0.000000	0.000000	0.098889	0.004102	0.000000	0.000000	0.000000	0.000000	0.001761	0.004002	0.000000	0.044066	0.000000	0.002441	0.000000	0.000000	0.108655	0.040164	0.000000	0.000000	0.000000	0.000000	0.024625	0.088233	0.000000	0.000000	0.000000	0.000000	0.000000	0.001271	0.006154	0.002732	0.051201	0.000000	0.025795
SRR8865580	0.005304	0.000000	0.000000	0.000000	0.096486	0.000000	0.023542	0.000000	0.000000	0.000000	0.057693	0.004642	0.000000	0.000000	0.014258	0.000000	0.000000	0.335218	0.000000	0.000000	0.000000	0.000000	0.013927	0.000000	0.000000	0.000000	0.165118	0.000000	0.005635	0.000000	0.000000	0.000000	0.125994	0.000000	0.000000	0.000000	0.000000	0.110743	0.000000	0.000000	0.000000	0.000000	0.000000	0.000000	0.010608	0.000000	0.006628	0.000000	0.004973	0.019231
SRR5898912	0.005814	0.000000	0.000000	0.000000	0.032633	0.000000	0.000000	0.000000	0.000000	0.000000	0.000000	0.000000	0.000000	0.000000	0.000000	0.000000	0.000000	0.009227	0.000000	0.000000	0.000000	0.000000	0.000000	0.000000	0.000000	0.000000	0.045412	0.000000	0.000000	0.000000	0.000000	0.006244	0.006815	0.000000	0.000000	0.000000	0.000000	0.878394	0.003833	0.000000	0.000000	0.000000	0.000000	0.000000	0.000000	0.000000	0.003262	0.004964	0.000000	0.003402
SRR5898911	0.000000	0.000000	0.000000	0.000000	0.010517	0.000000	0.006174	0.000000	0.000000	0.000000	0.000000	0.000000	0.000000	0.000000	0.000000	0.000000	0.000000	0.005304	0.000000	0.000000	0.000000	0.000000	0.000000	0.000000	0.209668	0.000000	0.070246	0.006174	0.000000	0.000000	0.000000	0.000000	0.021424	0.001061	0.000000	0.000000	0.000000	0.639992	0.000000	0.000000	0.000000	0.001741	0.000000	0.000000	0.000000	0.000000	0.003092	0.001451	0.000000	0.023155
SRR5898910	0.000000	0.000000	0.000000	0.000000	0.023224	0.000000	0.007104	0.000000	0.000000	0.000000	0.000000	0.000000	0.000000	0.002662	0.000000	0.000000	0.000000	0.000000	0.000000	0.000000	0.000000	0.000000	0.000000	0.000000	0.003252	0.000000	0.025155	0.000000	0.000000	0.000000	0.000000	0.000000	0.011987	0.000000	0.000000	0.000000	0.000000	0.775558	0.000000	0.000000	0.000000	0.008285	0.000000	0.000000	0.000000	0.000000	0.003992	0.000000	0.000000	0.138782
SRR5898909	0.000000	0.000000	0.000000	0.000000	0.682291	0.000000	0.001301	0.000000	0.000000	0.003402	0.000000	0.000000	0.002502	0.000000	0.001801	0.000000	0.000000	0.000000	0.000000	0.000000	0.000000	0.006494	0.000000	0.000000	0.001601	0.019493	0.038386	0.001201	0.000000	0.000000	0.000000	0.001401	0.059581	0.000000	0.000000	0.000000	0.000000	0.000000	0.030191	0.000000	0.000000	0.001101	0.000000	0.000000	0.000000	0.000000	0.000000	0.044090	0.000000	0.105163
SRR5898908	0.000000	0.000000	0.000000	0.000000	0.017609	0.000000	0.010091	0.000000	0.000000	0.002753	0.000000	0.000000	0.000000	0.000000	0.000000	0.000000	0.000000	0.032095	0.000000	0.000000	0.000000	0.000000	0.000000	0.000000	0.000000	0.000000	0.115166	0.000000	0.002022	0.000000	0.000000	0.003113	0.039793	0.000000	0.000000	0.000000	0.000000	0.770029	0.000000	0.000000	0.000000	0.000000	0.000000	0.000000	0.000000	0.000000	0.002563	0.004765	0.000000	0.000000
SRR5898920	0.000000	0.000000	0.000000	0.000000	0.007536	0.000000	0.034599	0.000000	0.000000	0.000000	0.004744	0.000000	0.004183	0.000000	0.000000	0.000000	0.000000	0.104357	0.000000	0.000000	0.000000	0.000000	0.000000	0.000000	0.000000	0.000000	0.222375	0.000000	0.000000	0.000000	0.000000	0.000000	0.043526	0.000000	0.000000	0.000000	0.000000	0.523715	0.008367	0.000000	0.000000	0.010048	0.000000	0.000000	0.000000	0.000000	0.000000	0.000000	0.000000	0.036550
SRR5898921	0.000000	0.000000	0.011603	0.000000	0.086077	0.000000	0.105174	0.000000	0.000000	0.005801	0.059716	0.000000	0.020309	0.000000	0.003627	0.000000	0.000000	0.187864	0.000000	0.000000	0.000000	0.000000	0.000000	0.000000	0.000000	0.000000	0.037713	0.005801	0.000000	0.000000	0.000000	0.013055	0.060207	0.002655	0.000000	0.000000	0.000000	0.264754	0.093331	0.000000	0.000000	0.000000	0.000000	0.000000	0.000000	0.000000	0.009188	0.013536	0.000000	0.019588
SRR5898922	0.011117	0.000000	0.000000	0.000000	0.587658	0.000000	0.029409	0.000000	0.000000	0.005374	0.000000	0.000000	0.000000	0.000000	0.000000	0.000000	0.000000	0.004993	0.000000	0.000000	0.000000	0.000000	0.000000	0.000000	0.000000	0.000000	0.131477	0.005844	0.000000	0.000000	0.000000	0.000000	0.022145	0.000000	0.000000	0.000000	0.000000	0.000000	0.025257	0.000000	0.000000	0.000000	0.000000	0.000000	0.000000	0.000000	0.011307	0.034783	0.000000	0.130636
SRR5898923	0.000000	0.000000	0.000000	0.000000	0.136444	0.000000	0.003754	0.000000	0.000000	0.000000	0.000000	0.000000	0.009489	0.000000	0.000000	0.000000	0.000000	0.035395	0.000000	0.000000	0.000000	0.000000	0.000000	0.000000	0.000000	0.000000	0.101840	0.002573	0.000000	0.000000	0.000000	0.000000	0.009689	0.004354	0.000000	0.000000	0.000000	0.674111	0.000000	0.000000	0.000000	0.001982	0.000000	0.000000	0.000000	0.000000	0.005736	0.012262	0.000000	0.002372
SRR5898924	0.000000	0.000000	0.000000	0.000000	0.019335	0.000000	0.003803	0.000000	0.000000	0.000000	0.000000	0.000000	0.000000	0.002532	0.000000	0.000000	0.000000	0.032336	0.000000	0.000000	0.000000	0.000000	0.000000	0.000000	0.000000	0.000000	0.021717	0.009347	0.000000	0.000000	0.000000	0.000000	0.019025	0.002852	0.000000	0.000000	0.000000	0.845618	0.003483	0.000000	0.000000	0.000000	0.000000	0.000000	0.000000	0.000000	0.006185	0.002222	0.000000	0.031545
SRR5898925	0.000000	0.000000	0.000000	0.000000	0.001571	0.000000	0.000000	0.000000	0.000000	0.000000	0.000000	0.000000	0.000000	0.000000	0.000000	0.000000	0.000000	0.000000	0.000000	0.000000	0.000000	0.000000	0.000000	0.000000	0.000000	0.000000	0.006402	0.000000	0.000000	0.000000	0.000000	0.000000	0.002741	0.000000	0.000000	0.000000	0.000000	0.978952	0.000000	0.000000	0.000000	0.001441	0.000000	0.000000	0.000000	0.000000	0.000000	0.000000	0.000000	0.008893
SRR5898926	0.005154	0.000000	0.000000	0.000000	0.007977	0.000000	0.002322	0.000000	0.000000	0.000000	0.000000	0.000000	0.000000	0.000000	0.000000	0.000000	0.000000	0.089916	0.000000	0.000000	0.000000	0.000000	0.000000	0.000000	0.000000	0.000000	0.055016	0.000000	0.000000	0.000000	0.000000	0.000000	0.005815	0.000000	0.000000	0.000000	0.000000	0.811372	0.000000	0.000000	0.000000	0.002322	0.000000	0.000000	0.002322	0.000000	0.004153	0.003993	0.000000	0.009638
SRR5899017	0.000000	0.000000	0.000000	0.000000	0.106217	0.000000	0.084759	0.000000	0.000000	0.000000	0.000000	0.000000	0.006572	0.000000	0.002404	0.000000	0.000000	0.002625	0.000000	0.000000	0.000000	0.000000	0.000000	0.000000	0.014676	0.000000	0.047964	0.011170	0.000000	0.000000	0.000000	0.000000	0.093735	0.000000	0.000000	0.000000	0.000000	0.389626	0.010298	0.000000	0.000000	0.028470	0.000000	0.000000	0.000000	0.000000	0.005910	0.007663	0.000000	0.187911
SRR5898966	0.000000	0.000000	0.000000	0.000000	0.000000	0.000000	0.004203	0.000000	0.000000	0.000000	0.000000	0.002101	0.000000	0.000000	0.000000	0.000000	0.000000	0.000000	0.000000	0.000000	0.000000	0.000000	0.000000	0.000000	0.000000	0.000000	0.021354	0.000000	0.000000	0.000000	0.000000	0.000000	0.010517	0.000000	0.000000	0.000000	0.000000	0.940471	0.000000	0.000000	0.000000	0.000000	0.000000	0.000000	0.000000	0.000000	0.000000	0.000000	0.000000	0.021354
SRR5898984	0.000000	0.000000	0.000000	0.000000	0.012178	0.000000	0.009636	0.000000	0.000000	0.000000	0.000000	0.000000	0.000000	0.000000	0.000000	0.000000	0.000000	0.027147	0.000000	0.000000	0.000000	0.000000	0.000000	0.000000	0.000000	0.000000	0.044908	0.000000	0.000000	0.000000	0.000000	0.000000	0.041226	0.000000	0.000000	0.000000	0.000000	0.831284	0.003932	0.000000	0.000000	0.000000	0.000000	0.000000	0.000000	0.000000	0.000000	0.003302	0.000000	0.026387
SRR5898985	0.000000	0.000000	0.001803	0.000000	0.209861	0.000000	0.031927	0.000000	0.000000	0.004346	0.000000	0.004947	0.010946	0.012438	0.000000	0.000000	0.004497	0.013340	0.000000	0.000000	0.000000	0.002253	0.000000	0.000000	0.015142	0.000000	0.163692	0.002394	0.000000	0.000000	0.000000	0.000000	0.053519	0.000000	0.000000	0.000000	0.000000	0.438309	0.008242	0.000000	0.000000	0.000000	0.000000	0.000000	0.000000	0.010496	0.000000	0.006750	0.000000	0.005098
SRR5898986	0.000000	0.000000	0.000000	0.000000	0.010007	0.000000	0.006845	0.000000	0.000000	0.000000	0.000000	0.000000	0.000000	0.000000	0.000000	0.000000	0.000000	0.000000	0.000000	0.000000	0.000000	0.000000	0.000000	0.000000	0.000000	0.000000	0.004743	0.006975	0.000000	0.000000	0.000000	0.000000	0.067004	0.000000	0.000000	0.000000	0.000000	0.806612	0.001841	0.000000	0.000000	0.000000	0.000000	0.000000	0.000000	0.000000	0.004473	0.000000	0.000000	0.091500
SRR5898987	0.000000	0.000000	0.023475	0.002404	0.518042	0.000000	0.046771	0.000000	0.000000	0.000000	0.000000	0.000000	0.002404	0.002774	0.011828	0.000000	0.000000	0.054723	0.000000	0.000000	0.000000	0.000000	0.000000	0.000000	0.007391	0.000000	0.021813	0.000000	0.000000	0.000000	0.000000	0.000000	0.086521	0.000000	0.000000	0.000000	0.000000	0.046590	0.052509	0.000000	0.000000	0.000000	0.000000	0.000000	0.000000	0.000000	0.002033	0.045849	0.000000	0.074873
SRR5898980	0.000000	0.000000	0.022225	0.000000	0.540683	0.013029	0.075592	0.000000	0.000000	0.013990	0.000000	0.000000	0.000000	0.000000	0.000000	0.000000	0.000000	0.017832	0.000000	0.000000	0.000000	0.000000	0.000000	0.000000	0.000000	0.000000	0.044180	0.000000	0.000000	0.000000	0.000000	0.003432	0.057069	0.000000	0.000000	0.000000	0.000000	0.000000	0.119903	0.000000	0.000000	0.000000	0.000000	0.000000	0.000000	0.000000	0.000000	0.006725	0.000000	0.085339
SRR5898981	0.000000	0.000000	0.000000	0.000000	0.066236	0.000000	0.002342	0.000000	0.000000	0.000000	0.000000	0.000000	0.000000	0.000000	0.000000	0.000000	0.000000	0.049039	0.000000	0.000000	0.000000	0.000000	0.000000	0.000000	0.000000	0.000000	0.494540	0.000000	0.000000	0.000000	0.000000	0.006837	0.048648	0.000000	0.000000	0.000000	0.000000	0.305593	0.002733	0.000000	0.000000	0.019740	0.000000	0.000000	0.000000	0.000000	0.000000	0.000000	0.000000	0.004294
SRR5898982	0.000000	0.000000	0.000000	0.000000	0.000000	0.000000	0.000000	0.000000	0.000000	0.004332	0.000000	0.000000	0.000000	0.000000	0.000000	0.000000	0.000000	0.040105	0.000000	0.002451	0.000000	0.000000	0.000000	0.000000	0.000000	0.000000	0.106569	0.000000	0.000000	0.000000	0.000000	0.000000	0.038414	0.000000	0.000000	0.000000	0.000000	0.808129	0.000000	0.000000	0.000000	0.000000	0.000000	0.000000	0.000000	0.000000	0.000000	0.000000	0.000000	0.000000
SRR5898983	0.020122	0.000000	0.000000	0.000000	0.017020	0.000000	0.075396	0.000000	0.000000	0.000000	0.000000	0.000000	0.000000	0.000000	0.000000	0.000000	0.000000	0.085822	0.000000	0.000000	0.000000	0.000000	0.000000	0.000000	0.000000	0.000000	0.012548	0.044097	0.000000	0.000000	0.000000	0.000000	0.002231	0.001741	0.000000	0.000000	0.000000	0.000000	0.000000	0.000000	0.000000	0.000000	0.000000	0.000000	0.000000	0.000000	0.000000	0.000000	0.000000	0.741022
SRR5898978	0.000000	0.000000	0.000000	0.000000	0.005633	0.000000	0.003872	0.000000	0.000000	0.000000	0.000000	0.000000	0.003402	0.002702	0.000000	0.000000	0.000000	0.247306	0.000000	0.000000	0.000000	0.000000	0.000000	0.000000	0.000000	0.000000	0.000000	0.000000	0.000000	0.000000	0.000000	0.000000	0.032979	0.000000	0.000000	0.000000	0.000000	0.427232	0.000000	0.000000	0.001991	0.002111	0.000000	0.000000	0.000000	0.000000	0.000000	0.003282	0.000000	0.269489
SRR5898979	0.000000	0.000000	0.000000	0.000000	0.008927	0.000000	0.006125	0.000000	0.000000	0.000000	0.000000	0.000000	0.000000	0.000000	0.000000	0.000000	0.000000	0.000000	0.000000	0.000000	0.000000	0.000000	0.000000	0.000000	0.000000	0.000000	0.005064	0.009187	0.000000	0.000000	0.000000	0.000000	0.067124	0.000000	0.000000	0.000000	0.000000	0.810338	0.003863	0.000000	0.000000	0.000000	0.000000	0.000000	0.000000	0.000000	0.004263	0.000000	0.000000	0.085108
SRR5898954	0.000000	0.000000	0.000000	0.000000	0.280272	0.000000	0.006349	0.000000	0.000000	0.000000	0.000000	0.000000	0.000000	0.080413	0.000000	0.000000	0.000000	0.139666	0.000000	0.000000	0.000000	0.000000	0.000000	0.000000	0.002353	0.000000	0.026808	0.000000	0.000000	0.000000	0.000000	0.002584	0.051492	0.006820	0.000000	0.000000	0.000000	0.334348	0.039035	0.000000	0.000000	0.000000	0.000000	0.000000	0.000000	0.000000	0.000000	0.023042	0.000000	0.006820
SRR5898950	0.000000	0.000000	0.000000	0.000000	0.124193	0.002404	0.069592	0.000000	0.000000	0.000000	0.000000	0.000000	0.003515	0.000000	0.001853	0.000000	0.000000	0.003145	0.000000	0.000000	0.000000	0.000000	0.000000	0.000000	0.016474	0.000000	0.057194	0.009444	0.000000	0.000000	0.000000	0.000000	0.075882	0.000000	0.000000	0.000000	0.000000	0.429201	0.008142	0.000000	0.000000	0.025908	0.000000	0.000000	0.000000	0.000000	0.005919	0.007962	0.000000	0.159174
SRR5898948	0.001701	0.000000	0.001901	0.000000	0.827261	0.000000	0.010714	0.000000	0.000000	0.000000	0.000000	0.000000	0.000000	0.000000	0.000000	0.000000	0.000000	0.002601	0.000000	0.000000	0.000000	0.000000	0.000000	0.000000	0.000000	0.000000	0.009414	0.000000	0.000000	0.000000	0.000000	0.005412	0.036555	0.000000	0.000000	0.000000	0.000000	0.003701	0.094028	0.000000	0.000000	0.000000	0.000000	0.000000	0.000000	0.000000	0.000000	0.006713	0.000000	0.000000
SRR5899005	0.003713	0.000000	0.000000	0.000000	0.000000	0.000000	0.000000	0.000000	0.000000	0.000000	0.000000	0.000000	0.000000	0.000000	0.000000	0.000000	0.000000	0.003903	0.000000	0.000000	0.000000	0.000000	0.000000	0.000000	0.003903	0.000000	0.095801	0.005014	0.000000	0.000000	0.000000	0.000000	0.009467	0.000000	0.000000	0.000000	0.000000	0.786852	0.000000	0.000000	0.000000	0.007796	0.000000	0.000000	0.000000	0.000000	0.004083	0.000000	0.063127	0.016342
SRR5899007	0.002952	0.000000	0.000000	0.000000	0.099915	0.000000	0.000000	0.000000	0.000000	0.000000	0.000000	0.000000	0.000000	0.000000	0.000000	0.000000	0.000000	0.017603	0.000000	0.000000	0.000000	0.000000	0.000000	0.000000	0.000000	0.000000	0.010058	0.000000	0.000000	0.000000	0.000000	0.004153	0.007215	0.000000	0.000000	0.000000	0.000000	0.782457	0.013230	0.000000	0.000000	0.036728	0.000000	0.000000	0.000000	0.000000	0.000000	0.006555	0.000000	0.019134
SRR5899006	0.000000	0.000000	0.000000	0.000000	0.019933	0.000000	0.002912	0.000000	0.000000	0.000000	0.000000	0.000000	0.000000	0.000000	0.002101	0.000000	0.000000	0.012958	0.000000	0.000000	0.000000	0.000000	0.000000	0.000000	0.005514	0.000000	0.035323	0.000000	0.000000	0.000000	0.000000	0.000000	0.017822	0.000000	0.000000	0.000000	0.000000	0.842838	0.000000	0.000000	0.000000	0.015880	0.000000	0.000000	0.000000	0.000000	0.000000	0.000000	0.000000	0.044719
