	Acidaminococcus intestini	Agathobacter rectalis	Akkermansia muciniphila	Akkermansia sp. N21116	Alistipes communis	Alistipes finegoldii	Alistipes ihumii	Alistipes indistinctus	Alistipes onderdonkii	Alistipes putredinis	Alistipes senegalensis	Alistipes shahii	Alistipes sp. dk3624	Allocoprococcus comes	Anaerostipes hadrus	Atlantibacter hermannii	Bacteroides caccae	Bacteroides cellulosilyticus	Bacteroides eggerthii	Bacteroides faecis	Bacteroides faecium	Bacteroides fragilis	Bacteroides hominis	Bacteroides intestinalis	Bacteroides nordii	Bacteroides ovatus	Bacteroides salyersiae	Bacteroides stercoris	Bacteroides thetaiotaomicron	Bacteroides uniformis	Bacteroides xylanisolvens	Barnesiella intestinihominis	Bifidobacterium adolescentis	Bifidobacterium breve	Bifidobacterium catenulatum	Bifidobacterium longum	Bilophila wadsworthia	Blautia faecis	Blautia obeum	Blautia parvula	Blautia producta	Blautia sp. SC05B48	Blautia wexlerae	Blohavirus faecalis	Burzaovirus faecalis	Butyricicoccus intestinisimiae	Butyricimonas faecalis	Butyricimonas faecihominis	Butyricimonas virosa	Candidatus Campylobacter infans	Carjivirus communis	Carjivirus hominis	Citrobacter farmeri	Claveliimonas bilis	Clostridium sp. ETTB3	Collinsella aerofaciens	Comamonas kerstersii	Coprobacter secundus	Coprococcus sp. ART55/1	Desulfovibrio piger	Dialister hominis	Dialister pneumosintes	Dialister sp.	Dialister succinatiphilus	Dorea formicigenerans	Dorea longicatena	Duodenibacillus massiliensis	Dysosmobacter welbionis	Endlipuvirus intestinihominis	Enterobacter cloacae	Enterobacter mori	Enterocloster asparagiformis	Enterocloster bolteae	Enterocloster clostridioformis	Enterococcus avium	Escherichia coli	Eshraghiella crossota	Eubacterium ventriosum	Faecalibacterium prausnitzii	Faecalibacterium sp. I4-1-79	Faecalimonas umbilicata	Flavonifractor plautii	Fusobacterium mortiferum	Haemophilus parainfluenzae	Hominenteromicrobium mulieris	Homo sapiens	Horekuvirus hiberniae	Hungatella hathewayi	Intestinimonas butyriciproducens	Klebsiella aerogenes	Klebsiella oxytoca	Klebsiella pneumoniae	Klebsiella quasipneumoniae	Lachnospira eligens	Lactobacillus crispatus	Lactobacillus helveticus	Lawsonibacter asaccharolyticus	Ligilactobacillus ruminis	Ligilactobacillus salivarius	Limosilactobacillus fermentum	Limosilactobacillus mucosae	Mediterraneibacter faecis	Mediterraneibacter gnavus	Mediterraneibacter torques	Megamonas funiformis	Megasphaera elsdenii	Megasphaera massiliensis	Megasphaera sp.	Methanobrevibacter smithii	Mitsuokella multacida	Morganella morganii	Odoribacter splanchnicus	Parabacteroides absconsus	Parabacteroides distasonis	Parabacteroides goldsteinii	Parabacteroides merdae	Paraprevotella clara	Paraprevotella xylaniphila	Parolsenella catena	Parvimonas micra	Peptostreptococcus anaerobius	Phascolarctobacterium faecium	Phascolarctobacterium sp. Marseille-Q4147	Phocaeicola coprophilus	Phocaeicola dorei	Phocaeicola vulgatus	Porphyromonas asaccharolytica	Porphyromonas endodontalis	Prevotella bivia	Prevotella intermedia	Prevotella melaninogenica	Prevotella nigrescens	Proteus mirabilis	Roseburia faecis	Roseburia hominis	Roseburia intestinalis	Rothia mucilaginosa	Ruminococcus bicirculans (ex Wegman et al. 2014)	Ruminococcus bovis	Ruminococcus callidus	Ruminococcus champanellensis	Ruthenibacterium lactatiformans	Segatella copri	Segatella hominis	Simiaoa sunii	Smehivirus intestinihominis	Solobacterium moorei	Streptococcus lactarius	Streptococcus oralis	Streptococcus parasanguinis	Streptococcus salivarius	Sutterella faecalis	Sutterella wadsworthensis	Thomasclavelia ramosa	Treponema succinifaciens	Veillonella atypica	Veillonella parvula	Veillonella rogosae	Vescimonas coprocola	Vescimonas fastidiosa	Wujia chipingensis	[Clostridium] hylemonae	[Clostridium] scindens	[Clostridium] symbiosum
SRR8865598	0.022890	0.000000	0.000000	0.000000	0.001421	0.000000	0.000000	0.000000	0.002462	0.000000	0.000000	0.045861	0.000000	0.000000	0.000000	0.000000	0.000000	0.000000	0.000000	0.000000	0.000000	0.059583	0.000000	0.000000	0.000000	0.015664	0.000000	0.000000	0.000000	0.000000	0.012081	0.000000	0.000000	0.004324	0.000000	0.011330	0.000000	0.005295	0.000000	0.002382	0.000971	0.000000	0.000000	0.000000	0.000000	0.000000	0.000000	0.000000	0.000000	0.000000	0.000000	0.000000	0.000000	0.000000	0.000000	0.000000	0.000000	0.000000	0.000000	0.000000	0.001191	0.000000	0.000000	0.000000	0.000000	0.000000	0.000000	0.000000	0.000000	0.000000	0.000000	0.001641	0.016104	0.014173	0.000000	0.179340	0.000000	0.000000	0.016485	0.000000	0.000000	0.014022	0.000000	0.000000	0.000000	0.057491	0.000000	0.000000	0.000000	0.000000	0.000000	0.000000	0.000000	0.000000	0.000000	0.000000	0.000000	0.000000	0.000000	0.000000	0.000000	0.000000	0.001561	0.000000	0.000000	0.000000	0.000000	0.000000	0.000000	0.000000	0.017676	0.000000	0.000000	0.009769	0.000000	0.000000	0.000000	0.000000	0.000000	0.000000	0.000000	0.000000	0.000000	0.000000	0.398284	0.044219	0.000000	0.000000	0.000000	0.000000	0.000000	0.000000	0.000000	0.000000	0.000000	0.000000	0.000000	0.000000	0.000000	0.000000	0.000000	0.012381	0.000000	0.000000	0.000000	0.000000	0.000000	0.000000	0.000000	0.000000	0.000000	0.000000	0.000000	0.000000	0.000000	0.000000	0.000000	0.000000	0.000000	0.000000	0.000000	0.009769	0.000000	0.021629
SRR8865599	0.000000	0.000000	0.000000	0.000000	0.000000	0.000000	0.000000	0.000000	0.000000	0.000000	0.000000	0.000000	0.000000	0.000000	0.000000	0.000000	0.000000	0.000000	0.000000	0.000000	0.000000	0.000000	0.025460	0.000000	0.000000	0.020923	0.000000	0.000000	0.008904	0.000000	0.000000	0.000000	0.000000	0.000000	0.000000	0.011678	0.000000	0.000000	0.003786	0.000000	0.000000	0.018319	0.011098	0.000000	0.000000	0.000000	0.000000	0.000000	0.000000	0.000000	0.000000	0.000000	0.000000	0.000000	0.000000	0.006550	0.000000	0.000000	0.000000	0.000000	0.021093	0.000000	0.000000	0.000000	0.000000	0.007312	0.000000	0.000000	0.000000	0.056309	0.000000	0.000000	0.004878	0.000000	0.000000	0.522305	0.000000	0.000000	0.014623	0.000000	0.001683	0.035216	0.000000	0.008574	0.000000	0.000000	0.000000	0.000000	0.000000	0.000000	0.000000	0.000000	0.000000	0.000000	0.000000	0.000000	0.000000	0.000000	0.003616	0.013031	0.009836	0.000000	0.001262	0.023948	0.000000	0.000000	0.000000	0.000000	0.000000	0.000000	0.000000	0.000000	0.000000	0.000000	0.000000	0.000000	0.000000	0.000000	0.000000	0.000000	0.000000	0.000000	0.000000	0.000000	0.000000	0.014373	0.000000	0.000000	0.000000	0.000000	0.000000	0.000000	0.000000	0.000000	0.001933	0.000000	0.003445	0.000000	0.000000	0.000000	0.000000	0.000000	0.028575	0.000000	0.000000	0.000000	0.000000	0.003195	0.020422	0.017898	0.025630	0.000000	0.000000	0.000000	0.000000	0.000000	0.050510	0.000000	0.000000	0.000000	0.000000	0.000000	0.003616	0.000000
SRR8865600	0.000000	0.008358	0.000000	0.000000	0.000000	0.000000	0.000000	0.000000	0.000000	0.116891	0.000000	0.000000	0.000000	0.000000	0.000000	0.000000	0.012707	0.000000	0.003177	0.000000	0.000000	0.030265	0.000000	0.012878	0.015714	0.000000	0.000000	0.000000	0.021576	0.121231	0.000000	0.000000	0.000000	0.000000	0.000000	0.000000	0.000000	0.000000	0.000000	0.000000	0.000000	0.000000	0.000000	0.000000	0.000000	0.000000	0.000000	0.000000	0.004520	0.000000	0.000000	0.000000	0.000000	0.000000	0.000000	0.000000	0.000000	0.000000	0.000000	0.000000	0.028261	0.000000	0.000000	0.000000	0.000000	0.000000	0.000000	0.000000	0.000000	0.000000	0.000000	0.000000	0.000000	0.000000	0.000000	0.400992	0.000000	0.000000	0.015884	0.000000	0.000000	0.000000	0.000000	0.000000	0.000000	0.000000	0.000000	0.000000	0.000000	0.000000	0.000000	0.000000	0.000000	0.000000	0.000000	0.000000	0.007195	0.000000	0.000000	0.000000	0.000000	0.000000	0.000000	0.000000	0.000000	0.000000	0.000000	0.000000	0.000000	0.000000	0.000000	0.020905	0.000000	0.013208	0.004179	0.000000	0.000000	0.000000	0.000000	0.012878	0.016385	0.005522	0.000000	0.000000	0.007025	0.021406	0.054016	0.000000	0.016726	0.000000	0.000000	0.000000	0.000000	0.000000	0.000000	0.000000	0.000000	0.000000	0.000000	0.000000	0.000000	0.000000	0.007195	0.000000	0.020905	0.000000	0.000000	0.000000	0.000000	0.000000	0.000000	0.000000	0.000000	0.000000	0.000000	0.000000	0.000000	0.000000	0.000000	0.000000	0.000000	0.000000	0.000000	0.000000
SRR8865601	0.000000	0.000000	0.000000	0.000000	0.000000	0.000000	0.000000	0.000000	0.001281	0.000000	0.000000	0.000000	0.000000	0.000000	0.021498	0.000000	0.000000	0.000000	0.000000	0.000000	0.000000	0.006605	0.000000	0.000000	0.000000	0.068477	0.000000	0.000000	0.006605	0.004244	0.000000	0.000000	0.000000	0.000000	0.000000	0.011389	0.000000	0.003303	0.000000	0.000000	0.000000	0.000000	0.000000	0.000000	0.000000	0.000000	0.000000	0.000000	0.000000	0.000000	0.000000	0.000000	0.000000	0.000000	0.000000	0.000000	0.000000	0.000000	0.000000	0.000000	0.000000	0.000000	0.000000	0.004784	0.019406	0.000000	0.000000	0.000000	0.000000	0.038682	0.000000	0.000000	0.000000	0.000000	0.000000	0.000000	0.000000	0.000000	0.011119	0.000000	0.001081	0.004714	0.000000	0.018125	0.002832	0.000000	0.000000	0.000000	0.000000	0.000000	0.006806	0.540449	0.000000	0.000000	0.000000	0.000000	0.000000	0.003643	0.000000	0.000000	0.000000	0.000000	0.021698	0.000000	0.035650	0.000000	0.017184	0.000000	0.000000	0.000000	0.000000	0.003433	0.000000	0.000000	0.000000	0.002832	0.000000	0.000000	0.000000	0.000000	0.000000	0.003843	0.000000	0.000000	0.000000	0.109581	0.000000	0.000000	0.000000	0.000000	0.000000	0.000000	0.000000	0.000000	0.000000	0.000000	0.000000	0.001141	0.000000	0.000000	0.000000	0.000881	0.000000	0.000000	0.000000	0.000000	0.000000	0.000000	0.000000	0.000000	0.000000	0.000000	0.000000	0.002362	0.000000	0.008627	0.014962	0.002762	0.000000	0.000000	0.000000	0.000000	0.000000	0.000000
SRR8865594	0.000000	0.000000	0.000000	0.000000	0.000000	0.000000	0.000000	0.000000	0.000000	0.000000	0.000000	0.000000	0.000000	0.000000	0.000000	0.007028	0.000000	0.000000	0.000000	0.000000	0.000000	0.000000	0.000000	0.000000	0.000000	0.000000	0.000000	0.000000	0.064353	0.000000	0.000000	0.000000	0.000000	0.000000	0.000000	0.015618	0.003584	0.000000	0.000000	0.000000	0.000000	0.000000	0.000000	0.000000	0.000000	0.000000	0.000000	0.000000	0.000000	0.000000	0.000000	0.000000	0.060489	0.000000	0.000000	0.000000	0.000000	0.000000	0.000000	0.000000	0.018491	0.000000	0.000000	0.000000	0.000000	0.000000	0.000000	0.000000	0.000000	0.000000	0.197365	0.000000	0.000000	0.000000	0.000000	0.421951	0.000000	0.000000	0.018061	0.000000	0.000000	0.006307	0.000000	0.003584	0.000000	0.000000	0.000000	0.000000	0.000000	0.088431	0.000000	0.000000	0.000000	0.014046	0.000000	0.000000	0.000000	0.000000	0.000000	0.000000	0.000000	0.000000	0.000000	0.000000	0.000000	0.000000	0.000000	0.000000	0.000000	0.000000	0.000000	0.000000	0.000000	0.000000	0.000000	0.000000	0.000000	0.000000	0.000000	0.000000	0.000000	0.000000	0.000000	0.000000	0.000000	0.000000	0.000000	0.000000	0.000000	0.000000	0.000000	0.000000	0.000000	0.000000	0.035400	0.000000	0.000000	0.000000	0.000000	0.000000	0.000000	0.000000	0.000000	0.000000	0.045292	0.000000	0.000000	0.000000	0.000000	0.000000	0.000000	0.000000	0.000000	0.000000	0.000000	0.000000	0.000000	0.000000	0.000000	0.000000	0.000000	0.000000	0.000000	0.000000
SRR8865595	0.000000	0.000000	0.000000	0.000000	0.000000	0.000000	0.000000	0.000000	0.000000	0.000000	0.000000	0.029007	0.000000	0.004554	0.000000	0.000000	0.013573	0.000000	0.092226	0.000000	0.000000	0.000000	0.113986	0.000000	0.000000	0.019989	0.000000	0.047414	0.018597	0.039607	0.000000	0.000000	0.000000	0.000000	0.000000	0.000000	0.000000	0.000000	0.000000	0.000000	0.000000	0.000000	0.000000	0.000000	0.000000	0.000000	0.000000	0.000000	0.000000	0.000000	0.000000	0.000000	0.000000	0.000000	0.000000	0.000000	0.000000	0.000000	0.000000	0.000000	0.000000	0.000000	0.000000	0.000000	0.000000	0.000000	0.000000	0.000000	0.000000	0.000000	0.000000	0.000000	0.000000	0.000000	0.000000	0.070375	0.000000	0.000000	0.000000	0.000000	0.000000	0.002883	0.000000	0.000000	0.000000	0.000000	0.000000	0.000000	0.000000	0.000000	0.000000	0.000000	0.000000	0.000000	0.002422	0.000000	0.000000	0.000000	0.000000	0.000000	0.000000	0.000000	0.015895	0.000000	0.000000	0.000000	0.000000	0.000000	0.000000	0.000000	0.036914	0.004184	0.000000	0.012271	0.000000	0.129040	0.009479	0.003253	0.000000	0.000000	0.000000	0.000000	0.000000	0.000000	0.005675	0.268690	0.000000	0.000000	0.000000	0.000000	0.000000	0.000000	0.000000	0.000000	0.000000	0.000000	0.000000	0.000000	0.000000	0.000000	0.000000	0.000000	0.048905	0.000000	0.008178	0.000000	0.000000	0.000000	0.000000	0.000000	0.000000	0.002883	0.000000	0.000000	0.000000	0.000000	0.000000	0.000000	0.000000	0.000000	0.000000	0.000000	0.000000	0.000000
SRR8865596	0.000000	0.000000	0.000000	0.000000	0.000000	0.000000	0.000000	0.000000	0.000000	0.000000	0.000000	0.000000	0.000000	0.000000	0.000000	0.000000	0.000000	0.000000	0.000000	0.006813	0.000000	0.000000	0.000000	0.000000	0.000000	0.000000	0.000000	0.000000	0.004862	0.000000	0.030283	0.000000	0.000000	0.015407	0.002311	0.157368	0.000000	0.000000	0.000000	0.000000	0.000000	0.000000	0.000000	0.000000	0.000000	0.000000	0.000000	0.000000	0.000000	0.000000	0.000000	0.000000	0.000000	0.000000	0.000000	0.000000	0.000000	0.000000	0.000000	0.000000	0.000000	0.000000	0.000000	0.000000	0.000000	0.000000	0.000000	0.000000	0.000000	0.000000	0.000000	0.000000	0.000000	0.000000	0.011735	0.760027	0.000000	0.000000	0.000000	0.000000	0.000000	0.002671	0.000000	0.000000	0.000000	0.000000	0.000000	0.000000	0.000000	0.000000	0.000000	0.000000	0.000000	0.000000	0.000000	0.002191	0.000000	0.000000	0.000000	0.000000	0.000000	0.000000	0.000000	0.000000	0.000000	0.000000	0.000000	0.000000	0.000000	0.000000	0.000000	0.000000	0.000000	0.003552	0.000000	0.000000	0.000000	0.000000	0.000000	0.000000	0.000000	0.000000	0.000000	0.000000	0.000000	0.002781	0.000000	0.000000	0.000000	0.000000	0.000000	0.000000	0.000000	0.000000	0.000000	0.000000	0.000000	0.000000	0.000000	0.000000	0.000000	0.000000	0.000000	0.000000	0.000000	0.000000	0.000000	0.000000	0.000000	0.000000	0.000000	0.000000	0.000000	0.000000	0.000000	0.000000	0.000000	0.000000	0.000000	0.000000	0.000000	0.000000	0.000000	0.000000
SRR8865597	0.000000	0.000000	0.000000	0.000000	0.000000	0.000000	0.000000	0.000000	0.000000	0.000000	0.000000	0.030755	0.000000	0.000000	0.000000	0.000000	0.000000	0.000000	0.030755	0.000000	0.000000	0.060726	0.000000	0.000000	0.000000	0.000000	0.000000	0.000000	0.027600	0.110410	0.000000	0.000000	0.000000	0.000000	0.000000	0.000000	0.000000	0.000000	0.000000	0.000000	0.000000	0.000000	0.000000	0.000000	0.000000	0.000000	0.000000	0.000000	0.000000	0.000000	0.000000	0.000000	0.000000	0.000000	0.000000	0.000000	0.000000	0.000000	0.000000	0.000000	0.000000	0.017352	0.000000	0.000000	0.000000	0.000000	0.000000	0.000000	0.000000	0.000000	0.000000	0.000000	0.000000	0.000000	0.000000	0.000000	0.000000	0.000000	0.000000	0.000000	0.000000	0.000000	0.000000	0.000000	0.000000	0.000000	0.000000	0.000000	0.000000	0.000000	0.000000	0.000000	0.000000	0.000000	0.000000	0.000000	0.000000	0.000000	0.000000	0.000000	0.000000	0.000000	0.000000	0.087542	0.000000	0.000000	0.000000	0.000000	0.147475	0.000000	0.000000	0.025239	0.000000	0.051261	0.000000	0.000000	0.000000	0.000000	0.000000	0.110410	0.000000	0.000000	0.000000	0.000000	0.136433	0.078078	0.000000	0.014197	0.000000	0.000000	0.000000	0.026023	0.000000	0.000000	0.000000	0.000000	0.000000	0.000000	0.000000	0.000000	0.000000	0.000000	0.045745	0.000000	0.000000	0.000000	0.000000	0.000000	0.000000	0.000000	0.000000	0.000000	0.000000	0.000000	0.000000	0.000000	0.000000	0.000000	0.000000	0.000000	0.000000	0.000000	0.000000	0.000000
SRR8865592	0.026032	0.000000	0.000000	0.000000	0.014263	0.012770	0.000000	0.001693	0.028726	0.000000	0.000000	0.000000	0.000000	0.000000	0.000000	0.000000	0.088261	0.000000	0.000000	0.000000	0.000000	0.000000	0.000000	0.025431	0.000000	0.035607	0.017157	0.022636	0.073698	0.028726	0.011869	0.000000	0.000000	0.000000	0.000000	0.000000	0.001593	0.000000	0.000000	0.000000	0.000000	0.000000	0.000000	0.000000	0.000000	0.000000	0.000000	0.000000	0.003986	0.000000	0.000000	0.000000	0.000000	0.000000	0.000000	0.000000	0.000000	0.000000	0.000000	0.000000	0.000000	0.000000	0.000000	0.000000	0.007081	0.000000	0.000000	0.000000	0.000000	0.000000	0.000000	0.000000	0.001492	0.000000	0.000000	0.000000	0.000000	0.000000	0.000000	0.000000	0.000000	0.004888	0.000000	0.000000	0.000000	0.048768	0.000000	0.009876	0.000000	0.000000	0.000000	0.000000	0.000000	0.000000	0.000000	0.000000	0.001693	0.000000	0.000000	0.000000	0.000000	0.000000	0.000000	0.071204	0.000000	0.000000	0.000000	0.005980	0.030018	0.001392	0.000000	0.016056	0.000000	0.025831	0.001793	0.044281	0.000000	0.000000	0.000000	0.000000	0.000000	0.000000	0.000000	0.000000	0.000000	0.313552	0.000000	0.000000	0.000000	0.000000	0.000000	0.000000	0.000000	0.000000	0.000000	0.000000	0.000000	0.003195	0.000000	0.000000	0.000000	0.003395	0.000000	0.000000	0.000000	0.000000	0.000000	0.000000	0.000000	0.000000	0.000000	0.000000	0.000000	0.000000	0.000000	0.000000	0.000000	0.000000	0.000000	0.000000	0.000000	0.000000	0.014964	0.002093
SRR8865593	0.000000	0.132561	0.265694	0.000000	0.003837	0.000000	0.000000	0.000000	0.007814	0.034242	0.000000	0.013495	0.003266	0.000000	0.000000	0.000000	0.000000	0.000000	0.000000	0.000000	0.000000	0.025286	0.046465	0.000000	0.007674	0.000000	0.000000	0.000000	0.015488	0.014917	0.000000	0.000000	0.000000	0.000000	0.000000	0.000000	0.000000	0.000000	0.000000	0.000000	0.000000	0.000000	0.000000	0.000000	0.000000	0.000000	0.000000	0.000000	0.000000	0.000000	0.000000	0.000000	0.000000	0.000000	0.000000	0.000000	0.000000	0.000000	0.045613	0.000000	0.000000	0.000000	0.000000	0.006111	0.000000	0.000000	0.000000	0.000000	0.000000	0.000000	0.000000	0.000000	0.000000	0.000000	0.000000	0.000000	0.000000	0.000000	0.102867	0.027139	0.000000	0.000000	0.000000	0.000000	0.005260	0.000000	0.000000	0.000000	0.000000	0.000000	0.000000	0.000000	0.000000	0.000000	0.000000	0.000000	0.000000	0.000000	0.000000	0.000000	0.000000	0.000000	0.000000	0.000000	0.000000	0.000000	0.000000	0.007534	0.000000	0.000000	0.000000	0.002414	0.000000	0.000000	0.000000	0.005400	0.000000	0.000000	0.000000	0.014496	0.000000	0.000000	0.000000	0.000000	0.000000	0.008385	0.000000	0.000000	0.000000	0.000000	0.000000	0.000000	0.000000	0.006111	0.000000	0.002274	0.000000	0.000000	0.000000	0.000000	0.000000	0.002845	0.149192	0.017762	0.025857	0.000000	0.000000	0.000000	0.000000	0.000000	0.000000	0.000000	0.000000	0.000000	0.000000	0.000000	0.000000	0.000000	0.000000	0.000000	0.000000	0.000000	0.000000	0.000000
SRR8865584	0.000000	0.024461	0.000000	0.000000	0.000000	0.000000	0.000000	0.000000	0.000000	0.000000	0.000000	0.000000	0.000000	0.000000	0.000000	0.000000	0.010363	0.000000	0.000000	0.000000	0.000000	0.000000	0.124375	0.000000	0.000000	0.000000	0.000000	0.000000	0.000000	0.000000	0.000000	0.000000	0.040628	0.000000	0.000000	0.000000	0.004559	0.000000	0.000000	0.000000	0.000000	0.000000	0.000000	0.000000	0.000000	0.000000	0.000000	0.000000	0.000000	0.000000	0.000000	0.000000	0.000000	0.000000	0.000000	0.000000	0.000000	0.000000	0.000000	0.000000	0.000000	0.000000	0.000000	0.000000	0.000000	0.000000	0.000000	0.034412	0.000000	0.000000	0.000000	0.000000	0.000000	0.000000	0.000000	0.000000	0.000000	0.000000	0.000000	0.000000	0.000000	0.000000	0.000000	0.000000	0.014922	0.000000	0.000000	0.000000	0.012442	0.000000	0.000000	0.000000	0.000000	0.000000	0.000000	0.000000	0.000000	0.000000	0.000000	0.000000	0.000000	0.000000	0.000000	0.000000	0.000000	0.000000	0.000000	0.054727	0.024050	0.105306	0.000000	0.000000	0.000000	0.000000	0.000000	0.000000	0.000000	0.000000	0.000000	0.000000	0.034824	0.000000	0.000000	0.000000	0.000000	0.021148	0.000000	0.000000	0.000000	0.000000	0.000000	0.000000	0.000000	0.010363	0.000000	0.000000	0.000000	0.000000	0.000000	0.000000	0.000000	0.000000	0.296849	0.029020	0.116091	0.000000	0.011196	0.000000	0.000000	0.000000	0.000000	0.000000	0.000000	0.000000	0.000000	0.000000	0.000000	0.000000	0.014510	0.015755	0.000000	0.000000	0.000000	0.000000
SRR8865585	0.000000	0.000000	0.000000	0.000000	0.008924	0.045853	0.012764	0.025649	0.006076	0.156150	0.000000	0.023794	0.000000	0.000000	0.000000	0.000000	0.002477	0.005826	0.000000	0.000000	0.000000	0.000000	0.000000	0.000000	0.000000	0.057003	0.037922	0.012022	0.024165	0.114759	0.010538	0.048210	0.000000	0.000000	0.000000	0.000000	0.002477	0.000000	0.000000	0.000000	0.000000	0.000000	0.000000	0.000000	0.000000	0.000000	0.000000	0.015371	0.000000	0.000000	0.000000	0.000000	0.000000	0.051930	0.000000	0.000000	0.000000	0.001985	0.000000	0.000000	0.000000	0.000000	0.000000	0.000000	0.000000	0.000000	0.000000	0.000000	0.000000	0.000000	0.000000	0.000000	0.010037	0.000000	0.000000	0.000000	0.000000	0.000000	0.055269	0.000000	0.000000	0.011280	0.000000	0.000000	0.000000	0.000000	0.000000	0.000000	0.003349	0.000000	0.000000	0.000000	0.000000	0.000000	0.000000	0.000000	0.004713	0.000000	0.000000	0.000000	0.000000	0.000000	0.000000	0.000000	0.000000	0.000000	0.000000	0.000000	0.000000	0.000000	0.000000	0.013256	0.000000	0.007440	0.000000	0.015863	0.056392	0.012022	0.000000	0.000000	0.000000	0.000000	0.000000	0.000000	0.032217	0.000000	0.000000	0.000000	0.000000	0.000000	0.000000	0.000000	0.000000	0.000000	0.010909	0.003098	0.000000	0.009175	0.000000	0.000000	0.000000	0.014499	0.059610	0.000000	0.009295	0.000000	0.000000	0.000000	0.000000	0.000000	0.000000	0.000000	0.001855	0.000000	0.000000	0.000000	0.000000	0.000000	0.005826	0.000000	0.000000	0.000000	0.000000	0.000000
SRR8865586	0.016750	0.002233	0.000000	0.000000	0.000000	0.000000	0.000000	0.003224	0.000000	0.000000	0.000000	0.012675	0.000000	0.001462	0.000000	0.000000	0.011144	0.000000	0.000000	0.000000	0.000000	0.000000	0.000000	0.000000	0.000000	0.000000	0.000000	0.012445	0.002533	0.000000	0.000000	0.000000	0.000000	0.000000	0.000000	0.000000	0.000000	0.000000	0.000000	0.000000	0.000000	0.000000	0.000000	0.000000	0.000000	0.000000	0.000000	0.000000	0.000000	0.000000	0.000000	0.000000	0.000000	0.000000	0.000000	0.003154	0.000000	0.000000	0.000000	0.000000	0.000000	0.000000	0.003765	0.085755	0.000000	0.000000	0.000000	0.008681	0.000000	0.058862	0.000000	0.000000	0.000000	0.000000	0.000000	0.000000	0.000000	0.000000	0.033651	0.000000	0.000000	0.002383	0.000000	0.000000	0.001462	0.000000	0.000000	0.000000	0.000000	0.000000	0.000000	0.296912	0.000000	0.000000	0.000000	0.000000	0.001151	0.000000	0.000000	0.005837	0.000000	0.000000	0.000000	0.004455	0.000000	0.000000	0.016140	0.000000	0.000000	0.010603	0.000000	0.000000	0.000000	0.008611	0.000000	0.013527	0.000000	0.000000	0.000000	0.000000	0.000000	0.000000	0.000000	0.000000	0.000000	0.027814	0.000000	0.000000	0.000000	0.000000	0.000000	0.000000	0.011524	0.009992	0.006918	0.000000	0.000000	0.000000	0.000000	0.000000	0.000000	0.001462	0.275696	0.013066	0.008070	0.000000	0.000000	0.000000	0.000000	0.000000	0.000000	0.000000	0.000000	0.000000	0.000000	0.000000	0.000000	0.000000	0.004075	0.000000	0.023969	0.000000	0.000000	0.000000
SRR8865587	0.000000	0.000000	0.000000	0.000000	0.000000	0.000000	0.000000	0.000000	0.000000	0.000000	0.000000	0.000000	0.000000	0.000000	0.000000	0.000000	0.000000	0.000000	0.000000	0.005032	0.000000	0.000000	0.000000	0.000000	0.000000	0.000000	0.000000	0.000000	0.003071	0.000000	0.028741	0.000000	0.000000	0.016086	0.002331	0.171483	0.000000	0.000000	0.000000	0.000000	0.000000	0.000000	0.000000	0.000000	0.000000	0.000000	0.000000	0.000000	0.000000	0.000000	0.000000	0.000000	0.000000	0.000000	0.000000	0.000000	0.000000	0.000000	0.000000	0.000000	0.000000	0.000000	0.000000	0.000000	0.000000	0.000000	0.000000	0.000000	0.000000	0.000000	0.000000	0.000000	0.000000	0.000000	0.013445	0.748597	0.000000	0.000000	0.000000	0.000000	0.000000	0.002381	0.000000	0.000000	0.000000	0.000000	0.000000	0.000000	0.000000	0.000000	0.000000	0.000000	0.000000	0.000000	0.000000	0.002591	0.000000	0.000000	0.000000	0.000000	0.000000	0.000000	0.000000	0.000000	0.000000	0.000000	0.000000	0.000000	0.000000	0.000000	0.000000	0.000000	0.000000	0.003331	0.000000	0.000000	0.000000	0.000000	0.000000	0.000000	0.000000	0.000000	0.000000	0.000000	0.000000	0.002911	0.000000	0.000000	0.000000	0.000000	0.000000	0.000000	0.000000	0.000000	0.000000	0.000000	0.000000	0.000000	0.000000	0.000000	0.000000	0.000000	0.000000	0.000000	0.000000	0.000000	0.000000	0.000000	0.000000	0.000000	0.000000	0.000000	0.000000	0.000000	0.000000	0.000000	0.000000	0.000000	0.000000	0.000000	0.000000	0.000000	0.000000	0.000000
SRR8865588	0.000000	0.000000	0.000000	0.000000	0.000000	0.000000	0.000000	0.000000	0.000000	0.000000	0.000000	0.000000	0.000000	0.000000	0.000000	0.000000	0.000000	0.000000	0.000000	0.000000	0.000000	0.000000	0.000000	0.000000	0.000000	0.000000	0.000000	0.000000	0.032233	0.000000	0.000000	0.000000	0.000000	0.000000	0.000000	0.009903	0.000000	0.000000	0.000000	0.000000	0.000000	0.000000	0.000000	0.000000	0.000000	0.000000	0.000000	0.000000	0.000000	0.000000	0.000000	0.000000	0.000000	0.000000	0.000000	0.000000	0.000000	0.000000	0.000000	0.000000	0.000000	0.000000	0.000000	0.014008	0.000000	0.000000	0.000000	0.000000	0.000000	0.372812	0.000000	0.000000	0.000000	0.000000	0.000000	0.000000	0.000000	0.000000	0.060970	0.000000	0.000000	0.002053	0.000000	0.004226	0.002774	0.000000	0.000000	0.000000	0.000000	0.000000	0.000000	0.000000	0.000000	0.006158	0.000000	0.000000	0.000000	0.000000	0.000000	0.000000	0.000000	0.000000	0.003384	0.000000	0.000000	0.007850	0.000000	0.258962	0.000000	0.008812	0.007360	0.000000	0.000000	0.000000	0.000000	0.000000	0.000000	0.000000	0.000000	0.000000	0.000000	0.000000	0.000000	0.005557	0.000000	0.183382	0.000000	0.000000	0.000000	0.000000	0.000000	0.000000	0.000000	0.000000	0.000000	0.005557	0.000000	0.004466	0.000000	0.000000	0.000000	0.000000	0.004466	0.000000	0.000000	0.000000	0.000000	0.000000	0.000000	0.000000	0.000000	0.000000	0.005067	0.000000	0.000000	0.000000	0.000000	0.000000	0.000000	0.000000	0.000000	0.000000	0.000000	0.000000
SRR8865589	0.000000	0.000000	0.084045	0.000000	0.000000	0.000000	0.000000	0.000000	0.000000	0.000000	0.000000	0.000000	0.000000	0.069061	0.000000	0.000000	0.000000	0.129549	0.000000	0.000000	0.000000	0.000000	0.000000	0.000000	0.000000	0.000000	0.000000	0.000000	0.000000	0.000000	0.000000	0.000000	0.000000	0.000000	0.000000	0.000000	0.000000	0.000000	0.000000	0.000000	0.000000	0.000000	0.000000	0.000000	0.000000	0.000000	0.000000	0.000000	0.000000	0.000000	0.000000	0.000000	0.000000	0.000000	0.000000	0.000000	0.000000	0.000000	0.000000	0.000000	0.128477	0.000000	0.000000	0.000000	0.000000	0.000000	0.000000	0.000000	0.000000	0.000000	0.000000	0.000000	0.000000	0.000000	0.000000	0.000000	0.000000	0.000000	0.000000	0.000000	0.000000	0.000000	0.000000	0.000000	0.000000	0.000000	0.000000	0.000000	0.000000	0.000000	0.000000	0.000000	0.000000	0.000000	0.000000	0.000000	0.000000	0.000000	0.000000	0.000000	0.000000	0.000000	0.000000	0.000000	0.000000	0.000000	0.000000	0.000000	0.069592	0.000000	0.000000	0.000000	0.000000	0.087260	0.000000	0.000000	0.000000	0.000000	0.000000	0.000000	0.000000	0.000000	0.000000	0.000000	0.000000	0.000000	0.000000	0.000000	0.000000	0.000000	0.000000	0.000000	0.000000	0.000000	0.000000	0.000000	0.000000	0.000000	0.000000	0.000000	0.031050	0.000000	0.400966	0.000000	0.000000	0.000000	0.000000	0.000000	0.000000	0.000000	0.000000	0.000000	0.000000	0.000000	0.000000	0.000000	0.000000	0.000000	0.000000	0.000000	0.000000	0.000000	0.000000	0.000000
SRR8865590	0.000000	0.000000	0.000000	0.000000	0.000000	0.000000	0.000000	0.000000	0.000000	0.000000	0.000000	0.007112	0.000000	0.000000	0.000000	0.000000	0.000000	0.000000	0.000000	0.000000	0.000000	0.000000	0.000000	0.000000	0.000000	0.000000	0.004597	0.266822	0.033354	0.037210	0.048028	0.000000	0.000000	0.000000	0.000000	0.000000	0.000000	0.000000	0.000000	0.000000	0.000000	0.000000	0.000000	0.000000	0.000000	0.000000	0.000000	0.000000	0.000000	0.000000	0.000000	0.000000	0.000000	0.000000	0.000000	0.000000	0.000000	0.000000	0.000000	0.000000	0.000000	0.002965	0.000000	0.005489	0.000000	0.000000	0.000000	0.000000	0.000000	0.000000	0.000000	0.000000	0.000000	0.000000	0.000000	0.000000	0.000000	0.000000	0.000000	0.000000	0.000000	0.000000	0.000000	0.000000	0.000000	0.000000	0.000000	0.000000	0.004006	0.000000	0.000000	0.000000	0.000000	0.005930	0.000000	0.000000	0.000000	0.000000	0.000000	0.000000	0.000000	0.000000	0.000000	0.000000	0.000000	0.000000	0.000000	0.000000	0.000000	0.000000	0.000000	0.003556	0.000000	0.016897	0.000000	0.000000	0.000000	0.000000	0.000000	0.000000	0.000000	0.000000	0.000000	0.000000	0.000000	0.136822	0.000000	0.004147	0.000000	0.005930	0.003856	0.004597	0.000000	0.000000	0.000000	0.000000	0.000000	0.000000	0.000000	0.000000	0.000000	0.000000	0.362437	0.024309	0.011709	0.000000	0.000000	0.000000	0.000000	0.000000	0.000000	0.000000	0.000000	0.000000	0.000000	0.000000	0.000000	0.000000	0.000000	0.010227	0.000000	0.000000	0.000000	0.000000
SRR8865591	0.000000	0.000000	0.032434	0.000000	0.000000	0.000000	0.000000	0.000000	0.080859	0.001572	0.000000	0.000000	0.000000	0.000000	0.000000	0.000000	0.010584	0.000000	0.007100	0.000000	0.000000	0.201122	0.021169	0.006759	0.000000	0.119261	0.000000	0.000000	0.003044	0.007991	0.029730	0.000000	0.000000	0.000000	0.000000	0.000000	0.000000	0.000000	0.000000	0.000000	0.000000	0.000000	0.000000	0.007881	0.000000	0.000000	0.000000	0.000000	0.004055	0.000000	0.000000	0.000000	0.000000	0.000000	0.000000	0.000000	0.000000	0.000000	0.000000	0.000000	0.000000	0.000000	0.000000	0.000000	0.000000	0.000000	0.000000	0.000000	0.000000	0.000000	0.000000	0.000000	0.006759	0.000000	0.000000	0.030852	0.000000	0.000000	0.000000	0.000000	0.000000	0.011596	0.000000	0.000000	0.000000	0.005748	0.000000	0.027137	0.000000	0.000000	0.000000	0.000000	0.000000	0.000000	0.000000	0.000000	0.000000	0.000000	0.000000	0.000000	0.000000	0.000000	0.000000	0.009232	0.000000	0.000000	0.000000	0.000000	0.001913	0.000000	0.000000	0.126911	0.000000	0.036149	0.003154	0.019146	0.000000	0.000000	0.000000	0.000000	0.000000	0.029620	0.000000	0.000000	0.000000	0.100786	0.000000	0.000000	0.000000	0.000000	0.000000	0.000000	0.000000	0.000000	0.000000	0.000000	0.000000	0.000000	0.000000	0.000000	0.000000	0.013178	0.022300	0.000000	0.000000	0.000000	0.000000	0.000000	0.000000	0.000000	0.000000	0.000000	0.002814	0.000000	0.000000	0.000000	0.014299	0.000000	0.000000	0.000000	0.000000	0.000000	0.000000	0.004847
SRR8865582	0.000000	0.000000	0.010087	0.000000	0.000000	0.000000	0.000000	0.000000	0.000000	0.000000	0.000000	0.000000	0.000000	0.000000	0.000000	0.000000	0.000000	0.000000	0.084557	0.000000	0.000000	0.000000	0.000000	0.299837	0.000000	0.000000	0.000000	0.000000	0.000000	0.291304	0.000000	0.000000	0.000000	0.000000	0.000000	0.000000	0.000000	0.000000	0.000000	0.000000	0.000000	0.000000	0.000000	0.000000	0.000000	0.000000	0.000000	0.000000	0.025218	0.000000	0.000000	0.000000	0.000000	0.000000	0.000000	0.000000	0.000000	0.000000	0.000000	0.012022	0.000000	0.006598	0.000000	0.000000	0.000000	0.000000	0.000000	0.046545	0.000000	0.000000	0.000000	0.000000	0.000000	0.000000	0.000000	0.000000	0.000000	0.000000	0.000000	0.000000	0.000000	0.000000	0.000000	0.000000	0.000000	0.022501	0.000000	0.000000	0.000000	0.000000	0.000000	0.000000	0.000000	0.000000	0.000000	0.000000	0.000000	0.000000	0.000000	0.000000	0.000000	0.027153	0.000000	0.000000	0.000000	0.000000	0.000000	0.000000	0.007761	0.000000	0.000000	0.025599	0.000000	0.000000	0.000000	0.000000	0.000000	0.000000	0.000000	0.000000	0.000000	0.000000	0.000000	0.000000	0.000000	0.000000	0.000000	0.000000	0.000000	0.000000	0.000000	0.000000	0.000000	0.000000	0.000000	0.000000	0.000000	0.000000	0.000000	0.000000	0.005044	0.000000	0.036077	0.012804	0.035686	0.000000	0.000000	0.000000	0.000000	0.000000	0.000000	0.000000	0.000000	0.000000	0.000000	0.000000	0.000000	0.000000	0.026381	0.024827	0.000000	0.000000	0.000000	0.000000
SRR8865583	0.000000	0.000000	0.113454	0.000000	0.000000	0.000000	0.000000	0.000000	0.000000	0.000000	0.000000	0.000000	0.000000	0.014632	0.000000	0.000000	0.000000	0.000000	0.006503	0.000000	0.000000	0.000000	0.000000	0.050068	0.000000	0.000000	0.000000	0.008450	0.000000	0.000000	0.037062	0.000000	0.000000	0.000000	0.000000	0.000000	0.007798	0.000000	0.000000	0.000000	0.000000	0.000000	0.000000	0.000000	0.000000	0.000000	0.044217	0.000000	0.009755	0.035757	0.000000	0.000000	0.000000	0.000000	0.000000	0.000000	0.000000	0.000000	0.000000	0.004877	0.000000	0.000000	0.000000	0.000000	0.000000	0.000000	0.004225	0.031532	0.000000	0.000000	0.000000	0.000000	0.000000	0.000000	0.000000	0.000000	0.000000	0.000000	0.000000	0.000000	0.000000	0.000000	0.000000	0.000000	0.000000	0.000000	0.000000	0.000000	0.000000	0.000000	0.000000	0.000000	0.000000	0.021135	0.000000	0.000000	0.000000	0.000000	0.000000	0.000000	0.000000	0.000000	0.000000	0.000000	0.000000	0.000000	0.000000	0.000000	0.000000	0.000000	0.000000	0.044539	0.000000	0.169373	0.000000	0.000000	0.000000	0.000000	0.000000	0.000000	0.000000	0.000000	0.000000	0.000000	0.000000	0.185952	0.000000	0.000000	0.000000	0.000000	0.000000	0.000000	0.000000	0.000000	0.000000	0.000000	0.000000	0.000000	0.000000	0.000000	0.000000	0.012354	0.174582	0.000000	0.000000	0.000000	0.000000	0.000000	0.000000	0.000000	0.000000	0.000000	0.000000	0.000000	0.009755	0.000000	0.013980	0.000000	0.000000	0.000000	0.000000	0.000000	0.000000	0.000000
SRR8865577	0.000000	0.038673	0.000000	0.000000	0.000000	0.000000	0.000000	0.000000	0.000000	0.000000	0.000000	0.000000	0.000000	0.000000	0.000000	0.000000	0.000000	0.000000	0.000000	0.000000	0.000000	0.000000	0.000000	0.000000	0.000000	0.000000	0.000000	0.000000	0.000000	0.000000	0.000000	0.000000	0.036633	0.000000	0.000000	0.000000	0.000000	0.000000	0.000000	0.000000	0.000000	0.000000	0.000000	0.000000	0.000000	0.000000	0.000000	0.000000	0.000000	0.000000	0.000000	0.000000	0.000000	0.000000	0.000000	0.000000	0.124157	0.000000	0.000000	0.025099	0.000000	0.000000	0.000000	0.000000	0.000000	0.000000	0.000000	0.000000	0.000000	0.000000	0.000000	0.000000	0.000000	0.000000	0.000000	0.000000	0.168246	0.000000	0.000000	0.000000	0.000000	0.000000	0.029851	0.000000	0.000000	0.000000	0.000000	0.000000	0.000000	0.000000	0.000000	0.000000	0.000000	0.021029	0.000000	0.000000	0.000000	0.000000	0.000000	0.000000	0.000000	0.000000	0.000000	0.000000	0.000000	0.000000	0.000000	0.031208	0.000000	0.000000	0.000000	0.000000	0.000000	0.000000	0.000000	0.000000	0.000000	0.000000	0.000000	0.000000	0.000000	0.000000	0.000000	0.000000	0.000000	0.079375	0.000000	0.000000	0.000000	0.000000	0.000000	0.000000	0.000000	0.000000	0.000000	0.000000	0.000000	0.026455	0.000000	0.000000	0.000000	0.000000	0.226592	0.040703	0.000000	0.000000	0.000000	0.000000	0.000000	0.000000	0.000000	0.000000	0.000000	0.000000	0.016287	0.000000	0.000000	0.000000	0.065811	0.069881	0.000000	0.000000	0.000000	0.000000
SRR8865576	0.000000	0.000000	0.000000	0.000000	0.000000	0.000000	0.000000	0.000000	0.000000	0.000000	0.000000	0.012157	0.000000	0.003014	0.000000	0.000000	0.014470	0.000000	0.098416	0.000000	0.000000	0.000000	0.107328	0.000000	0.004747	0.017364	0.000000	0.044922	0.024664	0.047235	0.000000	0.000000	0.000000	0.000000	0.000000	0.000000	0.000000	0.000000	0.000000	0.000000	0.000000	0.000000	0.000000	0.000000	0.000000	0.000000	0.000000	0.000000	0.000000	0.000000	0.000000	0.000000	0.000000	0.000000	0.000000	0.005097	0.000000	0.000000	0.000000	0.000000	0.000000	0.000000	0.000000	0.000000	0.000000	0.000000	0.000000	0.000000	0.000000	0.000000	0.000000	0.000000	0.000000	0.000000	0.000000	0.000000	0.000000	0.000000	0.000000	0.000000	0.000000	0.000000	0.000000	0.000000	0.000000	0.000000	0.000000	0.000000	0.000000	0.000000	0.000000	0.000000	0.000000	0.000000	0.004286	0.000000	0.000000	0.000000	0.000000	0.000000	0.000000	0.000000	0.012387	0.000000	0.001622	0.000000	0.000000	0.000000	0.000000	0.000000	0.005327	0.001853	0.000000	0.012277	0.000000	0.153752	0.013088	0.003935	0.000000	0.000000	0.000000	0.000000	0.000000	0.000000	0.008331	0.364593	0.000000	0.000000	0.000000	0.000000	0.000000	0.000000	0.000000	0.000000	0.000000	0.000000	0.000000	0.000000	0.000000	0.000000	0.000000	0.000000	0.032305	0.000000	0.004626	0.000000	0.000000	0.000000	0.000000	0.000000	0.000000	0.002203	0.000000	0.000000	0.000000	0.000000	0.000000	0.000000	0.000000	0.000000	0.000000	0.000000	0.000000	0.000000
SRR8865579	0.000000	0.000000	0.088604	0.000000	0.000000	0.000000	0.000000	0.000000	0.081535	0.002393	0.000000	0.003985	0.000000	0.000000	0.000000	0.000000	0.008771	0.000000	0.006178	0.000000	0.000000	0.157483	0.024321	0.004986	0.000000	0.071763	0.000000	0.000000	0.003685	0.006979	0.031991	0.000000	0.000000	0.000000	0.000000	0.000000	0.000000	0.000000	0.000000	0.000000	0.000000	0.000000	0.000000	0.006979	0.000000	0.000000	0.000000	0.000000	0.003785	0.000000	0.000000	0.000000	0.000000	0.000000	0.000000	0.000000	0.000000	0.000000	0.000000	0.003785	0.000000	0.000000	0.000000	0.000000	0.000000	0.000000	0.000000	0.000000	0.000000	0.000000	0.000000	0.000000	0.007670	0.000000	0.000000	0.099168	0.000000	0.000000	0.000000	0.000000	0.000000	0.012456	0.000000	0.000000	0.000000	0.003094	0.000000	0.017242	0.000000	0.000000	0.000000	0.000000	0.000000	0.000000	0.000000	0.000000	0.000000	0.000000	0.000000	0.000000	0.000000	0.000000	0.000000	0.006779	0.000000	0.000000	0.000000	0.000000	0.002794	0.000000	0.000000	0.108640	0.000000	0.033493	0.002794	0.011465	0.000000	0.000000	0.000000	0.000000	0.000000	0.029398	0.000000	0.000000	0.000000	0.077049	0.000000	0.000000	0.000000	0.000000	0.000000	0.000000	0.000000	0.000000	0.000000	0.000000	0.000000	0.000000	0.000000	0.000000	0.000000	0.022229	0.025813	0.000000	0.000000	0.000000	0.000000	0.000000	0.000000	0.000000	0.000000	0.000000	0.002493	0.000000	0.000000	0.000000	0.023721	0.000000	0.000000	0.000000	0.000000	0.000000	0.000000	0.006478
SRR8865578	0.000000	0.000000	0.020676	0.000000	0.000000	0.000000	0.000000	0.000000	0.000000	0.000000	0.000000	0.000000	0.000000	0.000000	0.000000	0.000000	0.000000	0.000000	0.081982	0.000000	0.000000	0.000000	0.000000	0.266993	0.000000	0.000000	0.000000	0.000000	0.000000	0.358566	0.000000	0.000000	0.000000	0.000000	0.000000	0.000000	0.000000	0.000000	0.000000	0.000000	0.000000	0.000000	0.000000	0.000000	0.000000	0.000000	0.000000	0.000000	0.017359	0.000000	0.000000	0.000000	0.000000	0.000000	0.000000	0.000000	0.000000	0.000000	0.000000	0.021047	0.000000	0.013660	0.000000	0.000000	0.000000	0.000000	0.000000	0.000000	0.000000	0.000000	0.000000	0.000000	0.000000	0.000000	0.000000	0.000000	0.000000	0.000000	0.000000	0.000000	0.000000	0.000000	0.000000	0.000000	0.000000	0.023262	0.000000	0.000000	0.000000	0.000000	0.000000	0.000000	0.000000	0.000000	0.000000	0.000000	0.000000	0.000000	0.000000	0.000000	0.000000	0.000000	0.000000	0.000000	0.000000	0.000000	0.000000	0.000000	0.000000	0.000000	0.000000	0.015144	0.000000	0.000000	0.000000	0.000000	0.000000	0.000000	0.000000	0.000000	0.000000	0.000000	0.000000	0.000000	0.000000	0.000000	0.000000	0.000000	0.000000	0.000000	0.000000	0.000000	0.000000	0.000000	0.000000	0.000000	0.000000	0.000000	0.000000	0.000000	0.011075	0.020676	0.035078	0.012929	0.044318	0.000000	0.000000	0.000000	0.000000	0.000000	0.000000	0.000000	0.000000	0.000000	0.000000	0.000000	0.000000	0.000000	0.057237	0.000000	0.000000	0.000000	0.000000	0.000000
SRR8865573	0.000000	0.000000	0.125656	0.000000	0.000000	0.000000	0.000000	0.000000	0.000000	0.000000	0.000000	0.000000	0.000000	0.000000	0.000000	0.000000	0.000000	0.000000	0.008167	0.000000	0.000000	0.000000	0.000000	0.034110	0.000000	0.000000	0.000000	0.000000	0.000000	0.000000	0.046645	0.000000	0.000000	0.000000	0.000000	0.000000	0.005251	0.000000	0.000000	0.000000	0.000000	0.000000	0.000000	0.000000	0.000000	0.000000	0.041104	0.000000	0.013117	0.027115	0.000000	0.000000	0.000000	0.000000	0.000000	0.000000	0.000000	0.000000	0.000000	0.006994	0.000000	0.000000	0.000000	0.000000	0.000000	0.000000	0.005541	0.000000	0.000000	0.000000	0.000000	0.000000	0.000000	0.000000	0.000000	0.000000	0.000000	0.000000	0.000000	0.000000	0.000000	0.000000	0.000000	0.000000	0.000000	0.000000	0.000000	0.000000	0.008167	0.000000	0.000000	0.000000	0.000000	0.018949	0.000000	0.000000	0.000000	0.000000	0.000000	0.000000	0.000000	0.000000	0.000000	0.000000	0.000000	0.008457	0.000000	0.000000	0.000000	0.000000	0.000000	0.044310	0.000000	0.183965	0.000000	0.000000	0.000000	0.000000	0.000000	0.000000	0.000000	0.000000	0.000000	0.000000	0.000000	0.189216	0.000000	0.000000	0.000000	0.000000	0.000000	0.000000	0.000000	0.000000	0.000000	0.000000	0.000000	0.000000	0.000000	0.000000	0.000000	0.018077	0.168804	0.000000	0.000000	0.000000	0.000000	0.000000	0.000000	0.000000	0.000000	0.000000	0.000000	0.000000	0.006413	0.000000	0.009910	0.000000	0.000000	0.030031	0.000000	0.000000	0.000000	0.000000
SRR8865572	0.000000	0.000000	0.110206	0.000000	0.000000	0.000000	0.000000	0.000000	0.000000	0.000000	0.000000	0.000000	0.000000	0.000000	0.000000	0.000000	0.000000	0.146033	0.000000	0.000000	0.000000	0.000000	0.000000	0.000000	0.000000	0.000000	0.000000	0.000000	0.000000	0.000000	0.000000	0.000000	0.000000	0.000000	0.000000	0.000000	0.000000	0.000000	0.000000	0.000000	0.000000	0.000000	0.000000	0.000000	0.000000	0.028116	0.000000	0.000000	0.000000	0.000000	0.000000	0.000000	0.000000	0.000000	0.000000	0.000000	0.000000	0.000000	0.000000	0.000000	0.124264	0.000000	0.000000	0.000000	0.000000	0.000000	0.000000	0.000000	0.000000	0.000000	0.000000	0.000000	0.000000	0.000000	0.000000	0.000000	0.000000	0.000000	0.000000	0.000000	0.000000	0.000000	0.000000	0.000000	0.000000	0.005445	0.000000	0.000000	0.000000	0.000000	0.000000	0.000000	0.000000	0.000000	0.000000	0.000000	0.000000	0.000000	0.000000	0.000000	0.000000	0.000000	0.000000	0.000000	0.000000	0.000000	0.000000	0.000000	0.059861	0.000000	0.000000	0.000000	0.000000	0.090704	0.000000	0.000000	0.000000	0.000000	0.000000	0.000000	0.000000	0.000000	0.000000	0.000000	0.000000	0.000000	0.000000	0.000000	0.000000	0.000000	0.000000	0.000000	0.000000	0.000000	0.000000	0.000000	0.000000	0.000000	0.000000	0.000000	0.043086	0.000000	0.392285	0.000000	0.000000	0.000000	0.000000	0.000000	0.000000	0.000000	0.000000	0.000000	0.000000	0.000000	0.000000	0.000000	0.000000	0.000000	0.000000	0.000000	0.000000	0.000000	0.000000	0.000000
SRR8865575	0.000000	0.000000	0.035804	0.000000	0.000000	0.000000	0.000000	0.000000	0.092520	0.003515	0.000000	0.004427	0.000000	0.000000	0.000000	0.000000	0.011668	0.000000	0.005729	0.000000	0.001612	0.202235	0.024737	0.007241	0.000000	0.127913	0.000000	0.000000	0.004527	0.007241	0.017096	0.000000	0.000000	0.000000	0.000000	0.000000	0.000000	0.000000	0.000000	0.000000	0.000000	0.000000	0.000000	0.007642	0.000000	0.000000	0.000000	0.000000	0.005228	0.000000	0.000000	0.000000	0.000000	0.000000	0.000000	0.000000	0.000000	0.000000	0.000000	0.002013	0.000000	0.000000	0.000000	0.000000	0.000000	0.000000	0.000000	0.000000	0.000000	0.000000	0.000000	0.000000	0.007742	0.000000	0.000000	0.000000	0.000000	0.000000	0.000000	0.000000	0.000000	0.018508	0.000000	0.000000	0.000000	0.005528	0.000000	0.024036	0.000000	0.000000	0.000000	0.000000	0.000000	0.001312	0.000000	0.000000	0.000000	0.000000	0.000000	0.000000	0.000000	0.000000	0.000000	0.008343	0.000000	0.000000	0.000000	0.000000	0.000000	0.000000	0.000000	0.123186	0.000000	0.039620	0.003215	0.020611	0.000000	0.000000	0.000000	0.000000	0.000000	0.029364	0.000000	0.000000	0.000000	0.094332	0.000000	0.000000	0.000000	0.000000	0.000000	0.000000	0.000000	0.000000	0.000000	0.000000	0.000000	0.000000	0.000000	0.000000	0.000000	0.016695	0.023025	0.000000	0.000000	0.000000	0.000000	0.000000	0.000000	0.000000	0.000000	0.000000	0.004126	0.000000	0.000000	0.000000	0.014582	0.000000	0.000000	0.000000	0.000000	0.000000	0.000000	0.004627
SRR8865574	0.000000	0.000000	0.000000	0.000000	0.000000	0.000000	0.000000	0.000000	0.000000	0.000000	0.000000	0.012504	0.000000	0.001742	0.000000	0.000000	0.011233	0.000000	0.099595	0.000000	0.000000	0.000000	0.112449	0.000000	0.007068	0.026060	0.000000	0.047825	0.019222	0.035901	0.008920	0.000000	0.000000	0.000000	0.000000	0.000000	0.000000	0.000000	0.000000	0.000000	0.000000	0.000000	0.000000	0.000000	0.000000	0.000000	0.000000	0.000000	0.000000	0.000000	0.000000	0.000000	0.000000	0.000000	0.000000	0.000000	0.000000	0.000000	0.000000	0.000000	0.000000	0.000000	0.000000	0.000000	0.000000	0.000000	0.000000	0.000000	0.000000	0.000000	0.000000	0.000000	0.000000	0.000000	0.000000	0.000000	0.000000	0.000000	0.000000	0.000000	0.000000	0.000000	0.000000	0.000000	0.000000	0.000000	0.000000	0.000000	0.000000	0.000000	0.000000	0.000000	0.000000	0.000000	0.004285	0.000000	0.000000	0.000000	0.000000	0.000000	0.000000	0.000000	0.012504	0.000000	0.000000	0.000000	0.000000	0.000000	0.000000	0.000000	0.006718	0.002313	0.000000	0.011583	0.000000	0.162016	0.012164	0.003704	0.000000	0.000000	0.000000	0.000000	0.000000	0.000000	0.015748	0.345337	0.000000	0.000000	0.000000	0.000000	0.000000	0.000000	0.000000	0.000000	0.000000	0.000000	0.000000	0.000000	0.000000	0.000000	0.000000	0.000000	0.035551	0.000000	0.005556	0.000000	0.000000	0.000000	0.000000	0.000000	0.000000	0.000000	0.000000	0.000000	0.000000	0.000000	0.000000	0.000000	0.000000	0.000000	0.000000	0.000000	0.000000	0.000000
SRR8865581	0.000000	0.000000	0.081523	0.000000	0.000000	0.000000	0.000000	0.000000	0.084118	0.003186	0.000000	0.000000	0.000000	0.000000	0.000000	0.000000	0.009467	0.000000	0.006682	0.000000	0.000000	0.151998	0.019334	0.005379	0.000000	0.086913	0.000000	0.000000	0.002895	0.007674	0.021929	0.000000	0.000000	0.000000	0.000000	0.000000	0.000000	0.000000	0.000000	0.000000	0.000000	0.000000	0.000000	0.005981	0.000000	0.000000	0.000000	0.000000	0.004187	0.000000	0.000000	0.000000	0.000000	0.000000	0.000000	0.000000	0.000000	0.000000	0.000000	0.004388	0.000000	0.000000	0.000000	0.000000	0.000000	0.000000	0.000000	0.000000	0.000000	0.000000	0.000000	0.000000	0.012061	0.000000	0.000000	0.101559	0.000000	0.000000	0.000000	0.000000	0.000000	0.014946	0.000000	0.000000	0.000000	0.004087	0.000000	0.019635	0.000000	0.000000	0.000000	0.000000	0.000000	0.000000	0.000000	0.000000	0.000000	0.000000	0.000000	0.000000	0.000000	0.000000	0.000000	0.004688	0.000000	0.000000	0.000000	0.000000	0.002494	0.000000	0.000000	0.107048	0.000000	0.035883	0.002595	0.013955	0.000000	0.000000	0.000000	0.000000	0.000000	0.029101	0.000000	0.000000	0.000000	0.075052	0.000000	0.000000	0.000000	0.000000	0.000000	0.000000	0.000000	0.000000	0.000000	0.000000	0.000000	0.000000	0.000000	0.000000	0.000000	0.022429	0.024223	0.000000	0.000000	0.000000	0.000000	0.000000	0.000000	0.000000	0.000000	0.000000	0.002394	0.000000	0.000000	0.000000	0.026517	0.000000	0.000000	0.000000	0.000000	0.000000	0.000000	0.005680
SRR8865580	0.000000	0.049201	0.000000	0.000000	0.000000	0.000000	0.000000	0.000000	0.000000	0.000000	0.000000	0.000000	0.000000	0.000000	0.000000	0.000000	0.000000	0.000000	0.000000	0.000000	0.000000	0.000000	0.000000	0.000000	0.000000	0.000000	0.000000	0.000000	0.000000	0.000000	0.000000	0.000000	0.045642	0.000000	0.000000	0.000000	0.000000	0.000000	0.000000	0.000000	0.000000	0.000000	0.000000	0.000000	0.000000	0.000000	0.000000	0.000000	0.000000	0.000000	0.000000	0.000000	0.000000	0.000000	0.000000	0.000000	0.130411	0.000000	0.000000	0.027858	0.000000	0.000000	0.000000	0.000000	0.000000	0.000000	0.013039	0.061054	0.000000	0.000000	0.000000	0.000000	0.000000	0.000000	0.000000	0.000000	0.161235	0.000000	0.000000	0.000000	0.000000	0.000000	0.034975	0.000000	0.000000	0.000000	0.000000	0.000000	0.000000	0.000000	0.000000	0.000000	0.000000	0.013039	0.000000	0.000000	0.000000	0.000000	0.000000	0.000000	0.000000	0.000000	0.000000	0.000000	0.000000	0.000000	0.000000	0.033789	0.000000	0.000000	0.000000	0.000000	0.000000	0.000000	0.000000	0.000000	0.000000	0.000000	0.000000	0.000000	0.000000	0.000000	0.000000	0.000000	0.000000	0.064019	0.000000	0.000000	0.000000	0.000000	0.000000	0.000000	0.000000	0.000000	0.000000	0.000000	0.000000	0.013632	0.000000	0.000000	0.000000	0.000000	0.210435	0.019564	0.000000	0.000000	0.000000	0.000000	0.000000	0.000000	0.000000	0.000000	0.000000	0.000000	0.011260	0.000000	0.000000	0.000000	0.069358	0.041490	0.000000	0.000000	0.000000	0.000000
SRR5898912	0.000000	0.010382	0.000000	0.000000	0.000000	0.000000	0.000000	0.000000	0.000000	0.000000	0.000000	0.000000	0.000000	0.000000	0.000000	0.000000	0.000000	0.000000	0.000000	0.000000	0.000000	0.000000	0.000000	0.000000	0.000000	0.000000	0.000000	0.013736	0.000000	0.000000	0.000000	0.000000	0.000000	0.000000	0.000000	0.000000	0.000000	0.000000	0.000000	0.000000	0.000000	0.000000	0.000000	0.000000	0.000000	0.000000	0.005116	0.000000	0.000000	0.000000	0.000000	0.000000	0.000000	0.000000	0.000000	0.000000	0.000000	0.000000	0.002483	0.000000	0.000000	0.000000	0.000000	0.000000	0.000000	0.000000	0.003364	0.000000	0.000000	0.000000	0.000000	0.000000	0.000000	0.000000	0.000000	0.000000	0.000000	0.000000	0.000000	0.000000	0.000000	0.000000	0.000000	0.000000	0.000000	0.000000	0.000000	0.000000	0.000000	0.000000	0.000000	0.000000	0.000000	0.003945	0.000000	0.000000	0.000000	0.000000	0.000000	0.000000	0.000000	0.000000	0.000000	0.000000	0.000000	0.000000	0.000000	0.003364	0.000000	0.000000	0.000000	0.000000	0.000000	0.000000	0.000000	0.000000	0.000000	0.000000	0.000000	0.000000	0.000000	0.000000	0.005406	0.000000	0.000000	0.015198	0.000000	0.000000	0.000000	0.000000	0.000000	0.000000	0.000000	0.002633	0.000000	0.000000	0.000000	0.000000	0.000000	0.000000	0.000000	0.000000	0.905129	0.004535	0.024709	0.000000	0.000000	0.000000	0.000000	0.000000	0.000000	0.000000	0.000000	0.000000	0.000000	0.000000	0.000000	0.000000	0.000000	0.000000	0.000000	0.000000	0.000000	0.000000
SRR5898911	0.000000	0.065012	0.000000	0.000000	0.000000	0.000000	0.000000	0.000000	0.000000	0.000000	0.000000	0.000000	0.000000	0.000000	0.000000	0.000000	0.000000	0.000000	0.000000	0.000000	0.000000	0.005012	0.000000	0.000000	0.000000	0.000000	0.000000	0.000000	0.000000	0.000000	0.000000	0.000000	0.005703	0.000000	0.000000	0.000000	0.000000	0.000000	0.000000	0.000000	0.000000	0.000000	0.000000	0.000000	0.000000	0.000000	0.000000	0.000000	0.000000	0.000000	0.000000	0.000000	0.000000	0.000000	0.000000	0.000000	0.000000	0.000000	0.000000	0.000000	0.016918	0.000000	0.000000	0.000000	0.000000	0.000000	0.000000	0.000000	0.000000	0.000000	0.000000	0.000000	0.000000	0.000000	0.000000	0.000000	0.000000	0.000000	0.020950	0.000000	0.000000	0.000000	0.000000	0.000000	0.000000	0.214225	0.000000	0.000000	0.000000	0.000000	0.000000	0.000000	0.000000	0.000000	0.000000	0.000000	0.000000	0.005513	0.000000	0.000000	0.000000	0.000000	0.000000	0.000000	0.001771	0.000000	0.000000	0.005603	0.000000	0.000000	0.000000	0.000000	0.000000	0.000000	0.000000	0.000000	0.000000	0.000000	0.000000	0.000000	0.000000	0.000000	0.000000	0.000000	0.000000	0.000000	0.000000	0.000000	0.000000	0.000000	0.000000	0.000000	0.000000	0.001381	0.000000	0.000000	0.000000	0.000000	0.000000	0.000000	0.000000	0.000000	0.654671	0.000000	0.000000	0.000000	0.000000	0.000000	0.000000	0.000000	0.000000	0.000000	0.003242	0.000000	0.000000	0.000000	0.000000	0.000000	0.000000	0.000000	0.000000	0.000000	0.000000	0.000000
SRR5898910	0.000000	0.017268	0.000000	0.000000	0.000000	0.000000	0.000000	0.000000	0.000000	0.000000	0.000000	0.000000	0.000000	0.000000	0.000000	0.000000	0.000000	0.000000	0.000000	0.000000	0.000000	0.000000	0.000000	0.000000	0.000000	0.000000	0.000000	0.000000	0.000000	0.000000	0.000000	0.000000	0.000000	0.000000	0.000000	0.000000	0.000000	0.000000	0.000000	0.000000	0.000000	0.000000	0.000000	0.000000	0.000000	0.000000	0.000000	0.000000	0.000000	0.000000	0.000000	0.000000	0.000000	0.000000	0.000000	0.000000	0.000000	0.000000	0.000000	0.000000	0.025757	0.000000	0.000000	0.000000	0.000000	0.000000	0.000000	0.000000	0.000000	0.000000	0.000000	0.000000	0.000000	0.000000	0.000000	0.000000	0.000000	0.000000	0.010912	0.000000	0.000000	0.000000	0.000000	0.000000	0.000000	0.003334	0.000000	0.000000	0.000000	0.000000	0.000000	0.000000	0.000000	0.001662	0.000000	0.000000	0.000000	0.000000	0.000000	0.000000	0.000000	0.000000	0.000000	0.000000	0.008479	0.003334	0.000000	0.113160	0.000000	0.000000	0.000000	0.000000	0.000000	0.000000	0.000000	0.000000	0.000000	0.000000	0.000000	0.000000	0.000000	0.000000	0.000000	0.000000	0.000000	0.015456	0.000000	0.000000	0.000000	0.000000	0.000000	0.000000	0.000000	0.000000	0.000000	0.000000	0.000000	0.000000	0.000000	0.000000	0.000000	0.000000	0.789727	0.005306	0.001972	0.000000	0.000000	0.000000	0.000000	0.000000	0.000000	0.000000	0.003634	0.000000	0.000000	0.000000	0.000000	0.000000	0.000000	0.000000	0.000000	0.000000	0.000000	0.000000
SRR5898909	0.000000	0.009585	0.000000	0.000000	0.003365	0.000000	0.000000	0.000000	0.000000	0.026620	0.000000	0.000000	0.000000	0.000000	0.000000	0.000000	0.013460	0.000000	0.000000	0.000000	0.000000	0.115435	0.000000	0.000000	0.000000	0.054663	0.000000	0.150619	0.000000	0.132371	0.000000	0.000000	0.000000	0.000000	0.000000	0.000000	0.000000	0.000000	0.000000	0.000000	0.000000	0.000000	0.000000	0.000000	0.000000	0.000000	0.000000	0.000000	0.000000	0.000000	0.016525	0.002143	0.000000	0.000000	0.000000	0.002554	0.000000	0.000000	0.000000	0.001733	0.014071	0.000000	0.000000	0.000000	0.000000	0.000000	0.000000	0.000000	0.001122	0.000000	0.000000	0.000000	0.000000	0.000000	0.000000	0.000000	0.000000	0.007541	0.053842	0.000000	0.000000	0.000000	0.000000	0.000000	0.000000	0.001632	0.000000	0.000000	0.000000	0.000000	0.000000	0.000000	0.000000	0.006420	0.000000	0.000000	0.000000	0.000000	0.000000	0.000000	0.000000	0.000000	0.000000	0.007241	0.000000	0.000000	0.000000	0.093512	0.000000	0.000000	0.000000	0.001432	0.000000	0.035384	0.000000	0.009585	0.000000	0.000000	0.000000	0.000000	0.000000	0.000000	0.000000	0.000000	0.013460	0.214055	0.000000	0.000000	0.000000	0.000000	0.000000	0.000000	0.000000	0.011628	0.000000	0.000000	0.000000	0.000000	0.000000	0.000000	0.000000	0.000000	0.000000	0.000000	0.000000	0.000000	0.000000	0.000000	0.000000	0.000000	0.000000	0.000000	0.000000	0.000000	0.000000	0.000000	0.000000	0.000000	0.000000	0.000000	0.000000	0.000000	0.000000	0.000000
SRR5898908	0.000000	0.057455	0.000000	0.000000	0.000000	0.000000	0.000000	0.000000	0.000000	0.000000	0.000000	0.000000	0.000000	0.000000	0.000000	0.000000	0.000000	0.000000	0.000000	0.000000	0.000000	0.000000	0.000000	0.000000	0.000000	0.000000	0.000000	0.000000	0.000000	0.000000	0.000000	0.000000	0.010630	0.000000	0.000000	0.000000	0.000000	0.000000	0.000000	0.000000	0.000000	0.000000	0.000000	0.000000	0.000000	0.000000	0.000000	0.000000	0.000000	0.000000	0.000000	0.000000	0.000000	0.000000	0.000000	0.000000	0.000000	0.000000	0.000000	0.000000	0.000000	0.000000	0.000000	0.000000	0.000000	0.000000	0.000000	0.000000	0.000000	0.000000	0.000000	0.000000	0.000000	0.000000	0.000000	0.000000	0.020269	0.000000	0.033452	0.000000	0.000000	0.000000	0.000000	0.000000	0.000000	0.000000	0.000000	0.000000	0.000000	0.000000	0.000000	0.000000	0.000000	0.005906	0.000000	0.000000	0.000000	0.000000	0.000000	0.000000	0.000000	0.000000	0.000000	0.000000	0.000000	0.000000	0.000000	0.000000	0.000000	0.000000	0.000000	0.000000	0.000000	0.000000	0.000000	0.000000	0.000000	0.000000	0.000000	0.000000	0.000000	0.000000	0.000000	0.000000	0.000000	0.000000	0.000000	0.000000	0.000000	0.000000	0.000000	0.000000	0.000000	0.010630	0.000000	0.000000	0.000000	0.000000	0.000000	0.000000	0.001972	0.000000	0.784914	0.050959	0.010040	0.000000	0.000000	0.000000	0.000000	0.000000	0.000000	0.000000	0.000000	0.000000	0.000000	0.000000	0.000000	0.000000	0.000000	0.000000	0.013773	0.000000	0.000000	0.000000
SRR5898920	0.000000	0.145655	0.000000	0.000000	0.000000	0.000000	0.000000	0.000000	0.000000	0.000000	0.000000	0.000000	0.000000	0.000000	0.000000	0.000000	0.000000	0.000000	0.000000	0.000000	0.000000	0.000000	0.000000	0.000000	0.000000	0.000000	0.000000	0.000000	0.000000	0.000000	0.000000	0.000000	0.042141	0.000000	0.000000	0.000000	0.000000	0.000000	0.007630	0.000000	0.000000	0.000000	0.000000	0.000000	0.000000	0.000000	0.000000	0.000000	0.000000	0.000000	0.000000	0.000000	0.000000	0.000000	0.000000	0.000000	0.000000	0.000000	0.000000	0.000000	0.000000	0.000000	0.000000	0.022890	0.000000	0.014599	0.000000	0.000000	0.000000	0.000000	0.000000	0.000000	0.000000	0.000000	0.000000	0.000000	0.029197	0.000000	0.000000	0.000000	0.000000	0.000000	0.000000	0.000000	0.000000	0.000000	0.000000	0.000000	0.000000	0.000000	0.000000	0.000000	0.000000	0.005304	0.000000	0.000000	0.000000	0.000000	0.000000	0.000000	0.000000	0.000000	0.000000	0.000000	0.000000	0.000000	0.000000	0.019572	0.000000	0.013275	0.000000	0.000000	0.000000	0.000000	0.000000	0.000000	0.000000	0.000000	0.000000	0.000000	0.000000	0.000000	0.000000	0.000000	0.000000	0.000000	0.000000	0.000000	0.000000	0.000000	0.000000	0.000000	0.000000	0.030521	0.000000	0.000000	0.000000	0.005976	0.000000	0.006638	0.000000	0.000000	0.606832	0.028535	0.021236	0.000000	0.000000	0.000000	0.000000	0.000000	0.000000	0.000000	0.000000	0.000000	0.000000	0.000000	0.000000	0.000000	0.000000	0.000000	0.000000	0.000000	0.000000	0.000000
SRR5898921	0.000000	0.000000	0.012314	0.000000	0.005128	0.000000	0.000000	0.000000	0.008209	0.066457	0.007697	0.011551	0.000000	0.000000	0.000000	0.000000	0.005389	0.000000	0.000000	0.000000	0.000000	0.000000	0.000000	0.000000	0.000000	0.000000	0.000000	0.000000	0.009494	0.000000	0.044910	0.000000	0.042592	0.000000	0.000000	0.068765	0.003854	0.000000	0.013348	0.000000	0.000000	0.000000	0.000000	0.000000	0.000000	0.000000	0.000000	0.000000	0.000000	0.000000	0.000000	0.000000	0.000000	0.000000	0.000000	0.022069	0.064410	0.000000	0.000000	0.000000	0.000000	0.000000	0.000000	0.017964	0.000000	0.000000	0.009755	0.000000	0.000000	0.000000	0.000000	0.000000	0.000000	0.000000	0.000000	0.183987	0.000000	0.000000	0.049015	0.000000	0.000000	0.000000	0.000000	0.000000	0.000000	0.000000	0.000000	0.000000	0.000000	0.000000	0.000000	0.000000	0.000000	0.018737	0.000000	0.000000	0.000000	0.006413	0.000000	0.000000	0.000000	0.000000	0.000000	0.000000	0.000000	0.000000	0.000000	0.000000	0.000000	0.000000	0.000000	0.008470	0.012575	0.000000	0.000000	0.000000	0.000000	0.000000	0.000000	0.000000	0.000000	0.000000	0.000000	0.000000	0.000000	0.024116	0.000000	0.000000	0.000000	0.000000	0.000000	0.000000	0.000000	0.000000	0.000000	0.000000	0.000000	0.000000	0.000000	0.000000	0.000000	0.000000	0.282780	0.000000	0.000000	0.000000	0.000000	0.000000	0.000000	0.000000	0.000000	0.000000	0.000000	0.000000	0.000000	0.000000	0.000000	0.000000	0.000000	0.000000	0.000000	0.000000	0.000000	0.000000
SRR5898922	0.000000	0.006818	0.000000	0.000000	0.000000	0.000000	0.000000	0.000000	0.000000	0.015940	0.000000	0.009211	0.000000	0.000000	0.000000	0.000000	0.033692	0.000000	0.000000	0.000000	0.000000	0.000000	0.011324	0.000000	0.000000	0.000000	0.000000	0.000000	0.007009	0.058362	0.116925	0.000000	0.023139	0.000000	0.000000	0.006238	0.000000	0.002884	0.000000	0.000000	0.000000	0.000000	0.000000	0.000000	0.000000	0.000000	0.000000	0.000000	0.000000	0.000000	0.000000	0.000000	0.000000	0.000000	0.000000	0.000000	0.000000	0.000000	0.000000	0.000000	0.000000	0.000000	0.000000	0.000000	0.000000	0.043394	0.000000	0.000000	0.000000	0.000000	0.000000	0.000000	0.000000	0.000000	0.000000	0.000000	0.000000	0.000000	0.017852	0.000000	0.000000	0.000000	0.000000	0.000000	0.000000	0.000000	0.000000	0.000000	0.000000	0.000000	0.000000	0.000000	0.000000	0.000000	0.000000	0.000000	0.000000	0.005667	0.000000	0.000000	0.000000	0.000000	0.000000	0.000000	0.000000	0.003645	0.000000	0.127678	0.000000	0.000000	0.000000	0.000000	0.000000	0.006428	0.000000	0.029186	0.000000	0.000000	0.000000	0.000000	0.000000	0.010273	0.000000	0.000000	0.020065	0.349043	0.000000	0.000000	0.000000	0.000000	0.000000	0.000000	0.000000	0.056640	0.000000	0.022178	0.000000	0.001051	0.001532	0.000000	0.000000	0.000000	0.000000	0.000000	0.000000	0.000000	0.000000	0.000000	0.000000	0.000000	0.000000	0.000000	0.011715	0.000000	0.000000	0.000000	0.002113	0.000000	0.000000	0.000000	0.000000	0.000000	0.000000	0.000000
SRR5898923	0.000000	0.048021	0.000000	0.000000	0.000000	0.000000	0.000000	0.000000	0.000000	0.000000	0.000000	0.000000	0.000000	0.000000	0.000000	0.000000	0.000000	0.000000	0.000000	0.000000	0.000000	0.000000	0.000000	0.000000	0.000000	0.000000	0.000000	0.000000	0.000000	0.044398	0.094771	0.000000	0.000000	0.000000	0.000000	0.000000	0.000000	0.000000	0.000000	0.000000	0.000000	0.000000	0.000000	0.000000	0.000000	0.000000	0.000000	0.000000	0.000000	0.000000	0.000000	0.000000	0.000000	0.000000	0.000000	0.010247	0.000000	0.000000	0.000000	0.000000	0.000000	0.000000	0.000000	0.000000	0.000000	0.000000	0.000000	0.000000	0.000000	0.000000	0.000000	0.000000	0.000000	0.000000	0.000000	0.000000	0.000000	0.000000	0.000000	0.000000	0.000000	0.000000	0.000000	0.008756	0.000000	0.000000	0.000000	0.000000	0.000000	0.000000	0.000000	0.000000	0.000000	0.012378	0.000000	0.000000	0.000000	0.000000	0.000000	0.000000	0.000000	0.000000	0.000000	0.000000	0.000000	0.000000	0.000000	0.000000	0.000000	0.000000	0.000000	0.000000	0.000000	0.000000	0.000000	0.000000	0.000000	0.000000	0.000000	0.000000	0.000000	0.000000	0.000000	0.000000	0.000000	0.000000	0.000000	0.000000	0.000000	0.000000	0.000000	0.000000	0.000000	0.000000	0.000000	0.000000	0.000000	0.000000	0.000000	0.000000	0.000000	0.000000	0.724013	0.011738	0.039705	0.000000	0.000000	0.000000	0.000000	0.000000	0.000000	0.000000	0.005974	0.000000	0.000000	0.000000	0.000000	0.000000	0.000000	0.000000	0.000000	0.000000	0.000000	0.000000
SRR5898924	0.000000	0.007277	0.000000	0.000000	0.000000	0.000000	0.000000	0.000000	0.000000	0.000000	0.000000	0.000000	0.000000	0.000000	0.000000	0.000000	0.000000	0.000000	0.000000	0.000000	0.000000	0.000000	0.000000	0.000000	0.000000	0.000000	0.000000	0.000000	0.000000	0.000000	0.000000	0.000000	0.000000	0.000000	0.000000	0.000000	0.000000	0.000000	0.000000	0.000000	0.000000	0.000000	0.000000	0.000000	0.000000	0.000000	0.000000	0.000000	0.000000	0.000000	0.000000	0.000000	0.000000	0.000000	0.000000	0.000000	0.000000	0.000000	0.000000	0.000000	0.000000	0.000000	0.000000	0.017527	0.000000	0.000000	0.000000	0.000000	0.000000	0.000000	0.000000	0.000000	0.000000	0.000000	0.000000	0.000000	0.000000	0.000000	0.017367	0.000000	0.000000	0.000000	0.000000	0.002973	0.000000	0.000000	0.000000	0.000000	0.000000	0.000000	0.000000	0.000000	0.030430	0.002813	0.000000	0.000000	0.000000	0.008598	0.000000	0.000000	0.000000	0.000000	0.000000	0.000000	0.000000	0.000000	0.000000	0.013563	0.000000	0.000000	0.000000	0.000000	0.000000	0.000000	0.000000	0.000000	0.000000	0.000000	0.000000	0.000000	0.000000	0.000000	0.000000	0.000000	0.000000	0.000000	0.000000	0.000000	0.000000	0.000000	0.000000	0.000000	0.000000	0.005295	0.000000	0.000000	0.000000	0.000000	0.000000	0.000000	0.000000	0.000000	0.881914	0.005786	0.000000	0.000000	0.000000	0.000000	0.000000	0.000000	0.000000	0.002152	0.004304	0.000000	0.000000	0.000000	0.000000	0.000000	0.000000	0.000000	0.000000	0.000000	0.000000	0.000000
SRR5898925	0.000000	0.000000	0.000000	0.000000	0.000000	0.000000	0.000000	0.000000	0.000000	0.000000	0.000000	0.000000	0.000000	0.000000	0.000000	0.000000	0.000000	0.000000	0.000000	0.000000	0.000000	0.000000	0.000000	0.000000	0.000000	0.000000	0.000000	0.000000	0.000000	0.000000	0.000000	0.000000	0.000000	0.000000	0.000000	0.000000	0.000000	0.000000	0.000000	0.000000	0.000000	0.000000	0.000000	0.000000	0.000000	0.000000	0.000000	0.000000	0.000000	0.000000	0.000000	0.000000	0.000000	0.000000	0.000000	0.000000	0.000000	0.000000	0.000000	0.000000	0.007791	0.000000	0.000000	0.000000	0.000000	0.000000	0.000000	0.000000	0.000000	0.000000	0.000000	0.000000	0.000000	0.000000	0.000000	0.000000	0.000000	0.000000	0.000000	0.000000	0.000000	0.000000	0.000000	0.000000	0.000000	0.000000	0.000000	0.000000	0.000000	0.000000	0.000000	0.000000	0.000000	0.000000	0.000000	0.000000	0.000000	0.000000	0.000000	0.000000	0.000000	0.000000	0.000000	0.000000	0.000000	0.000000	0.000000	0.000000	0.000000	0.000000	0.000000	0.000000	0.000000	0.000000	0.000000	0.000000	0.000000	0.000000	0.000000	0.000000	0.000000	0.000000	0.000000	0.000000	0.000000	0.000000	0.000000	0.000000	0.000000	0.000000	0.000000	0.000000	0.000000	0.002910	0.000000	0.000000	0.000000	0.000000	0.000000	0.000000	0.000000	0.000000	0.964065	0.025233	0.000000	0.000000	0.000000	0.000000	0.000000	0.000000	0.000000	0.000000	0.000000	0.000000	0.000000	0.000000	0.000000	0.000000	0.000000	0.000000	0.000000	0.000000	0.000000	0.000000
SRR5898926	0.000000	0.042240	0.000000	0.000000	0.000000	0.000000	0.000000	0.000000	0.000000	0.000000	0.000000	0.000000	0.000000	0.000000	0.000000	0.000000	0.000000	0.000000	0.000000	0.000000	0.000000	0.000000	0.000000	0.000000	0.000000	0.000000	0.000000	0.000000	0.000000	0.000000	0.000000	0.000000	0.000000	0.000000	0.000000	0.000000	0.000000	0.000000	0.000000	0.000000	0.000000	0.000000	0.000000	0.000000	0.000000	0.000000	0.000000	0.000000	0.000000	0.000000	0.000000	0.000000	0.000000	0.000000	0.000000	0.000000	0.000000	0.000000	0.003173	0.000000	0.000000	0.000000	0.000000	0.000000	0.000000	0.000000	0.000000	0.000000	0.000000	0.000000	0.000000	0.000000	0.000000	0.000000	0.000000	0.000000	0.000000	0.000000	0.000000	0.000000	0.000000	0.000000	0.000000	0.000000	0.000000	0.000000	0.000000	0.000000	0.000000	0.000000	0.000000	0.000000	0.000000	0.000000	0.000000	0.000000	0.000000	0.000000	0.000000	0.000000	0.000000	0.000000	0.000000	0.000000	0.000000	0.000000	0.000000	0.010650	0.000000	0.000000	0.000000	0.000000	0.000000	0.000000	0.000000	0.004674	0.000000	0.000000	0.000000	0.000000	0.000000	0.000000	0.000000	0.000000	0.000000	0.000000	0.000000	0.000000	0.000000	0.000000	0.000000	0.000000	0.000000	0.004114	0.000000	0.000000	0.000000	0.000000	0.000000	0.000000	0.000000	0.000000	0.858907	0.063350	0.005795	0.000000	0.000000	0.000000	0.000000	0.000000	0.000000	0.007097	0.000000	0.000000	0.000000	0.000000	0.000000	0.000000	0.000000	0.000000	0.000000	0.000000	0.000000	0.000000
SRR5899017	0.000000	0.014546	0.000000	0.000000	0.000000	0.000000	0.000000	0.000000	0.000000	0.005450	0.000000	0.000000	0.000000	0.000000	0.000000	0.000000	0.026138	0.000000	0.000000	0.000000	0.000000	0.000000	0.000000	0.000000	0.000000	0.000000	0.000000	0.000000	0.000000	0.000000	0.000000	0.000000	0.062273	0.000000	0.000000	0.025226	0.002725	0.000000	0.000000	0.000000	0.000000	0.000000	0.000000	0.000000	0.000000	0.000000	0.000000	0.000000	0.000000	0.000000	0.000000	0.000000	0.000000	0.000000	0.000000	0.007043	0.000000	0.000000	0.000000	0.000000	0.148410	0.000000	0.000000	0.000000	0.000000	0.000000	0.000000	0.000000	0.000000	0.000000	0.000000	0.000000	0.000000	0.000000	0.000000	0.000000	0.000000	0.000000	0.088411	0.000000	0.000000	0.000000	0.000000	0.000000	0.000000	0.015458	0.000000	0.000000	0.000000	0.000000	0.000000	0.000000	0.000000	0.000000	0.000000	0.000000	0.000000	0.011591	0.000000	0.000000	0.000000	0.000000	0.000000	0.000000	0.000000	0.000000	0.000000	0.046595	0.000000	0.030225	0.000000	0.000000	0.000000	0.000000	0.000000	0.006592	0.000000	0.000000	0.000000	0.000000	0.000000	0.000000	0.000000	0.000000	0.000000	0.077271	0.000000	0.000000	0.000000	0.000000	0.000000	0.000000	0.000000	0.020908	0.000000	0.000000	0.000000	0.000000	0.000000	0.000000	0.000000	0.000000	0.407051	0.000000	0.000000	0.000000	0.000000	0.000000	0.000000	0.000000	0.000000	0.000000	0.004087	0.000000	0.000000	0.000000	0.000000	0.000000	0.000000	0.000000	0.000000	0.000000	0.000000	0.000000
SRR5898966	0.000000	0.004083	0.000000	0.000000	0.000000	0.000000	0.000000	0.000000	0.000000	0.000000	0.000000	0.000000	0.000000	0.000000	0.000000	0.000000	0.000000	0.000000	0.000000	0.000000	0.000000	0.000000	0.000000	0.000000	0.000000	0.000000	0.000000	0.000000	0.000000	0.000000	0.000000	0.000000	0.000000	0.000000	0.000000	0.000000	0.000000	0.000000	0.000000	0.000000	0.000000	0.000000	0.000000	0.000000	0.000000	0.000000	0.000000	0.000000	0.000000	0.000000	0.000000	0.000000	0.000000	0.000000	0.000000	0.000000	0.000000	0.000000	0.000000	0.000000	0.000000	0.000000	0.000000	0.000000	0.000000	0.000000	0.000000	0.000000	0.000000	0.000000	0.000000	0.000000	0.000000	0.000000	0.000000	0.000000	0.000000	0.000000	0.009316	0.000000	0.000000	0.000000	0.000000	0.000000	0.000000	0.000000	0.000000	0.000000	0.000000	0.000000	0.000000	0.000000	0.000000	0.000000	0.000000	0.000000	0.000000	0.000000	0.000000	0.000000	0.000000	0.000000	0.000000	0.000000	0.000000	0.000000	0.000000	0.020103	0.000000	0.000000	0.000000	0.000000	0.000000	0.000000	0.000000	0.000000	0.000000	0.000000	0.000000	0.000000	0.000000	0.000000	0.000000	0.000000	0.000000	0.000000	0.000000	0.000000	0.000000	0.000000	0.000000	0.000000	0.000000	0.016021	0.000000	0.000000	0.000000	0.000000	0.000000	0.000000	0.000000	0.000000	0.906999	0.043479	0.000000	0.000000	0.000000	0.000000	0.000000	0.000000	0.000000	0.000000	0.000000	0.000000	0.000000	0.000000	0.000000	0.000000	0.000000	0.000000	0.000000	0.000000	0.000000	0.000000
SRR5898984	0.000000	0.000000	0.000000	0.000000	0.000000	0.000000	0.000000	0.000000	0.000000	0.002742	0.000000	0.000000	0.000000	0.000000	0.000000	0.000000	0.000000	0.000000	0.000000	0.000000	0.000000	0.000000	0.000000	0.000000	0.000000	0.000000	0.000000	0.000000	0.000000	0.000000	0.000000	0.000000	0.000000	0.000000	0.000000	0.000000	0.000000	0.000000	0.000000	0.000000	0.000000	0.000000	0.000000	0.000000	0.000000	0.000000	0.000000	0.000000	0.000000	0.000000	0.000000	0.000000	0.000000	0.000000	0.000000	0.000000	0.000000	0.000000	0.000000	0.000000	0.000000	0.000000	0.000000	0.018632	0.000000	0.000000	0.000000	0.000000	0.000000	0.000000	0.000000	0.000000	0.000000	0.000000	0.000000	0.000000	0.000000	0.000000	0.021785	0.000000	0.000000	0.000000	0.000000	0.000000	0.000000	0.000000	0.000000	0.000000	0.000000	0.000000	0.000000	0.000000	0.000000	0.000000	0.000000	0.000000	0.000000	0.000000	0.000000	0.000000	0.000000	0.000000	0.000000	0.000000	0.000000	0.000000	0.000000	0.008636	0.000000	0.000000	0.000000	0.000000	0.000000	0.000000	0.000000	0.000000	0.000000	0.000000	0.000000	0.000000	0.000000	0.000000	0.000000	0.000000	0.000000	0.000000	0.000000	0.000000	0.000000	0.000000	0.000000	0.000000	0.000000	0.029600	0.003702	0.000000	0.000000	0.000000	0.000000	0.000000	0.000000	0.000000	0.903115	0.000000	0.011788	0.000000	0.000000	0.000000	0.000000	0.000000	0.000000	0.000000	0.000000	0.000000	0.000000	0.000000	0.000000	0.000000	0.000000	0.000000	0.000000	0.000000	0.000000	0.000000
SRR5898985	0.000000	0.064233	0.000000	0.001914	0.000000	0.000000	0.000000	0.005913	0.000000	0.000000	0.000000	0.000000	0.000000	0.000000	0.000000	0.000000	0.016617	0.000000	0.000000	0.000000	0.000000	0.054331	0.000000	0.000000	0.000000	0.023973	0.009591	0.000000	0.004310	0.054812	0.000000	0.000000	0.029245	0.000000	0.000000	0.005111	0.000000	0.004951	0.000000	0.000000	0.000000	0.000000	0.028604	0.000000	0.000000	0.000000	0.000000	0.000000	0.000000	0.000000	0.000000	0.000000	0.000000	0.000000	0.003518	0.011506	0.000000	0.000000	0.007186	0.000000	0.003037	0.000000	0.000000	0.000000	0.003197	0.009912	0.000000	0.000000	0.000000	0.000000	0.000000	0.000000	0.000000	0.000000	0.000000	0.000000	0.000000	0.002395	0.037073	0.000000	0.000000	0.000000	0.000000	0.000000	0.000000	0.016296	0.009591	0.000000	0.000000	0.000000	0.000000	0.000000	0.000000	0.000000	0.000000	0.000000	0.000000	0.002075	0.000000	0.000000	0.000000	0.000000	0.000000	0.000000	0.000000	0.000000	0.000000	0.000000	0.000000	0.000000	0.000000	0.000000	0.000000	0.000000	0.000000	0.000000	0.000000	0.000000	0.000000	0.000000	0.000000	0.000000	0.000000	0.000000	0.000000	0.056887	0.000000	0.000000	0.000000	0.000000	0.000000	0.000000	0.000000	0.024134	0.000000	0.021889	0.000000	0.000000	0.000000	0.000000	0.000000	0.000000	0.279644	0.195747	0.005753	0.000000	0.000000	0.000000	0.000000	0.000000	0.000000	0.000000	0.000000	0.000000	0.000000	0.000000	0.000000	0.000000	0.006555	0.000000	0.000000	0.000000	0.000000	0.000000
SRR5898986	0.000000	0.000000	0.000000	0.000000	0.000000	0.000000	0.000000	0.000000	0.000000	0.000000	0.000000	0.000000	0.000000	0.000000	0.000000	0.000000	0.000000	0.000000	0.000000	0.000000	0.000000	0.000000	0.000000	0.000000	0.000000	0.000000	0.000000	0.000000	0.000000	0.000000	0.000000	0.000000	0.006823	0.000000	0.000000	0.000000	0.000000	0.000000	0.000000	0.000000	0.000000	0.000000	0.000000	0.000000	0.000000	0.000000	0.000000	0.000000	0.000000	0.000000	0.000000	0.000000	0.000000	0.000000	0.000000	0.000000	0.000000	0.000000	0.000000	0.000000	0.000000	0.000000	0.002671	0.067277	0.000000	0.000000	0.000000	0.000000	0.000000	0.000000	0.000000	0.000000	0.000000	0.000000	0.000000	0.000000	0.000000	0.000000	0.066337	0.000000	0.000000	0.000000	0.000000	0.000000	0.000000	0.000000	0.000000	0.000000	0.000000	0.000000	0.000000	0.000000	0.000000	0.000000	0.000000	0.000000	0.000000	0.007223	0.000000	0.000000	0.000000	0.000000	0.000000	0.000000	0.000000	0.000000	0.000000	0.023139	0.000000	0.000000	0.000000	0.000000	0.000000	0.000000	0.000000	0.000000	0.000000	0.000000	0.000000	0.000000	0.000000	0.000000	0.000000	0.000000	0.000000	0.000000	0.000000	0.000000	0.000000	0.000000	0.000000	0.000000	0.000000	0.000000	0.000000	0.000000	0.000000	0.000000	0.000000	0.000000	0.000000	0.000000	0.822389	0.000000	0.000000	0.000000	0.000000	0.000000	0.000000	0.000000	0.000000	0.004142	0.000000	0.000000	0.000000	0.000000	0.000000	0.000000	0.000000	0.000000	0.000000	0.000000	0.000000	0.000000
SRR5898987	0.000000	0.000000	0.026549	0.000000	0.000000	0.000000	0.000000	0.000000	0.006076	0.000000	0.000000	0.045198	0.000000	0.000000	0.000000	0.000000	0.067085	0.000000	0.000000	0.000000	0.000000	0.000000	0.000000	0.000000	0.000000	0.000000	0.000000	0.000000	0.007700	0.024323	0.000000	0.000000	0.000000	0.000000	0.038912	0.011550	0.005274	0.000000	0.000000	0.000000	0.000000	0.000000	0.000000	0.000000	0.000000	0.000000	0.000000	0.000000	0.000000	0.000000	0.000000	0.000000	0.000000	0.000000	0.000000	0.000000	0.000000	0.000000	0.000000	0.008111	0.000000	0.000000	0.002436	0.076810	0.000000	0.000000	0.003449	0.000000	0.000000	0.000000	0.000000	0.000000	0.000000	0.000000	0.000000	0.000000	0.000000	0.000000	0.000000	0.000000	0.000000	0.009725	0.000000	0.000000	0.000000	0.008512	0.000000	0.000000	0.003850	0.000000	0.000000	0.000000	0.000000	0.000000	0.000000	0.000000	0.000000	0.000000	0.000000	0.000000	0.000000	0.000000	0.000000	0.000000	0.000000	0.000000	0.000000	0.006286	0.000000	0.000000	0.000000	0.000000	0.000000	0.031613	0.000000	0.016623	0.012162	0.006286	0.002837	0.000000	0.000000	0.000000	0.000000	0.000000	0.030199	0.443247	0.000000	0.000000	0.000000	0.000000	0.000000	0.000000	0.000000	0.000000	0.000000	0.000000	0.000000	0.000000	0.000000	0.000000	0.000000	0.013174	0.033437	0.000000	0.000000	0.000000	0.000000	0.000000	0.000000	0.000000	0.000000	0.000000	0.000000	0.000000	0.000000	0.000000	0.000000	0.000000	0.009324	0.037287	0.011961	0.000000	0.000000	0.000000
SRR5898980	0.000000	0.011851	0.024002	0.000000	0.033509	0.007754	0.000000	0.000000	0.019905	0.064093	0.000000	0.000000	0.000000	0.000000	0.000000	0.000000	0.018432	0.000000	0.000000	0.000000	0.000000	0.000000	0.000000	0.000000	0.000000	0.000000	0.000000	0.068771	0.003807	0.358801	0.019605	0.014045	0.076675	0.000000	0.000000	0.000000	0.000000	0.000000	0.000000	0.000000	0.000000	0.000000	0.000000	0.000000	0.000000	0.000000	0.000000	0.000000	0.000000	0.000000	0.000000	0.000000	0.000000	0.000000	0.000000	0.000000	0.000000	0.000000	0.000000	0.000000	0.000000	0.000000	0.000000	0.018432	0.000000	0.000000	0.000000	0.000000	0.000000	0.000000	0.000000	0.000000	0.000000	0.000000	0.000000	0.000000	0.000000	0.000000	0.027949	0.000000	0.000000	0.000000	0.000000	0.000000	0.000000	0.000000	0.000000	0.000000	0.000000	0.000000	0.000000	0.000000	0.000000	0.000000	0.000000	0.000000	0.000000	0.000000	0.000000	0.000000	0.000000	0.000000	0.000000	0.000000	0.000000	0.003366	0.000000	0.069653	0.000000	0.000000	0.000000	0.001753	0.000000	0.000000	0.000000	0.000000	0.000000	0.000000	0.000000	0.000000	0.000000	0.000000	0.000000	0.000000	0.061608	0.043166	0.000000	0.000000	0.000000	0.000000	0.000000	0.000000	0.000000	0.017561	0.003366	0.000000	0.000000	0.015217	0.000000	0.000000	0.000000	0.000000	0.000000	0.000000	0.010388	0.000000	0.000000	0.000000	0.000000	0.000000	0.000000	0.000000	0.000000	0.000000	0.000000	0.000000	0.000000	0.000000	0.000000	0.006291	0.000000	0.000000	0.000000	0.000000
SRR5898981	0.000000	0.025533	0.000000	0.000000	0.000000	0.000000	0.000000	0.000000	0.000000	0.000000	0.000000	0.000000	0.000000	0.003113	0.000000	0.000000	0.000000	0.000000	0.000000	0.000000	0.000000	0.000000	0.000000	0.000000	0.000000	0.000000	0.000000	0.000000	0.000000	0.000000	0.000000	0.000000	0.000000	0.000000	0.000000	0.000000	0.000000	0.000000	0.000000	0.000000	0.000000	0.000000	0.000000	0.000000	0.000000	0.000000	0.000000	0.000000	0.000000	0.000000	0.000000	0.000000	0.000000	0.000000	0.000000	0.000000	0.000000	0.000000	0.000000	0.000000	0.000000	0.000000	0.000000	0.000000	0.000000	0.007767	0.000000	0.000000	0.000000	0.000000	0.000000	0.000000	0.000000	0.000000	0.000000	0.000000	0.000000	0.000000	0.000000	0.000000	0.000000	0.000000	0.000000	0.000000	0.000000	0.000000	0.000000	0.000000	0.000000	0.000000	0.000000	0.000000	0.000000	0.000000	0.000000	0.000000	0.000000	0.000000	0.000000	0.000000	0.000000	0.000000	0.000000	0.000000	0.000000	0.000000	0.000000	0.004444	0.000000	0.023091	0.000000	0.005995	0.000000	0.000000	0.000000	0.000000	0.000000	0.000000	0.000000	0.000000	0.000000	0.000000	0.000000	0.000000	0.000000	0.058832	0.000000	0.000000	0.000000	0.000000	0.000000	0.000000	0.000000	0.007106	0.014873	0.007547	0.000000	0.000000	0.000000	0.000000	0.000000	0.000000	0.350352	0.000000	0.491347	0.000000	0.000000	0.000000	0.000000	0.000000	0.000000	0.000000	0.000000	0.000000	0.000000	0.000000	0.000000	0.000000	0.000000	0.000000	0.000000	0.000000	0.000000	0.000000
SRR5898982	0.000000	0.026766	0.000000	0.000000	0.000000	0.000000	0.000000	0.000000	0.000000	0.000000	0.000000	0.000000	0.000000	0.000000	0.000000	0.000000	0.000000	0.000000	0.000000	0.000000	0.000000	0.000000	0.000000	0.000000	0.000000	0.000000	0.000000	0.000000	0.000000	0.000000	0.000000	0.000000	0.000000	0.000000	0.000000	0.000000	0.000000	0.000000	0.000000	0.000000	0.000000	0.000000	0.000000	0.000000	0.000000	0.000000	0.000000	0.000000	0.000000	0.000000	0.000000	0.000000	0.000000	0.000000	0.000000	0.000000	0.000000	0.000000	0.000000	0.000000	0.000000	0.000000	0.000000	0.000000	0.000000	0.000000	0.000000	0.000000	0.000000	0.000000	0.000000	0.000000	0.000000	0.000000	0.000000	0.000000	0.074494	0.000000	0.000000	0.000000	0.000000	0.000000	0.000000	0.000000	0.000000	0.000000	0.000000	0.000000	0.000000	0.000000	0.000000	0.000000	0.000000	0.000000	0.000000	0.000000	0.000000	0.000000	0.000000	0.000000	0.000000	0.000000	0.000000	0.000000	0.000000	0.000000	0.000000	0.000000	0.000000	0.000000	0.000000	0.000000	0.000000	0.000000	0.000000	0.000000	0.000000	0.000000	0.000000	0.000000	0.000000	0.000000	0.000000	0.000000	0.000000	0.000000	0.000000	0.000000	0.000000	0.000000	0.000000	0.000000	0.000000	0.000000	0.000000	0.000000	0.000000	0.000000	0.000000	0.000000	0.000000	0.000000	0.815251	0.051931	0.012187	0.000000	0.000000	0.000000	0.000000	0.000000	0.000000	0.000000	0.000000	0.000000	0.000000	0.000000	0.000000	0.000000	0.000000	0.019371	0.000000	0.000000	0.000000	0.000000
SRR5898983	0.023683	0.000000	0.000000	0.000000	0.000000	0.000000	0.000000	0.000000	0.000000	0.000000	0.000000	0.000000	0.000000	0.000000	0.000000	0.000000	0.000000	0.000000	0.000000	0.000000	0.000000	0.000000	0.000000	0.000000	0.000000	0.000000	0.000000	0.000000	0.000000	0.000000	0.000000	0.000000	0.068408	0.000000	0.000000	0.013518	0.000000	0.000000	0.000000	0.000000	0.000000	0.000000	0.000000	0.000000	0.000000	0.000000	0.000000	0.000000	0.000000	0.000000	0.000000	0.000000	0.000000	0.000000	0.000000	0.000000	0.000000	0.000000	0.000000	0.000000	0.000000	0.000000	0.000000	0.030657	0.000000	0.000000	0.000000	0.000000	0.000000	0.000000	0.000000	0.000000	0.000000	0.000000	0.000000	0.000000	0.000000	0.000000	0.000000	0.000000	0.000000	0.000000	0.000000	0.000000	0.000000	0.000000	0.000000	0.000000	0.000000	0.000000	0.000000	0.000000	0.000000	0.000000	0.000000	0.000000	0.000000	0.049047	0.000000	0.000000	0.000000	0.000000	0.000000	0.000000	0.000000	0.086248	0.000000	0.718682	0.000000	0.000000	0.000000	0.000000	0.000000	0.000000	0.000000	0.000000	0.000000	0.000000	0.000000	0.000000	0.000000	0.000000	0.000000	0.000000	0.000000	0.000000	0.000000	0.000000	0.000000	0.000000	0.000000	0.000000	0.000000	0.009755	0.000000	0.000000	0.000000	0.000000	0.000000	0.000000	0.000000	0.000000	0.000000	0.000000	0.000000	0.000000	0.000000	0.000000	0.000000	0.000000	0.000000	0.000000	0.000000	0.000000	0.000000	0.000000	0.000000	0.000000	0.000000	0.000000	0.000000	0.000000	0.000000	0.000000
SRR5898978	0.000000	0.000000	0.000000	0.000000	0.000000	0.000000	0.000000	0.000000	0.000000	0.000000	0.000000	0.000000	0.000000	0.000000	0.000000	0.000000	0.000000	0.000000	0.000000	0.000000	0.000000	0.000000	0.000000	0.000000	0.000000	0.000000	0.000000	0.000000	0.000000	0.000000	0.000000	0.000000	0.000000	0.000000	0.000000	0.000000	0.000000	0.000000	0.000000	0.000000	0.000000	0.000000	0.000000	0.000000	0.000000	0.000000	0.000000	0.000000	0.000000	0.000000	0.000000	0.000000	0.000000	0.000000	0.000000	0.004801	0.000000	0.000000	0.000000	0.000000	0.000000	0.000000	0.011003	0.314427	0.000000	0.000000	0.000000	0.000000	0.000000	0.000000	0.000000	0.000000	0.000000	0.000000	0.000000	0.000000	0.000000	0.000000	0.050366	0.000000	0.000000	0.000000	0.000000	0.000000	0.000000	0.000000	0.000000	0.000000	0.000000	0.000000	0.000000	0.000000	0.000000	0.000000	0.000000	0.000000	0.000000	0.000000	0.000000	0.000000	0.000000	0.000000	0.000000	0.000000	0.002321	0.003871	0.000000	0.036731	0.000000	0.000000	0.000000	0.000000	0.000000	0.000000	0.000000	0.000000	0.000000	0.000000	0.000000	0.000000	0.000000	0.000000	0.000000	0.000000	0.000000	0.000000	0.000000	0.000000	0.000000	0.000000	0.000000	0.000000	0.000000	0.000000	0.000000	0.000000	0.000000	0.000000	0.000000	0.000000	0.000000	0.000000	0.576479	0.000000	0.000000	0.000000	0.000000	0.000000	0.000000	0.000000	0.000000	0.000000	0.000000	0.000000	0.000000	0.000000	0.000000	0.000000	0.000000	0.000000	0.000000	0.000000	0.000000	0.000000
SRR5898979	0.000000	0.000000	0.000000	0.000000	0.000000	0.000000	0.000000	0.000000	0.000000	0.000000	0.000000	0.000000	0.000000	0.000000	0.000000	0.000000	0.000000	0.000000	0.000000	0.000000	0.000000	0.000000	0.000000	0.000000	0.000000	0.000000	0.000000	0.000000	0.000000	0.000000	0.000000	0.000000	0.000000	0.000000	0.000000	0.000000	0.000000	0.000000	0.000000	0.000000	0.000000	0.000000	0.000000	0.000000	0.000000	0.000000	0.000000	0.000000	0.000000	0.000000	0.000000	0.000000	0.000000	0.000000	0.000000	0.000000	0.000000	0.000000	0.000000	0.000000	0.000000	0.000000	0.000000	0.061254	0.000000	0.000000	0.000000	0.000000	0.000000	0.000000	0.000000	0.000000	0.000000	0.000000	0.000000	0.000000	0.000000	0.000000	0.066567	0.000000	0.000000	0.000000	0.000000	0.000000	0.000000	0.000000	0.000000	0.000000	0.000000	0.000000	0.000000	0.000000	0.000000	0.000000	0.000000	0.000000	0.000000	0.009525	0.000000	0.000000	0.000000	0.000000	0.000000	0.000000	0.000000	0.000000	0.000000	0.024363	0.000000	0.000000	0.000000	0.000000	0.000000	0.000000	0.000000	0.000000	0.000000	0.000000	0.000000	0.000000	0.000000	0.000000	0.000000	0.000000	0.000000	0.000000	0.000000	0.000000	0.000000	0.000000	0.000000	0.000000	0.000000	0.002591	0.000000	0.000000	0.000000	0.000000	0.000000	0.000000	0.000000	0.000000	0.828896	0.002992	0.000000	0.000000	0.000000	0.000000	0.000000	0.000000	0.000000	0.003812	0.000000	0.000000	0.000000	0.000000	0.000000	0.000000	0.000000	0.000000	0.000000	0.000000	0.000000	0.000000
SRR5898954	0.000000	0.015392	0.000000	0.000000	0.000000	0.005956	0.000000	0.000000	0.000000	0.026824	0.000000	0.007942	0.000000	0.000000	0.000000	0.000000	0.012665	0.000000	0.000000	0.000000	0.000000	0.123169	0.000000	0.000000	0.000000	0.036500	0.000000	0.005956	0.000000	0.022843	0.015894	0.000000	0.000000	0.000000	0.000000	0.000000	0.000000	0.000000	0.000000	0.000000	0.000000	0.000000	0.000000	0.000000	0.012163	0.000000	0.000000	0.000000	0.000000	0.000000	0.000000	0.000000	0.000000	0.000000	0.000000	0.000000	0.000000	0.000000	0.005956	0.000000	0.006207	0.000000	0.000000	0.000000	0.000000	0.000000	0.000000	0.000000	0.000000	0.000000	0.000000	0.000000	0.000000	0.000000	0.000000	0.148258	0.000000	0.000000	0.000000	0.000000	0.000000	0.000000	0.000000	0.007200	0.000000	0.002487	0.000000	0.000000	0.000000	0.000000	0.000000	0.000000	0.000000	0.000000	0.000000	0.000000	0.000000	0.000000	0.000000	0.000000	0.000000	0.000000	0.000000	0.000000	0.000000	0.000000	0.000000	0.000000	0.000000	0.000000	0.000000	0.000000	0.000000	0.000000	0.000000	0.020607	0.000000	0.000000	0.000000	0.000000	0.000000	0.000000	0.000000	0.000000	0.012665	0.062582	0.000000	0.000000	0.000000	0.000000	0.000000	0.000000	0.000000	0.000000	0.000000	0.000000	0.000000	0.000000	0.022101	0.000000	0.000000	0.000000	0.354365	0.000000	0.000000	0.072269	0.000000	0.000000	0.000000	0.000000	0.000000	0.000000	0.000000	0.000000	0.000000	0.000000	0.000000	0.000000	0.000000	0.000000	0.000000	0.000000	0.000000	0.000000
SRR5898950	0.000000	0.019822	0.000000	0.000000	0.000000	0.000000	0.000000	0.000000	0.004379	0.000000	0.000000	0.000000	0.000000	0.000000	0.000000	0.000000	0.005712	0.000000	0.000000	0.000000	0.000000	0.000000	0.000000	0.000000	0.000000	0.000000	0.000000	0.000000	0.000000	0.029723	0.000000	0.000000	0.050877	0.000000	0.000000	0.020203	0.001904	0.000000	0.000000	0.000000	0.000000	0.000000	0.003808	0.000000	0.000000	0.000000	0.000000	0.000000	0.000000	0.000000	0.000000	0.000000	0.000000	0.000000	0.000000	0.000000	0.000000	0.000000	0.003427	0.000000	0.129002	0.000000	0.000000	0.000000	0.000000	0.000000	0.002285	0.000000	0.000000	0.000000	0.000000	0.000000	0.000000	0.000000	0.000000	0.000000	0.000000	0.000000	0.072794	0.000000	0.000000	0.000000	0.000000	0.000000	0.000000	0.017146	0.000000	0.000000	0.000000	0.000000	0.000000	0.000000	0.000000	0.000000	0.000000	0.000000	0.000000	0.009911	0.000000	0.000000	0.000000	0.000000	0.000000	0.000000	0.000000	0.000000	0.000000	0.035064	0.000000	0.026867	0.000000	0.000000	0.000000	0.000000	0.000000	0.005902	0.000000	0.000000	0.000000	0.000000	0.000000	0.000000	0.000000	0.000000	0.000000	0.088226	0.000000	0.000000	0.000000	0.000000	0.000000	0.000000	0.000000	0.019441	0.000000	0.000000	0.000000	0.000000	0.000000	0.000000	0.000000	0.000000	0.445129	0.000000	0.004570	0.000000	0.000000	0.000000	0.000000	0.000000	0.000000	0.000000	0.003808	0.000000	0.000000	0.000000	0.000000	0.000000	0.000000	0.000000	0.000000	0.000000	0.000000	0.000000
SRR5898948	0.000000	0.003472	0.000000	0.000000	0.006854	0.027306	0.000000	0.001231	0.005934	0.056033	0.000000	0.000000	0.000000	0.000000	0.000000	0.000000	0.028637	0.000000	0.000000	0.000000	0.000000	0.000000	0.000000	0.000000	0.000000	0.382446	0.000000	0.000000	0.014008	0.253089	0.010226	0.000000	0.000000	0.000000	0.000000	0.010946	0.000000	0.000000	0.000000	0.000000	0.000000	0.000000	0.000000	0.000000	0.000000	0.000000	0.000000	0.000000	0.000000	0.000000	0.000000	0.000000	0.000000	0.000000	0.000000	0.000000	0.000000	0.000000	0.000000	0.000000	0.000000	0.000000	0.000000	0.000000	0.000000	0.000000	0.000000	0.000000	0.000000	0.000000	0.000000	0.000000	0.000000	0.000000	0.000000	0.000000	0.000000	0.000000	0.034460	0.000000	0.000000	0.000000	0.000000	0.000000	0.000000	0.000000	0.000000	0.000000	0.000000	0.000000	0.000000	0.000000	0.000000	0.000000	0.000000	0.000000	0.000000	0.000000	0.000000	0.000000	0.000000	0.000000	0.000000	0.000000	0.000000	0.000000	0.000000	0.000000	0.000000	0.000000	0.000000	0.005523	0.000000	0.000000	0.000000	0.000000	0.002862	0.000000	0.000000	0.000000	0.000000	0.001741	0.000000	0.000000	0.155232	0.000000	0.000000	0.000000	0.000000	0.000000	0.000000	0.000000	0.000000	0.000000	0.000000	0.000000	0.000000	0.000000	0.000000	0.000000	0.000000	0.000000	0.000000	0.000000	0.000000	0.000000	0.000000	0.000000	0.000000	0.000000	0.000000	0.000000	0.000000	0.000000	0.000000	0.000000	0.000000	0.000000	0.000000	0.000000	0.000000	0.000000	0.000000	0.000000
SRR5899005	0.000000	0.015628	0.000000	0.000000	0.000000	0.000000	0.000000	0.000000	0.000000	0.000000	0.000000	0.000000	0.000000	0.000000	0.000000	0.000000	0.000000	0.000000	0.000000	0.000000	0.000000	0.000000	0.000000	0.000000	0.000000	0.000000	0.000000	0.000000	0.000000	0.000000	0.000000	0.000000	0.000000	0.000000	0.000000	0.000000	0.000000	0.000000	0.000000	0.000000	0.000000	0.000000	0.000000	0.000000	0.000000	0.000000	0.000000	0.000000	0.000000	0.000000	0.000000	0.000000	0.000000	0.000000	0.000000	0.000000	0.000000	0.000000	0.000000	0.000000	0.000000	0.000000	0.000000	0.000000	0.000000	0.000000	0.004195	0.000000	0.000000	0.000000	0.000000	0.000000	0.000000	0.000000	0.000000	0.000000	0.000000	0.000000	0.000000	0.000000	0.000000	0.000000	0.000000	0.000000	0.000000	0.004004	0.000000	0.000000	0.000000	0.000000	0.000000	0.000000	0.000000	0.004385	0.000000	0.000000	0.000000	0.004765	0.000000	0.000000	0.000000	0.000000	0.000000	0.000000	0.000000	0.000000	0.000000	0.014296	0.000000	0.008009	0.000000	0.000000	0.000000	0.000000	0.000000	0.000000	0.000000	0.000000	0.000000	0.000000	0.000000	0.000000	0.000000	0.000000	0.000000	0.000000	0.000000	0.000000	0.000000	0.000000	0.000000	0.000000	0.000000	0.068797	0.000000	0.000000	0.000000	0.000000	0.000000	0.000000	0.000000	0.000000	0.622247	0.184677	0.003814	0.000000	0.000000	0.000000	0.000000	0.000000	0.000000	0.000000	0.000000	0.000000	0.065183	0.000000	0.000000	0.000000	0.000000	0.000000	0.000000	0.000000	0.000000	0.000000
SRR5899007	0.000000	0.002822	0.000000	0.000000	0.000000	0.000000	0.000000	0.000000	0.000000	0.012850	0.000000	0.000000	0.000000	0.000000	0.000000	0.000000	0.058846	0.000000	0.000000	0.000000	0.000000	0.000000	0.000000	0.000000	0.000000	0.000000	0.000000	0.000000	0.000000	0.000000	0.000000	0.000000	0.000000	0.000000	0.000000	0.000000	0.000000	0.000000	0.000000	0.000000	0.000000	0.000000	0.000000	0.000000	0.000000	0.000000	0.000000	0.000000	0.000000	0.000000	0.000000	0.000000	0.000000	0.000000	0.000000	0.000000	0.000000	0.000000	0.002702	0.000000	0.012400	0.000000	0.000000	0.000000	0.000000	0.000000	0.000000	0.000000	0.000000	0.000000	0.000000	0.000000	0.000000	0.000000	0.000000	0.000000	0.000000	0.000000	0.000000	0.000000	0.000000	0.000000	0.000000	0.000000	0.000000	0.000000	0.000000	0.000000	0.000000	0.000000	0.000000	0.000000	0.000000	0.000000	0.000000	0.000000	0.000000	0.000000	0.000000	0.000000	0.000000	0.000000	0.000000	0.000000	0.038560	0.000000	0.000000	0.007436	0.000000	0.000000	0.000000	0.001922	0.000000	0.000000	0.000000	0.005634	0.000000	0.000000	0.000000	0.000000	0.000000	0.002932	0.000000	0.000000	0.000000	0.039681	0.000000	0.000000	0.000000	0.000000	0.000000	0.000000	0.000000	0.003383	0.000000	0.000000	0.000000	0.000000	0.000000	0.000000	0.000000	0.000000	0.808008	0.002822	0.000000	0.000000	0.000000	0.000000	0.000000	0.000000	0.000000	0.000000	0.000000	0.000000	0.000000	0.000000	0.000000	0.000000	0.000000	0.000000	0.000000	0.000000	0.000000	0.000000
SRR5899006	0.000000	0.017305	0.000000	0.000000	0.000000	0.000000	0.000000	0.000000	0.000000	0.000000	0.000000	0.000000	0.000000	0.000000	0.000000	0.000000	0.000000	0.000000	0.000000	0.000000	0.000000	0.000000	0.000000	0.000000	0.000000	0.000000	0.000000	0.000000	0.000000	0.000000	0.000000	0.000000	0.000000	0.000000	0.000000	0.000000	0.000000	0.000000	0.000000	0.000000	0.000000	0.000000	0.000000	0.000000	0.000000	0.000000	0.000000	0.000000	0.000000	0.000000	0.000000	0.000000	0.000000	0.000000	0.000000	0.000000	0.000000	0.000000	0.000000	0.002202	0.000000	0.000000	0.000000	0.000000	0.000000	0.000000	0.000000	0.000000	0.000000	0.000000	0.000000	0.000000	0.000000	0.000000	0.000000	0.000000	0.004584	0.000000	0.000000	0.000000	0.000000	0.000000	0.000000	0.000000	0.000000	0.005765	0.000000	0.000000	0.000000	0.000000	0.000000	0.000000	0.000000	0.000000	0.000000	0.000000	0.000000	0.000000	0.000000	0.000000	0.000000	0.000000	0.000000	0.000000	0.000000	0.047330	0.000000	0.000000	0.000000	0.017134	0.000000	0.000000	0.000000	0.000000	0.000000	0.000000	0.000000	0.000000	0.000000	0.000000	0.000000	0.000000	0.000000	0.000000	0.000000	0.013061	0.000000	0.000000	0.000000	0.000000	0.000000	0.000000	0.000000	0.000000	0.000000	0.000000	0.000000	0.000000	0.000000	0.000000	0.000000	0.000000	0.753513	0.131300	0.007807	0.000000	0.000000	0.000000	0.000000	0.000000	0.000000	0.000000	0.000000	0.000000	0.000000	0.000000	0.000000	0.000000	0.000000	0.000000	0.000000	0.000000	0.000000	0.000000
