	Actinomycetes	Bacilli	Bacteroidia	Betaproteobacteria	Caudoviricetes	Clostridia	Coriobacteriia	Desulfovibrionia	Epsilonproteobacteria	Erysipelotrichia	Fusobacteriia	Gammaproteobacteria	Mammalia	Methanobacteria	Negativicutes	Spirochaetia	Synergistia	Tissierellia	Verrucomicrobiia
SRR8865598	0.016624	0.002391	0.579407	0.000000	0.000000	0.118086	0.000000	0.000000	0.000000	0.000000	0.000000	0.201914	0.055882	0.000000	0.025696	0.000000	0.000000	0.000000	0.000000
SRR8865599	0.014986	0.092768	0.093718	0.000000	0.009514	0.123851	0.006183	0.000000	0.000000	0.000000	0.000000	0.591743	0.000000	0.000000	0.067238	0.000000	0.000000	0.000000	0.000000
SRR8865600	0.000000	0.006914	0.475394	0.000000	0.002732	0.088457	0.000000	0.000000	0.000000	0.000000	0.000000	0.383726	0.000000	0.000000	0.031520	0.000000	0.000000	0.011257	0.000000
SRR8865601	0.011743	0.012663	0.201214	0.000000	0.001710	0.087284	0.001780	0.000000	0.000000	0.002241	0.000000	0.595931	0.000000	0.000000	0.085433	0.000000	0.000000	0.000000	0.000000
SRR8865594	0.015826	0.002721	0.057863	0.000000	0.000000	0.109104	0.000000	0.003111	0.000000	0.000000	0.000000	0.793337	0.000000	0.000000	0.018037	0.000000	0.000000	0.000000	0.000000
SRR8865595	0.001931	0.004131	0.849478	0.003671	0.001280	0.033960	0.000000	0.000000	0.000000	0.000000	0.000000	0.105550	0.000000	0.000000	0.000000	0.000000	0.000000	0.000000	0.000000
SRR8865596	0.175141	0.016102	0.049526	0.000000	0.000000	0.004931	0.000000	0.000000	0.000000	0.000000	0.000000	0.754301	0.000000	0.000000	0.000000	0.000000	0.000000	0.000000	0.000000
SRR8865597	0.006145	0.000000	0.531372	0.000000	0.055968	0.129149	0.000000	0.000000	0.000000	0.000000	0.000000	0.074414	0.000000	0.114393	0.016601	0.000000	0.000000	0.071958	0.000000
SRR8865592	0.007093	0.000000	0.731767	0.000950	0.000000	0.120075	0.000000	0.001421	0.000000	0.001131	0.000000	0.000000	0.046141	0.028643	0.032805	0.000000	0.000000	0.000000	0.029974
SRR8865593	0.009376	0.002902	0.335578	0.000000	0.000000	0.376134	0.002382	0.001721	0.000000	0.000000	0.000000	0.000000	0.000000	0.000000	0.013349	0.000000	0.000000	0.012818	0.245740
SRR8865584	0.035843	0.000000	0.424457	0.000000	0.000000	0.276176	0.000000	0.003516	0.000000	0.010539	0.022139	0.070624	0.000000	0.020025	0.136681	0.000000	0.000000	0.000000	0.000000
SRR8865585	0.000000	0.000000	0.791388	0.002051	0.002651	0.197279	0.000000	0.002771	0.000000	0.000000	0.000000	0.003861	0.000000	0.000000	0.000000	0.000000	0.000000	0.000000	0.000000
SRR8865586	0.001190	0.007742	0.374246	0.000000	0.000000	0.112386	0.003281	0.000000	0.000000	0.000000	0.000000	0.373276	0.000000	0.000000	0.127879	0.000000	0.000000	0.000000	0.000000
SRR8865587	0.189378	0.017993	0.044527	0.000000	0.000000	0.004511	0.000000	0.000000	0.000000	0.000000	0.000000	0.743592	0.000000	0.000000	0.000000	0.000000	0.000000	0.000000	0.000000
SRR8865588	0.010854	0.005202	0.216692	0.004642	0.000000	0.084148	0.000000	0.000000	0.000000	0.000000	0.000000	0.404433	0.000000	0.000000	0.274030	0.000000	0.000000	0.000000	0.000000
SRR8865589	0.000000	0.000000	0.593336	0.000000	0.000000	0.157418	0.000000	0.000000	0.000000	0.000000	0.000000	0.000000	0.000000	0.065589	0.106461	0.000000	0.000000	0.000000	0.077197
SRR8865590	0.001791	0.000000	0.900565	0.000000	0.000000	0.055010	0.000000	0.000000	0.000000	0.000000	0.002752	0.022692	0.000000	0.000000	0.014438	0.000000	0.002752	0.000000	0.000000
SRR8865591	0.000000	0.005933	0.788507	0.003291	0.012856	0.078004	0.000000	0.000000	0.000000	0.000000	0.000000	0.029663	0.005492	0.001871	0.042739	0.000000	0.000000	0.000000	0.031644
SRR8865582	0.009335	0.007332	0.684319	0.000000	0.020334	0.174328	0.000000	0.011669	0.000000	0.000000	0.000000	0.050003	0.018671	0.006671	0.009335	0.000000	0.000000	0.000000	0.008003
SRR8865583	0.000000	0.000000	0.682451	0.005365	0.000000	0.106944	0.000000	0.011620	0.032168	0.000000	0.000000	0.033960	0.000000	0.000000	0.017575	0.008638	0.000000	0.000000	0.101279
SRR8865577	0.018321	0.010463	0.241491	0.055324	0.000000	0.300192	0.000000	0.015324	0.000000	0.000000	0.011967	0.306166	0.000000	0.005983	0.027662	0.007106	0.000000	0.000000	0.000000
SRR8865576	0.002151	0.007015	0.941291	0.002151	0.002372	0.021825	0.005093	0.000000	0.000000	0.000000	0.000000	0.016401	0.000000	0.000000	0.001701	0.000000	0.000000	0.000000	0.000000
SRR8865579	0.000000	0.005353	0.657322	0.002731	0.010715	0.079269	0.000000	0.004282	0.000000	0.000000	0.000000	0.096307	0.003021	0.002821	0.051705	0.000000	0.000000	0.000000	0.086472
SRR8865578	0.012890	0.010056	0.680295	0.000000	0.019801	0.147443	0.000000	0.017608	0.000000	0.000000	0.000000	0.059734	0.018229	0.006600	0.011628	0.000000	0.000000	0.000000	0.015715
SRR8865573	0.000000	0.003734	0.683201	0.005866	0.000000	0.096263	0.000000	0.011202	0.024536	0.000000	0.000000	0.040003	0.000000	0.000000	0.017599	0.005596	0.000000	0.000000	0.112000
SRR8865572	0.000000	0.000000	0.603172	0.000000	0.000000	0.132129	0.000000	0.000000	0.000000	0.000000	0.000000	0.000000	0.005147	0.056632	0.100388	0.000000	0.000000	0.000000	0.102531
SRR8865575	0.000000	0.003652	0.784364	0.004032	0.012376	0.081860	0.000000	0.001921	0.000000	0.000000	0.000000	0.029845	0.005082	0.001821	0.041360	0.000000	0.000000	0.000000	0.033687
SRR8865574	0.002251	0.005963	0.941907	0.001461	0.002591	0.022062	0.003492	0.000000	0.000000	0.000000	0.000000	0.019141	0.000000	0.000000	0.001131	0.000000	0.000000	0.000000	0.000000
SRR8865581	0.000970	0.005353	0.652760	0.002721	0.009144	0.085882	0.000000	0.005153	0.000000	0.000000	0.000000	0.098438	0.003992	0.002431	0.053786	0.000000	0.000000	0.000000	0.079369
SRR8865580	0.022877	0.010457	0.207839	0.063073	0.000000	0.289872	0.005229	0.014053	0.000000	0.004577	0.013402	0.333984	0.000000	0.005559	0.024179	0.004898	0.000000	0.000000	0.000000
SRR5898912	0.000000	0.000000	0.924528	0.003541	0.000000	0.053522	0.000000	0.000000	0.000000	0.000000	0.000000	0.009204	0.000000	0.000000	0.009204	0.000000	0.000000	0.000000	0.000000
SRR5898911	0.006153	0.006823	0.651389	0.003172	0.000000	0.092395	0.000000	0.000000	0.000000	0.000000	0.000000	0.006343	0.208922	0.000000	0.024802	0.000000	0.000000	0.000000	0.000000
SRR5898910	0.007222	0.000000	0.797089	0.003981	0.002651	0.037751	0.000000	0.000000	0.000000	0.000000	0.000000	0.000000	0.003241	0.000000	0.148064	0.000000	0.000000	0.000000	0.000000
SRR5898909	0.001391	0.001591	0.756586	0.000000	0.019530	0.107615	0.002691	0.001791	0.000000	0.000000	0.000000	0.000000	0.001591	0.000000	0.107215	0.000000	0.000000	0.000000	0.000000
SRR5898908	0.010246	0.000000	0.794917	0.002561	0.000000	0.157887	0.000000	0.000000	0.000000	0.000000	0.000000	0.032378	0.000000	0.002011	0.000000	0.000000	0.000000	0.000000	0.000000
SRR5898920	0.034248	0.003594	0.536310	0.004695	0.000000	0.265122	0.005246	0.000000	0.000000	0.000000	0.000000	0.104395	0.000000	0.000000	0.046391	0.000000	0.000000	0.000000	0.000000
SRR5898921	0.104646	0.006498	0.470294	0.069043	0.000000	0.104165	0.020445	0.003604	0.000000	0.000000	0.000000	0.189798	0.000000	0.000000	0.019964	0.000000	0.000000	0.000000	0.011544
SRR5898922	0.029321	0.006112	0.646146	0.011464	0.000000	0.159591	0.000000	0.000000	0.000000	0.000000	0.000000	0.006012	0.000000	0.000000	0.141354	0.000000	0.000000	0.000000	0.000000
SRR5898923	0.003942	0.002951	0.821088	0.005712	0.000000	0.112515	0.009654	0.000000	0.000000	0.000000	0.000000	0.039606	0.000000	0.000000	0.004532	0.000000	0.000000	0.000000	0.000000
SRR5898924	0.003952	0.010425	0.867059	0.006153	0.003161	0.041049	0.000000	0.000000	0.000000	0.000000	0.000000	0.035046	0.000000	0.000000	0.033155	0.000000	0.000000	0.000000	0.000000
SRR5898925	0.000000	0.000000	0.979765	0.000000	0.000000	0.009923	0.000000	0.000000	0.000000	0.000000	0.000000	0.000000	0.000000	0.000000	0.010313	0.000000	0.000000	0.000000	0.000000
SRR5898926	0.002321	0.003971	0.821221	0.004141	0.000000	0.060750	0.000000	0.000000	0.000000	0.000000	0.000000	0.090380	0.000000	0.000000	0.017216	0.000000	0.000000	0.000000	0.000000
SRR5899017	0.084089	0.011295	0.513257	0.005868	0.000000	0.142115	0.008040	0.002393	0.000000	0.000000	0.000000	0.002824	0.014559	0.000000	0.215560	0.000000	0.000000	0.000000	0.000000
SRR5898966	0.004672	0.000000	0.936889	0.000000	0.000000	0.032206	0.000000	0.000000	0.000000	0.002091	0.000000	0.002571	0.000000	0.000000	0.021571	0.000000	0.000000	0.000000	0.000000
SRR5898984	0.009564	0.000000	0.844331	0.000000	0.000000	0.087213	0.000000	0.000000	0.000000	0.000000	0.000000	0.032592	0.000000	0.000000	0.026300	0.000000	0.000000	0.000000	0.000000
SRR5898985	0.031794	0.002542	0.661596	0.000000	0.022987	0.224508	0.015522	0.000000	0.000000	0.005074	0.000000	0.013730	0.015081	0.000000	0.005374	0.000000	0.000000	0.000000	0.001791
SRR5898986	0.006945	0.006804	0.815240	0.004583	0.000000	0.071757	0.000000	0.000000	0.000000	0.000000	0.000000	0.003142	0.000000	0.000000	0.091529	0.000000	0.000000	0.000000	0.000000
SRR5898987	0.046503	0.000000	0.660908	0.002022	0.004044	0.108800	0.004965	0.011761	0.000000	0.000000	0.000000	0.054400	0.007347	0.000000	0.076090	0.000000	0.000000	0.000000	0.023161
SRR5898980	0.075292	0.000000	0.681610	0.001911	0.000000	0.115059	0.000000	0.001371	0.000000	0.000000	0.000000	0.017492	0.000000	0.000000	0.085129	0.000000	0.000000	0.000000	0.022135
SRR5898981	0.002331	0.000000	0.380892	0.000000	0.000000	0.543407	0.000000	0.000000	0.000000	0.000000	0.000000	0.049240	0.000000	0.000000	0.024130	0.000000	0.000000	0.000000	0.000000
SRR5898982	0.000000	0.000000	0.808224	0.000000	0.000000	0.149558	0.000000	0.000000	0.000000	0.000000	0.000000	0.042218	0.000000	0.000000	0.000000	0.000000	0.000000	0.000000	0.000000
SRR5898983	0.075740	0.044432	0.018065	0.000000	0.000000	0.015714	0.000000	0.000000	0.000000	0.000000	0.000000	0.087373	0.000000	0.000000	0.758677	0.000000	0.000000	0.000000	0.000000
SRR5898978	0.004211	0.000000	0.436185	0.000000	0.004801	0.033728	0.003391	0.000000	0.000000	0.000000	0.000000	0.246609	0.000000	0.000000	0.271075	0.000000	0.000000	0.000000	0.000000
SRR5898979	0.006093	0.009265	0.819694	0.004232	0.000000	0.072018	0.000000	0.000000	0.000000	0.000000	0.000000	0.002381	0.000000	0.000000	0.086316	0.000000	0.000000	0.000000	0.000000
SRR5898954	0.006556	0.002342	0.676569	0.000000	0.081206	0.078403	0.000000	0.000000	0.000000	0.000000	0.000000	0.145796	0.002342	0.000000	0.006786	0.000000	0.000000	0.000000	0.000000
SRR5898950	0.069313	0.009929	0.569588	0.005885	0.000000	0.134582	0.004224	0.001842	0.000000	0.000000	0.000000	0.004044	0.016365	0.000000	0.184228	0.000000	0.000000	0.000000	0.000000
SRR5898948	0.010901	0.000000	0.935904	0.000000	0.000000	0.045995	0.000000	0.000000	0.000000	0.000000	0.000000	0.003300	0.000000	0.000000	0.002000	0.000000	0.000000	0.000000	0.001900
SRR5899005	0.000000	0.007917	0.781809	0.004604	0.000000	0.105687	0.000000	0.000000	0.000000	0.000000	0.000000	0.006446	0.003683	0.000000	0.027615	0.062237	0.000000	0.000000	0.000000
SRR5899007	0.000000	0.000000	0.904309	0.000000	0.001740	0.017762	0.000000	0.000000	0.000000	0.000000	0.000000	0.017552	0.000000	0.000000	0.058636	0.000000	0.000000	0.000000	0.000000
SRR5899006	0.002882	0.000000	0.855588	0.001761	0.003362	0.054435	0.000000	0.002081	0.000000	0.000000	0.000000	0.013929	0.005443	0.000000	0.060519	0.000000	0.000000	0.000000	0.000000
